id,stop_id,time_arrived,time_departed,break_duration,routeId,routeName
4855,18,2025-10-01 17:02:57.747939+00:00,2025-10-01 17:04:09.184819+00:00,71.43688,54551.0,REXL Route
4855,16,2025-10-01 17:06:47.710456+00:00,2025-10-01 17:06:56.554134+00:00,8.843678,54551.0,REXL Route
4855,12,2025-10-01 17:15:27.969026+00:00,2025-10-01 17:16:47.321855+00:00,79.352829,54551.0,REXL Route
4855,13,2025-10-01 17:17:31.477420+00:00,2025-10-01 17:19:16.498779+00:00,105.021359,54551.0,REXL Route
4855,17,2025-10-01 17:35:03.811622+00:00,2025-10-01 17:38:07.515208+00:00,183.703586,54551.0,REXL Route
4855,18,2025-10-01 17:39:18.082787+00:00,2025-10-01 17:40:37.457860+00:00,79.375073,54551.0,REXL Route
4855,16,2025-10-01 17:43:57.799210+00:00,2025-10-01 17:44:06.685564+00:00,8.886354,54551.0,REXL Route
4855,12,2025-10-01 17:56:14.389764+00:00,2025-10-01 17:58:25.534140+00:00,131.144376,54551.0,REXL Route
4855,13,2025-10-01 17:59:17.769493+00:00,2025-10-01 18:01:04.453599+00:00,106.684106,54551.0,REXL Route
4855,17,2025-10-01 18:15:37.248509+00:00,2025-10-01 18:20:36.639682+00:00,299.391173,54551.0,REXL Route
4855,18,2025-10-01 18:21:21.196418+00:00,2025-10-01 18:22:22.939860+00:00,61.743442,54551.0,REXL Route
4855,16,2025-10-01 18:25:09.136187+00:00,2025-10-01 18:25:18.076096+00:00,8.939909,54551.0,REXL Route
4855,12,2025-10-01 18:34:40.897019+00:00,2025-10-01 18:36:26.206477+00:00,105.309458,54551.0,REXL Route
4855,13,2025-10-01 18:37:27.851684+00:00,2025-10-01 18:39:49.711814+00:00,141.86013,54551.0,REXL Route
4855,17,2025-10-01 18:54:48.579867+00:00,2025-10-01 19:11:10.994838+00:00,982.414971,54551.0,REXL Route
4855,18,2025-10-01 19:11:55.332010+00:00,2025-10-01 19:12:22.176956+00:00,26.844946,54551.0,REXL Route
4855,16,2025-10-01 19:17:04.141279+00:00,2025-10-01 19:17:13.086964+00:00,8.945685,54551.0,REXL Route
4855,12,2025-10-01 19:26:59.990672+00:00,2025-10-01 19:28:36.207508+00:00,96.216836,54551.0,REXL Route
4855,13,2025-10-01 19:29:54.512069+00:00,2025-10-01 19:30:47.260365+00:00,52.748296,54551.0,REXL Route
4855,17,2025-10-01 19:58:43.889063+00:00,2025-10-01 20:01:53.412094+00:00,189.523031,54551.0,REXL Route
4855,18,2025-10-01 20:02:48.335003+00:00,2025-10-01 20:04:17.507515+00:00,89.172512,54551.0,REXL Route
4855,16,2025-10-01 20:07:15.905759+00:00,2025-10-01 20:07:24.766318+00:00,8.860559,54551.0,REXL Route
4855,12,2025-10-01 20:17:22.279151+00:00,2025-10-01 20:21:32.187541+00:00,249.90839,54551.0,REXL Route
4855,13,2025-10-01 20:22:26.473089+00:00,2025-10-01 20:37:23.568706+00:00,897.095617,54551.0,REXL Route
4855,17,2025-10-01 21:10:41.367337+00:00,2025-10-01 21:13:43.825365+00:00,182.458028,54551.0,REXL Route
4855,18,2025-10-01 21:14:53.449703+00:00,2025-10-01 21:15:54.467680+00:00,61.017977,54551.0,REXL Route
4855,16,2025-10-01 21:20:59.159620+00:00,2025-10-01 21:21:08.200444+00:00,9.040824,54551.0,REXL Route
4855,12,2025-10-01 21:32:22.958094+00:00,2025-10-01 21:34:42.467064+00:00,139.50897,54551.0,REXL Route
4855,13,2025-10-01 21:35:52.517197+00:00,2025-10-01 21:37:19.572088+00:00,87.054891,54551.0,REXL Route
4855,17,2025-10-01 22:05:51.324055+00:00,2025-10-01 22:10:15.814590+00:00,264.490535,54551.0,REXL Route
4855,18,2025-10-01 22:11:00.534220+00:00,2025-10-01 22:12:46.977462+00:00,106.443242,54551.0,REXL Route
4855,16,2025-10-01 22:16:08.672125+00:00,2025-10-01 22:16:17.589800+00:00,8.917675,54551.0,REXL Route
4855,12,2025-10-01 22:25:49.350750+00:00,2025-10-01 22:27:26.295608+00:00,96.944858,54551.0,REXL Route
4855,13,2025-10-01 22:29:37.774652+00:00,2025-10-01 22:42:13.384816+00:00,755.610164,54551.0,REXL Route
4855,17,2025-10-01 22:59:04.692644+00:00,2025-10-01 23:00:58.676424+00:00,113.98378,54551.0,REXL Route
4855,18,2025-10-01 23:02:00.211788+00:00,2025-10-01 23:02:26.884051+00:00,26.672263,54551.0,REXL Route
4855,16,2025-10-01 23:08:37.570890+00:00,2025-10-01 23:08:46.555877+00:00,8.984987,54551.0,REXL Route
4855,12,2025-10-01 23:21:20.568318+00:00,2025-10-01 23:24:07.733153+00:00,167.164835,54551.0,REXL Route
4855,13,2025-10-01 23:25:26.452220+00:00,2025-10-01 23:27:39.071966+00:00,132.619746,54551.0,REXL Route
4855,17,2025-10-01 23:44:14.522696+00:00,2025-10-01 23:46:01.599572+00:00,107.076876,54551.0,REXL Route
4855,18,2025-10-01 23:47:03.507597+00:00,2025-10-01 23:47:12.356518+00:00,8.848921,54551.0,REXL Route
4855,16,2025-10-01 23:55:23.229970+00:00,2025-10-01 23:55:32.066517+00:00,8.836547,54551.0,REXL Route
4855,12,2025-10-02 00:08:39.288688+00:00,2025-10-02 00:12:38.877759+00:00,239.589071,54551.0,REXL Route
4856,17,2025-10-01 11:28:23.878918+00:00,2025-10-01 11:28:32.534399+00:00,8.655481,54550.0,REXB Route
4856,18,2025-10-01 11:29:50.636673+00:00,2025-10-01 11:30:25.703585+00:00,35.066912,54550.0,REXB Route
4856,16,2025-10-01 11:33:01.610447+00:00,2025-10-01 11:33:10.330157+00:00,8.71971,54550.0,REXB Route
4856,6,2025-10-01 11:42:32.616696+00:00,2025-10-01 11:42:41.342455+00:00,8.725759,54550.0,REXB Route
4856,8,2025-10-01 11:44:01.036856+00:00,2025-10-01 11:44:18.382372+00:00,17.345516,54550.0,REXB Route
4856,7,2025-10-01 11:46:11.167459+00:00,2025-10-01 11:46:19.950735+00:00,8.783276,54550.0,REXB Route
4856,17,2025-10-01 11:56:18.188819+00:00,2025-10-01 11:56:53.132637+00:00,34.943818,54550.0,REXB Route
4856,18,2025-10-01 12:03:22.200183+00:00,2025-10-01 12:04:05.625846+00:00,43.425663,54550.0,REXB Route
4856,16,2025-10-01 12:08:35.831847+00:00,2025-10-01 12:08:44.516148+00:00,8.684301,54550.0,REXB Route
4856,6,2025-10-01 12:18:22.488916+00:00,2025-10-01 12:18:31.166233+00:00,8.677317,54550.0,REXB Route
4856,8,2025-10-01 12:20:14.302155+00:00,2025-10-01 12:20:31.685949+00:00,17.383794,54550.0,REXB Route
4856,7,2025-10-01 12:35:59.222833+00:00,2025-10-01 12:36:08.034461+00:00,8.811628,54550.0,REXB Route
4856,17,2025-10-01 12:45:41.022891+00:00,2025-10-01 12:46:24.688854+00:00,43.665963,54550.0,REXB Route
4856,18,2025-10-01 12:47:17.209316+00:00,2025-10-01 12:47:52.129759+00:00,34.920443,54550.0,REXB Route
4856,16,2025-10-01 12:50:44.807614+00:00,2025-10-01 12:50:53.645524+00:00,8.83791,54550.0,REXB Route
4856,6,2025-10-01 13:01:00.159435+00:00,2025-10-01 13:01:08.855555+00:00,8.69612,54550.0,REXB Route
4856,8,2025-10-01 13:02:43.858087+00:00,2025-10-01 13:03:53.112577+00:00,69.25449,54550.0,REXB Route
4856,7,2025-10-01 13:04:54.208714+00:00,2025-10-01 13:05:02.957345+00:00,8.748631,54550.0,REXB Route
4856,17,2025-10-01 13:14:27.299763+00:00,2025-10-01 13:15:02.092618+00:00,34.792855,54550.0,REXB Route
4856,18,2025-10-01 13:15:54.421723+00:00,2025-10-01 13:16:37.703887+00:00,43.282164,54550.0,REXB Route
4856,16,2025-10-01 13:19:49.030086+00:00,2025-10-01 13:19:57.906982+00:00,8.876896,54550.0,REXB Route
4856,6,2025-10-01 13:29:32.798503+00:00,2025-10-01 13:29:41.496582+00:00,8.698079,54550.0,REXB Route
4856,8,2025-10-01 13:30:59.515182+00:00,2025-10-01 13:31:17.067598+00:00,17.552416,54550.0,REXB Route
4856,7,2025-10-01 13:38:16.855549+00:00,2025-10-01 13:38:26.009385+00:00,9.153836,54550.0,REXB Route
4856,17,2025-10-01 13:48:19.039731+00:00,2025-10-01 13:49:47.100708+00:00,88.060977,54550.0,REXB Route
4856,18,2025-10-01 13:51:05.184807+00:00,2025-10-01 13:52:23.003547+00:00,77.81874,54550.0,REXB Route
4856,16,2025-10-01 13:54:59.005585+00:00,2025-10-01 13:55:07.847890+00:00,8.842305,54550.0,REXB Route
4856,6,2025-10-01 14:05:10.206328+00:00,2025-10-01 14:05:19.077171+00:00,8.870843,54550.0,REXB Route
4856,8,2025-10-01 14:07:29.153320+00:00,2025-10-01 14:07:55.213741+00:00,26.060421,54550.0,REXB Route
4856,7,2025-10-01 14:10:32.775022+00:00,2025-10-01 14:10:41.627028+00:00,8.852006,54550.0,REXB Route
4856,17,2025-10-01 14:19:51.411947+00:00,2025-10-01 14:21:18.626670+00:00,87.214723,54550.0,REXB Route
4856,18,2025-10-01 14:24:29.411490+00:00,2025-10-01 14:25:04.263309+00:00,34.851819,54550.0,REXB Route
4856,16,2025-10-01 14:27:32.926097+00:00,2025-10-01 14:27:41.808157+00:00,8.88206,54550.0,REXB Route
4856,6,2025-10-01 14:37:52.873483+00:00,2025-10-01 14:38:01.956950+00:00,9.083467,54550.0,REXB Route
4856,8,2025-10-01 14:39:20.304370+00:00,2025-10-01 14:39:37.892853+00:00,17.588483,54550.0,REXB Route
4856,7,2025-10-01 14:45:53.413276+00:00,2025-10-01 14:46:02.197631+00:00,8.784355,54550.0,REXB Route
4856,17,2025-10-01 14:56:05.941268+00:00,2025-10-01 15:03:57.837780+00:00,471.896512,54550.0,REXB Route
4856,18,2025-10-01 15:04:59.363593+00:00,2025-10-01 15:05:34.176774+00:00,34.813181,54550.0,REXB Route
4856,16,2025-10-01 15:09:20.560435+00:00,2025-10-01 15:09:29.425162+00:00,8.864727,54550.0,REXB Route
4856,6,2025-10-01 15:18:32.013006+00:00,2025-10-01 15:18:41.028643+00:00,9.015637,54550.0,REXB Route
4856,8,2025-10-01 15:20:00.014261+00:00,2025-10-01 15:20:17.854893+00:00,17.840632,54550.0,REXB Route
4856,7,2025-10-01 15:25:06.649867+00:00,2025-10-01 15:25:15.695317+00:00,9.04545,54550.0,REXB Route
4856,17,2025-10-01 15:35:02.587667+00:00,2025-10-01 15:35:37.936609+00:00,35.348942,54550.0,REXB Route
4856,18,2025-10-01 15:36:39.700831+00:00,2025-10-01 15:37:41.090606+00:00,61.389775,54550.0,REXB Route
4856,16,2025-10-01 15:41:10.912227+00:00,2025-10-01 15:41:19.780625+00:00,8.868398,54550.0,REXB Route
4856,6,2025-10-01 15:50:29.175310+00:00,2025-10-01 15:50:37.932865+00:00,8.757555,54550.0,REXB Route
4856,8,2025-10-01 15:52:57.398902+00:00,2025-10-01 15:56:01.651602+00:00,184.2527,54550.0,REXB Route
4856,7,2025-10-01 15:56:53.742911+00:00,2025-10-01 15:57:02.394818+00:00,8.651907,54550.0,REXB Route
4856,17,2025-10-01 16:06:58.006627+00:00,2025-10-01 16:08:00.108600+00:00,62.101973,54550.0,REXB Route
4856,18,2025-10-01 16:08:53.135538+00:00,2025-10-01 16:09:36.912353+00:00,43.776815,54550.0,REXB Route
4856,16,2025-10-01 16:12:23.195837+00:00,2025-10-01 16:12:32.180043+00:00,8.984206,54550.0,REXB Route
4856,6,2025-10-01 16:21:54.377389+00:00,2025-10-01 16:22:03.330196+00:00,8.952807,54550.0,REXB Route
4856,8,2025-10-01 16:23:30.227192+00:00,2025-10-01 16:28:27.621940+00:00,297.394748,54550.0,REXB Route
4856,7,2025-10-01 16:29:20.290770+00:00,2025-10-01 16:29:29.015353+00:00,8.724583,54550.0,REXB Route
4856,17,2025-10-01 16:39:25.427439+00:00,2025-10-01 16:42:02.587392+00:00,157.159953,54550.0,REXB Route
4856,18,2025-10-01 16:53:00.223320+00:00,2025-10-01 16:53:35.489373+00:00,35.266053,54550.0,REXB Route
4856,16,2025-10-01 16:57:24.349368+00:00,2025-10-01 16:57:33.263937+00:00,8.914569,54550.0,REXB Route
4856,6,2025-10-01 17:07:14.294336+00:00,2025-10-01 17:07:23.024776+00:00,8.73044,54550.0,REXB Route
4856,8,2025-10-01 17:09:17.266281+00:00,2025-10-01 17:09:34.756445+00:00,17.490164,54550.0,REXB Route
4856,7,2025-10-01 17:11:37.910796+00:00,2025-10-01 17:11:46.978025+00:00,9.067229,54550.0,REXB Route
4856,17,2025-10-01 17:21:55.335997+00:00,2025-10-01 17:24:33.393987+00:00,158.05799,54550.0,REXB Route
4856,18,2025-10-01 17:25:34.495696+00:00,2025-10-01 17:26:35.999665+00:00,61.503969,54550.0,REXB Route
4856,16,2025-10-01 17:29:04.980431+00:00,2025-10-01 17:29:13.799327+00:00,8.818896,54550.0,REXB Route
4856,6,2025-10-01 17:37:58.563023+00:00,2025-10-01 17:38:07.609501+00:00,9.046478,54550.0,REXB Route
4856,8,2025-10-01 17:40:02.069706+00:00,2025-10-01 17:40:28.491612+00:00,26.421906,54550.0,REXB Route
4856,7,2025-10-01 17:46:54.201378+00:00,2025-10-01 17:47:03.231122+00:00,9.029744,54550.0,REXB Route
4856,17,2025-10-01 18:01:13.100197+00:00,2025-10-01 18:02:06.213760+00:00,53.113563,54550.0,REXB Route
4856,18,2025-10-01 18:03:36.024062+00:00,2025-10-01 18:04:39.732399+00:00,63.708337,54550.0,REXB Route
4856,16,2025-10-01 18:08:13.377013+00:00,2025-10-01 18:08:22.454429+00:00,9.077416,54550.0,REXB Route
4856,6,2025-10-01 18:17:49.293799+00:00,2025-10-01 18:17:58.270096+00:00,8.976297,54550.0,REXB Route
4856,8,2025-10-01 18:19:17.209465+00:00,2025-10-01 18:24:42.511708+00:00,325.302243,54550.0,REXB Route
4856,7,2025-10-01 18:25:35.282088+00:00,2025-10-01 18:25:44.254456+00:00,8.972368,54550.0,REXB Route
4856,17,2025-10-01 18:35:07.251501+00:00,2025-10-01 18:35:59.992908+00:00,52.741407,54550.0,REXB Route
4856,18,2025-10-01 18:36:52.628687+00:00,2025-10-01 18:37:27.991475+00:00,35.362788,54550.0,REXB Route
4856,16,2025-10-01 18:39:40.625901+00:00,2025-10-01 18:39:49.804015+00:00,9.178114,54550.0,REXB Route
4856,6,2025-10-01 18:48:38.924600+00:00,2025-10-01 18:48:47.696269+00:00,8.771669,54550.0,REXB Route
4856,8,2025-10-01 18:50:15.759345+00:00,2025-10-01 18:50:33.607877+00:00,17.848532,54550.0,REXB Route
4856,7,2025-10-01 18:53:55.940731+00:00,2025-10-01 18:54:04.866835+00:00,8.926104,54550.0,REXB Route
4856,17,2025-10-01 19:06:26.791487+00:00,2025-10-01 19:11:19.933305+00:00,293.141818,54550.0,REXB Route
4856,18,2025-10-01 19:17:21.796779+00:00,2025-10-01 19:18:14.657958+00:00,52.861179,54550.0,REXB Route
4856,16,2025-10-01 19:22:28.111050+00:00,2025-10-01 19:22:37.106517+00:00,8.995467,54550.0,REXB Route
4856,6,2025-10-01 19:31:48.492387+00:00,2025-10-01 19:31:57.381140+00:00,8.888753,54550.0,REXB Route
4856,8,2025-10-01 19:33:51.153960+00:00,2025-10-01 19:34:09.044003+00:00,17.890043,54550.0,REXB Route
4856,7,2025-10-01 19:40:36.807836+00:00,2025-10-01 19:40:45.711463+00:00,8.903627,54550.0,REXB Route
4856,17,2025-10-01 20:08:26.942000+00:00,2025-10-01 20:12:55.269866+00:00,268.327866,54550.0,REXB Route
4856,18,2025-10-01 20:16:28.795114+00:00,2025-10-01 20:17:39.779733+00:00,70.984619,54550.0,REXB Route
4856,16,2025-10-01 20:21:41.344836+00:00,2025-10-01 20:21:50.297818+00:00,8.952982,54550.0,REXB Route
4856,6,2025-10-01 20:30:23.591992+00:00,2025-10-01 20:30:32.445975+00:00,8.853983,54550.0,REXB Route
4856,8,2025-10-01 20:31:50.981822+00:00,2025-10-01 20:32:08.843531+00:00,17.861709,54550.0,REXB Route
4856,7,2025-10-01 20:34:54.670189+00:00,2025-10-01 20:35:03.693187+00:00,9.022998,54550.0,REXB Route
4856,17,2025-10-01 21:06:43.744950+00:00,2025-10-01 21:07:36.731756+00:00,52.986806,54550.0,REXB Route
4856,18,2025-10-01 21:09:05.170741+00:00,2025-10-01 21:09:57.674543+00:00,52.503802,54550.0,REXB Route
4856,16,2025-10-01 21:13:35.038019+00:00,2025-10-01 21:13:43.884511+00:00,8.846492,54550.0,REXB Route
4856,6,2025-10-01 21:24:30.698686+00:00,2025-10-01 21:24:39.652537+00:00,8.953851,54550.0,REXB Route
4856,8,2025-10-01 21:26:41.663757+00:00,2025-10-01 21:27:25.328052+00:00,43.664295,54550.0,REXB Route
4856,7,2025-10-01 21:30:46.280052+00:00,2025-10-01 21:30:55.029206+00:00,8.749154,54550.0,REXB Route
4856,17,2025-10-01 22:03:56.512024+00:00,2025-10-01 22:04:49.461479+00:00,52.949455,54550.0,REXB Route
4856,18,2025-10-01 22:05:51.403880+00:00,2025-10-01 22:07:01.789035+00:00,70.385155,54550.0,REXB Route
4856,16,2025-10-01 22:10:24.959648+00:00,2025-10-01 22:10:33.734392+00:00,8.774744,54550.0,REXB Route
4856,6,2025-10-01 22:20:15.050934+00:00,2025-10-01 22:20:23.896350+00:00,8.845416,54550.0,REXB Route
4856,8,2025-10-01 22:21:43.160781+00:00,2025-10-01 22:22:00.927856+00:00,17.767075,54550.0,REXB Route
4856,7,2025-10-01 22:32:16.850136+00:00,2025-10-01 22:32:25.634030+00:00,8.783894,54550.0,REXB Route
4856,17,2025-10-01 22:50:07.810290+00:00,2025-10-01 22:51:09.876818+00:00,62.066528,54550.0,REXB Route
4856,18,2025-10-01 22:52:11.115034+00:00,2025-10-01 22:52:54.914176+00:00,43.799142,54550.0,REXB Route
4856,16,2025-10-01 22:57:00.818222+00:00,2025-10-01 22:57:09.914488+00:00,9.096266,54550.0,REXB Route
4856,6,2025-10-01 23:07:00.307297+00:00,2025-10-01 23:07:09.212953+00:00,8.905656,54550.0,REXB Route
4856,8,2025-10-01 23:09:12.429362+00:00,2025-10-01 23:09:39.121587+00:00,26.692225,54550.0,REXB Route
4856,7,2025-10-01 23:13:44.766547+00:00,2025-10-01 23:13:53.810137+00:00,9.04359,54550.0,REXB Route
4856,17,2025-10-01 23:30:52.153602+00:00,2025-10-01 23:31:54.468081+00:00,62.314479,54550.0,REXB Route
4856,18,2025-10-01 23:32:37.972638+00:00,2025-10-01 23:33:30.990601+00:00,53.017963,54550.0,REXB Route
4856,16,2025-10-01 23:36:11.344762+00:00,2025-10-01 23:36:20.295374+00:00,8.950612,54550.0,REXB Route
4856,6,2025-10-01 23:45:43.555150+00:00,2025-10-01 23:45:52.559993+00:00,9.004843,54550.0,REXB Route
4856,8,2025-10-01 23:47:29.668389+00:00,2025-10-01 23:47:47.368503+00:00,17.700114,54550.0,REXB Route
4856,7,2025-10-01 23:50:16.424463+00:00,2025-10-01 23:50:25.251425+00:00,8.826962,54550.0,REXB Route
4856,17,2025-10-02 00:00:46.883163+00:00,2025-10-02 00:01:13.193433+00:00,26.31027,54550.0,REXB Route
4856,18,2025-10-02 00:02:49.085714+00:00,2025-10-02 00:03:41.991796+00:00,52.906082,54550.0,REXB Route
4856,16,2025-10-02 00:05:39.641834+00:00,2025-10-02 00:05:48.743516+00:00,9.101682,54550.0,REXB Route
4857,17,2025-10-01 11:01:31.003141+00:00,2025-10-01 11:02:05.228292+00:00,34.225151,54541.0,B Route
4857,18,2025-10-01 11:02:47.934400+00:00,2025-10-01 11:03:30.561184+00:00,42.626784,54541.0,B Route
4857,16,2025-10-01 11:05:22.170754+00:00,2025-10-01 11:05:30.926325+00:00,8.755571,54541.0,B Route
4857,6,2025-10-01 11:15:08.156330+00:00,2025-10-01 11:15:16.980937+00:00,8.824607,54541.0,B Route
4857,8,2025-10-01 11:16:17.153474+00:00,2025-10-01 11:16:34.540197+00:00,17.386723,54541.0,B Route
4857,7,2025-10-01 11:20:53.407587+00:00,2025-10-01 11:21:02.068546+00:00,8.660959,54541.0,B Route
4857,17,2025-10-01 11:30:16.981930+00:00,2025-10-01 11:31:08.827536+00:00,51.845606,54541.0,B Route
4857,18,2025-10-01 11:31:52.175432+00:00,2025-10-01 11:32:44.260366+00:00,52.084934,54541.0,B Route
4857,16,2025-10-01 11:36:54.841078+00:00,2025-10-01 11:37:03.654410+00:00,8.813332,54541.0,B Route
4857,6,2025-10-01 11:47:46.709485+00:00,2025-10-01 11:47:55.458084+00:00,8.748599,54541.0,B Route
4857,8,2025-10-01 11:49:04.044095+00:00,2025-10-01 11:49:21.475042+00:00,17.430947,54541.0,B Route
4857,7,2025-10-01 11:55:16.781076+00:00,2025-10-01 11:55:25.613526+00:00,8.83245,54541.0,B Route
4857,17,2025-10-01 12:05:33.634254+00:00,2025-10-01 12:06:25.915337+00:00,52.281083,54541.0,B Route
4857,18,2025-10-01 12:07:26.410883+00:00,2025-10-01 12:08:01.251791+00:00,34.840908,54541.0,B Route
4857,16,2025-10-01 12:10:54.259671+00:00,2025-10-01 12:11:02.984731+00:00,8.72506,54541.0,B Route
4857,6,2025-10-01 12:23:42.285448+00:00,2025-10-01 12:23:50.956910+00:00,8.671462,54541.0,B Route
4857,8,2025-10-01 12:24:51.917954+00:00,2025-10-01 12:25:18.365685+00:00,26.447731,54541.0,B Route
4857,7,2025-10-01 12:30:21.386361+00:00,2025-10-01 12:30:30.204346+00:00,8.817985,54541.0,B Route
4857,17,2025-10-01 12:41:55.320079+00:00,2025-10-01 12:42:38.898501+00:00,43.578422,54541.0,B Route
4857,18,2025-10-01 12:43:31.095395+00:00,2025-10-01 12:44:05.860530+00:00,34.765135,54541.0,B Route
4857,16,2025-10-01 12:47:26.172512+00:00,2025-10-01 12:47:34.836585+00:00,8.664073,54541.0,B Route
4857,6,2025-10-01 12:57:32.154140+00:00,2025-10-01 12:57:40.861439+00:00,8.707299,54541.0,B Route
4857,8,2025-10-01 12:58:59.067005+00:00,2025-10-01 12:59:16.295222+00:00,17.228217,54541.0,B Route
4857,7,2025-10-01 13:09:41.354455+00:00,2025-10-01 13:09:50.055937+00:00,8.701482,54541.0,B Route
4857,17,2025-10-01 13:18:22.018136+00:00,2025-10-01 13:20:24.289040+00:00,122.270904,54541.0,B Route
4857,18,2025-10-01 13:21:07.486139+00:00,2025-10-01 13:21:42.346499+00:00,34.86036,54541.0,B Route
4857,16,2025-10-01 13:25:11.562712+00:00,2025-10-01 13:25:20.305359+00:00,8.742647,54541.0,B Route
4857,6,2025-10-01 13:33:10.501476+00:00,2025-10-01 13:33:19.419647+00:00,8.918171,54541.0,B Route
4857,8,2025-10-01 13:34:30.110378+00:00,2025-10-01 13:44:58.962474+00:00,628.852096,54541.0,B Route
4857,7,2025-10-01 13:45:50.764645+00:00,2025-10-01 13:45:59.526347+00:00,8.761702,54541.0,B Route
4857,17,2025-10-01 13:55:33.949732+00:00,2025-10-01 13:56:43.963047+00:00,70.013315,54541.0,B Route
4857,18,2025-10-01 13:57:18.542170+00:00,2025-10-01 13:58:11.009858+00:00,52.467688,54541.0,B Route
4857,16,2025-10-01 14:00:46.938996+00:00,2025-10-01 14:00:55.902080+00:00,8.963084,54541.0,B Route
4857,6,2025-10-01 14:09:31.951196+00:00,2025-10-01 14:09:40.748458+00:00,8.797262,54541.0,B Route
4857,8,2025-10-01 14:11:16.115188+00:00,2025-10-01 14:11:51.417581+00:00,35.302393,54541.0,B Route
4857,7,2025-10-01 14:16:30.596016+00:00,2025-10-01 14:16:39.437841+00:00,8.841825,54541.0,B Route
4857,17,2025-10-01 14:27:06.648193+00:00,2025-10-01 14:29:17.666670+00:00,131.018477,54541.0,B Route
4857,18,2025-10-01 14:30:01.017360+00:00,2025-10-01 14:30:44.672262+00:00,43.654902,54541.0,B Route
4857,16,2025-10-01 14:34:13.963169+00:00,2025-10-01 14:34:23.093632+00:00,9.130463,54541.0,B Route
4857,6,2025-10-01 14:43:41.993995+00:00,2025-10-01 14:43:50.793148+00:00,8.799153,54541.0,B Route
4857,8,2025-10-01 14:45:18.139655+00:00,2025-10-01 14:45:44.691269+00:00,26.551614,54541.0,B Route
4857,7,2025-10-01 14:54:29.436098+00:00,2025-10-01 14:54:38.659498+00:00,9.2234,54541.0,B Route
4857,17,2025-10-01 15:04:24.073744+00:00,2025-10-01 15:06:17.958807+00:00,113.885063,54541.0,B Route
4857,18,2025-10-01 15:07:10.141460+00:00,2025-10-01 15:07:45.198732+00:00,35.057272,54541.0,B Route
4857,16,2025-10-01 15:11:22.611900+00:00,2025-10-01 15:11:31.492651+00:00,8.880751,54541.0,B Route
4857,6,2025-10-01 15:22:12.236312+00:00,2025-10-01 15:22:21.156699+00:00,8.920387,54541.0,B Route
4857,8,2025-10-01 15:23:48.403525+00:00,2025-10-01 15:31:50.082931+00:00,481.679406,54541.0,B Route
4857,7,2025-10-01 15:32:42.918995+00:00,2025-10-01 15:32:51.709810+00:00,8.790815,54541.0,B Route
4857,17,2025-10-01 15:42:20.577641+00:00,2025-10-01 15:43:13.142657+00:00,52.565016,54541.0,B Route
4857,18,2025-10-01 15:43:56.919241+00:00,2025-10-01 15:44:40.228443+00:00,43.309202,54541.0,B Route
4857,16,2025-10-01 15:48:27.068984+00:00,2025-10-01 15:48:35.871201+00:00,8.802217,54541.0,B Route
4857,6,2025-10-01 15:57:02.395842+00:00,2025-10-01 15:57:11.233493+00:00,8.837651,54541.0,B Route
4857,8,2025-10-01 15:59:05.197415+00:00,2025-10-01 15:59:22.818815+00:00,17.6214,54541.0,B Route
4857,7,2025-10-01 16:02:43.389501+00:00,2025-10-01 16:02:52.351969+00:00,8.962468,54541.0,B Route
4857,17,2025-10-01 16:12:49.889145+00:00,2025-10-01 16:14:26.593138+00:00,96.703993,54541.0,B Route
4857,18,2025-10-01 16:15:10.267600+00:00,2025-10-01 16:16:03.127210+00:00,52.85961,54541.0,B Route
4857,16,2025-10-01 16:19:42.635998+00:00,2025-10-01 16:19:51.523089+00:00,8.887091,54541.0,B Route
4857,6,2025-10-01 16:28:53.844156+00:00,2025-10-01 16:29:02.796125+00:00,8.951969,54541.0,B Route
4857,8,2025-10-01 16:30:12.704951+00:00,2025-10-01 16:30:30.325680+00:00,17.620729,54541.0,B Route
4857,7,2025-10-01 16:41:44.999141+00:00,2025-10-01 16:41:53.783948+00:00,8.784807,54541.0,B Route
4857,17,2025-10-01 16:52:33.983472+00:00,2025-10-01 16:53:00.403647+00:00,26.420175,54541.0,B Route
4857,18,2025-10-01 16:56:40.543340+00:00,2025-10-01 16:57:06.905136+00:00,26.361796,54541.0,B Route
4857,16,2025-10-01 17:01:12.789755+00:00,2025-10-01 17:01:21.638036+00:00,8.848281,54541.0,B Route
4857,6,2025-10-01 17:10:18.248004+00:00,2025-10-01 17:10:27.077255+00:00,8.829251,54541.0,B Route
4857,8,2025-10-01 17:11:55.639974+00:00,2025-10-01 17:12:04.576398+00:00,8.936424,54541.0,B Route
4857,7,2025-10-01 17:18:41.037719+00:00,2025-10-01 17:18:49.852800+00:00,8.815081,54541.0,B Route
4857,17,2025-10-01 17:29:13.801900+00:00,2025-10-01 17:30:15.791345+00:00,61.989445,54541.0,B Route
4857,18,2025-10-01 17:32:09.617690+00:00,2025-10-01 17:33:01.970936+00:00,52.353246,54541.0,B Route
4857,16,2025-10-01 17:36:30.808612+00:00,2025-10-01 17:36:39.806651+00:00,8.998039,54541.0,B Route
4857,6,2025-10-01 17:45:52.222997+00:00,2025-10-01 17:46:01.116108+00:00,8.893111,54541.0,B Route
4857,8,2025-10-01 17:47:46.843576+00:00,2025-10-01 17:48:13.448583+00:00,26.605007,54541.0,B Route
4857,7,2025-10-01 17:52:43.722301+00:00,2025-10-01 17:52:52.504349+00:00,8.782048,54541.0,B Route
4857,17,2025-10-01 18:04:57.647623+00:00,2025-10-01 18:05:24.243938+00:00,26.596315,54541.0,B Route
4857,18,2025-10-01 18:07:02.699027+00:00,2025-10-01 18:07:38.336590+00:00,35.637563,54541.0,B Route
4857,16,2025-10-01 18:10:17.376596+00:00,2025-10-01 18:10:26.408526+00:00,9.03193,54541.0,B Route
4857,6,2025-10-01 18:20:54.335086+00:00,2025-10-01 18:21:03.309027+00:00,8.973941,54541.0,B Route
4857,8,2025-10-01 18:22:14.175228+00:00,2025-10-01 18:22:31.869259+00:00,17.694031,54541.0,B Route
4857,7,2025-10-01 18:33:12.684424+00:00,2025-10-01 18:33:21.755872+00:00,9.071448,54541.0,B Route
4857,18,2025-10-01 18:49:05.201927+00:00,2025-10-01 18:49:58.208041+00:00,53.006114,54541.0,B Route
4857,16,2025-10-01 18:52:54.401097+00:00,2025-10-01 18:53:03.414267+00:00,9.01317,54541.0,B Route
4857,6,2025-10-01 19:04:31.836040+00:00,2025-10-01 19:04:40.764957+00:00,8.928917,54541.0,B Route
4857,8,2025-10-01 19:06:17.919172+00:00,2025-10-01 19:14:07.704620+00:00,469.785448,54541.0,B Route
4857,7,2025-10-01 19:15:00.851077+00:00,2025-10-01 19:15:10.101478+00:00,9.250401,54541.0,B Route
4857,17,2025-10-01 19:36:11.985265+00:00,2025-10-01 19:41:46.824510+00:00,334.839245,54541.0,B Route
4857,18,2025-10-01 19:42:39.617713+00:00,2025-10-01 19:43:50.207603+00:00,70.58989,54541.0,B Route
4857,16,2025-10-01 19:47:03.073067+00:00,2025-10-01 19:47:11.736213+00:00,8.663146,54541.0,B Route
4857,6,2025-10-01 19:57:24.854030+00:00,2025-10-01 19:57:33.830897+00:00,8.976867,54541.0,B Route
4857,8,2025-10-01 20:00:04.156394+00:00,2025-10-01 20:00:22.123675+00:00,17.967281,54541.0,B Route
4857,7,2025-10-01 20:05:19.750432+00:00,2025-10-01 20:05:28.786553+00:00,9.036121,54541.0,B Route
4857,17,2025-10-01 20:28:55.854684+00:00,2025-10-01 20:30:32.522599+00:00,96.667915,54541.0,B Route
4857,18,2025-10-01 20:31:24.849817+00:00,2025-10-01 20:41:10.531701+00:00,585.681884,54541.0,B Route
4857,16,2025-10-01 20:43:57.803107+00:00,2025-10-01 20:44:06.808206+00:00,9.005099,54541.0,B Route
4857,6,2025-10-01 20:53:18.552048+00:00,2025-10-01 20:53:27.467269+00:00,8.915221,54541.0,B Route
4857,8,2025-10-01 20:54:28.952493+00:00,2025-10-01 21:07:27.830721+00:00,778.878228,54541.0,B Route
4857,7,2025-10-01 21:08:12.173496+00:00,2025-10-01 21:08:21.140173+00:00,8.966677,54541.0,B Route
4857,17,2025-10-01 21:40:31.308231+00:00,2025-10-01 21:41:49.816071+00:00,78.50784,54541.0,B Route
4857,18,2025-10-01 21:42:33.204054+00:00,2025-10-01 21:44:08.554939+00:00,95.350885,54541.0,B Route
4857,16,2025-10-01 21:48:46.751111+00:00,2025-10-01 21:48:55.578308+00:00,8.827197,54541.0,B Route
4857,6,2025-10-01 21:58:41.380542+00:00,2025-10-01 21:58:50.106972+00:00,8.72643,54541.0,B Route
4857,8,2025-10-01 22:00:08.414702+00:00,2025-10-01 22:00:17.197863+00:00,8.783161,54541.0,B Route
4857,7,2025-10-01 22:07:36.669741+00:00,2025-10-01 22:07:45.702717+00:00,9.032976,54541.0,B Route
4857,17,2025-10-01 22:28:19.045703+00:00,2025-10-01 22:33:35.873551+00:00,316.827848,54541.0,B Route
4857,18,2025-10-01 22:34:28.308639+00:00,2025-10-01 22:37:41.364636+00:00,193.055997,54541.0,B Route
4857,16,2025-10-01 22:40:27.909506+00:00,2025-10-01 22:40:36.808998+00:00,8.899492,54541.0,B Route
4857,6,2025-10-01 22:48:21.578125+00:00,2025-10-01 22:48:30.845018+00:00,9.266893,54541.0,B Route
4857,8,2025-10-01 22:49:59.112612+00:00,2025-10-01 22:50:17.010732+00:00,17.89812,54541.0,B Route
4857,7,2025-10-01 22:52:46.145035+00:00,2025-10-01 22:52:54.972676+00:00,8.827641,54541.0,B Route
4857,17,2025-10-01 23:05:05.099383+00:00,2025-10-01 23:06:16.063683+00:00,70.9643,54541.0,B Route
4857,18,2025-10-01 23:07:09.215188+00:00,2025-10-01 23:08:28.901294+00:00,79.686106,54541.0,B Route
4857,16,2025-10-01 23:11:59.713429+00:00,2025-10-01 23:12:08.574860+00:00,8.861431,54541.0,B Route
4857,6,2025-10-01 23:22:40.081684+00:00,2025-10-01 23:22:48.832063+00:00,8.750379,54541.0,B Route
4857,8,2025-10-01 23:24:33.635708+00:00,2025-10-01 23:24:51.304136+00:00,17.668428,54541.0,B Route
4857,7,2025-10-01 23:29:41.827915+00:00,2025-10-01 23:29:50.748852+00:00,8.920937,54541.0,B Route
4857,17,2025-10-01 23:43:30.859774+00:00,2025-10-01 23:44:23.811452+00:00,52.951678,54541.0,B Route
4857,18,2025-10-01 23:45:08.490348+00:00,2025-10-01 23:48:30.907039+00:00,202.416691,54541.0,B Route
4857,16,2025-10-01 23:51:26.977673+00:00,2025-10-01 23:51:35.935191+00:00,8.957518,54541.0,B Route
4857,6,2025-10-01 23:59:53.648807+00:00,2025-10-02 00:00:02.684946+00:00,9.036139,54541.0,B Route
4857,8,2025-10-02 00:01:39.352928+00:00,2025-10-02 00:01:56.653463+00:00,17.300535,54541.0,B Route
4857,7,2025-10-02 00:07:45.087230+00:00,2025-10-02 00:07:54.135945+00:00,9.048715,54541.0,B Route
4866,13,2025-10-01 16:33:16.563846+00:00,2025-10-01 16:34:35.492394+00:00,78.928548,55368.0,H Route
4866,14,2025-10-01 16:36:21.939475+00:00,2025-10-01 16:36:57.044095+00:00,35.10462,55368.0,H Route
4866,1,2025-10-01 16:44:23.759129+00:00,2025-10-01 16:47:19.649311+00:00,175.890182,55368.0,H Route
4866,2,2025-10-01 16:48:55.272448+00:00,2025-10-01 16:50:13.931345+00:00,78.658897,55368.0,H Route
4866,3,2025-10-01 16:53:26.494182+00:00,2025-10-01 16:54:19.394957+00:00,52.900775,55368.0,H Route
4866,12,2025-10-01 17:00:11.480650+00:00,2025-10-01 17:01:21.693994+00:00,70.213344,55368.0,H Route
4866,13,2025-10-01 17:02:22.515426+00:00,2025-10-01 17:04:26.507451+00:00,123.992025,55368.0,H Route
4866,14,2025-10-01 17:06:21.097652+00:00,2025-10-01 17:07:23.105262+00:00,62.00761,55368.0,H Route
4866,1,2025-10-01 17:15:28.065616+00:00,2025-10-01 17:17:13.907704+00:00,105.842088,55368.0,H Route
4866,2,2025-10-01 17:19:07.567514+00:00,2025-10-01 17:20:26.741889+00:00,79.174375,55368.0,H Route
4866,3,2025-10-01 17:25:08.163371+00:00,2025-10-01 17:26:36.071213+00:00,87.907842,55368.0,H Route
4866,12,2025-10-01 17:33:01.972558+00:00,2025-10-01 17:36:04.822083+00:00,182.849525,55368.0,H Route
4866,13,2025-10-01 17:37:14.743724+00:00,2025-10-01 17:39:18.237907+00:00,123.494183,55368.0,H Route
4866,14,2025-10-01 17:41:47.321258+00:00,2025-10-01 17:42:48.419097+00:00,61.097839,55368.0,H Route
4866,1,2025-10-01 17:51:34.751811+00:00,2025-10-01 17:53:45.767361+00:00,131.01555,55368.0,H Route
4866,2,2025-10-01 17:56:49.325108+00:00,2025-10-01 17:58:16.764514+00:00,87.439406,55368.0,H Route
4866,3,2025-10-01 18:01:39.357262+00:00,2025-10-01 18:02:51.263426+00:00,71.906164,55368.0,H Route
4866,12,2025-10-01 18:08:04.601491+00:00,2025-10-01 18:09:51.048820+00:00,106.447329,55368.0,H Route
4866,13,2025-10-01 18:10:52.750649+00:00,2025-10-01 18:19:43.917717+00:00,531.167068,55368.0,H Route
4866,14,2025-10-01 18:21:38.989233+00:00,2025-10-01 18:22:14.312138+00:00,35.322905,55368.0,H Route
4866,1,2025-10-01 18:30:25.211918+00:00,2025-10-01 18:31:44.696998+00:00,79.48508,55368.0,H Route
4866,2,2025-10-01 18:35:42.338990+00:00,2025-10-01 18:36:52.789210+00:00,70.45022,55368.0,H Route
4866,3,2025-10-01 18:40:08.010643+00:00,2025-10-01 18:41:09.553951+00:00,61.543308,55368.0,H Route
4866,13,2025-10-01 18:48:29.916405+00:00,2025-10-01 18:50:15.933773+00:00,106.017368,55368.0,H Route
4866,14,2025-10-01 18:52:54.484825+00:00,2025-10-01 18:53:56.102488+00:00,61.617663,55368.0,H Route
4866,1,2025-10-01 19:02:19.146294+00:00,2025-10-01 19:04:49.787860+00:00,150.641566,55368.0,H Route
4866,2,2025-10-01 19:06:35.617767+00:00,2025-10-01 19:07:46.387454+00:00,70.769687,55368.0,H Route
4866,3,2025-10-01 19:11:28.818731+00:00,2025-10-01 19:12:39.748591+00:00,70.92986,55368.0,H Route
4866,12,2025-10-01 19:19:07.437058+00:00,2025-10-01 19:19:24.937568+00:00,17.50051,55368.0,H Route
4866,13,2025-10-01 19:20:52.499939+00:00,2025-10-01 19:22:37.192745+00:00,104.692806,55368.0,H Route
4866,14,2025-10-01 19:24:48.081462+00:00,2025-10-01 19:25:49.958411+00:00,61.876949,55368.0,H Route
4866,1,2025-10-01 19:38:59.402812+00:00,2025-10-01 19:40:54.525957+00:00,115.123145,55368.0,H Route
4866,2,2025-10-01 19:43:14.804247+00:00,2025-10-01 19:43:58.986163+00:00,44.181916,55368.0,H Route
4866,3,2025-10-01 19:54:11.664858+00:00,2025-10-01 19:55:48.502223+00:00,96.837365,55368.0,H Route
4866,12,2025-10-01 20:01:43.620803+00:00,2025-10-01 20:02:48.499896+00:00,64.879093,55368.0,H Route
4866,13,2025-10-01 20:03:41.767680+00:00,2025-10-01 20:05:01.861816+00:00,80.094136,55368.0,H Route
4866,14,2025-10-01 20:06:48.733874+00:00,2025-10-01 20:07:24.817239+00:00,36.083365,55368.0,H Route
4866,1,2025-10-01 20:16:37.918048+00:00,2025-10-01 20:18:06.471841+00:00,88.553793,55368.0,H Route
4866,2,2025-10-01 20:19:45.029077+00:00,2025-10-01 20:20:21.832761+00:00,36.803684,55368.0,H Route
4866,3,2025-10-01 20:26:00.417331+00:00,2025-10-01 20:27:01.794881+00:00,61.37755,55368.0,H Route
4866,12,2025-10-01 20:33:01.148653+00:00,2025-10-01 20:33:44.687198+00:00,43.538545,55368.0,H Route
4866,13,2025-10-01 20:34:37.215191+00:00,2025-10-01 20:46:44.883131+00:00,727.66794,55368.0,H Route
4866,14,2025-10-01 20:48:47.318104+00:00,2025-10-01 20:49:22.338631+00:00,35.020527,55368.0,H Route
4866,1,2025-10-01 21:01:44.720674+00:00,2025-10-01 21:03:11.977534+00:00,87.25686,55368.0,H Route
4866,2,2025-10-01 21:05:05.504814+00:00,2025-10-01 21:06:17.289576+00:00,71.784762,55368.0,H Route
4866,3,2025-10-01 21:20:24.037131+00:00,2025-10-01 21:21:35.148045+00:00,71.110914,55368.0,H Route
4866,12,2025-10-01 21:28:09.247343+00:00,2025-10-01 21:30:28.812449+00:00,139.565106,55368.0,H Route
4866,13,2025-10-01 21:31:47.469622+00:00,2025-10-01 21:33:15.131049+00:00,87.661427,55368.0,H Route
4866,14,2025-10-01 21:35:26.309503+00:00,2025-10-01 21:36:18.630235+00:00,52.320732,55368.0,H Route
4866,1,2025-10-01 21:56:12.295192+00:00,2025-10-01 21:57:13.765058+00:00,61.469866,55368.0,H Route
4866,2,2025-10-01 22:06:43.884412+00:00,2025-10-01 22:07:45.776305+00:00,61.891893,55368.0,H Route
4866,3,2025-10-01 22:12:03.046185+00:00,2025-10-01 22:13:04.599464+00:00,61.553279,55368.0,H Route
4866,12,2025-10-01 22:18:29.512186+00:00,2025-10-01 22:20:23.958247+00:00,114.446061,55368.0,H Route
4866,13,2025-10-01 22:21:43.249283+00:00,2025-10-01 22:22:45.052947+00:00,61.803664,55368.0,H Route
4866,14,2025-10-01 22:24:47.521359+00:00,2025-10-01 22:25:40.418877+00:00,52.897518,55368.0,H Route
4866,1,2025-10-01 22:35:29.655527+00:00,2025-10-01 22:36:49.077469+00:00,79.421942,55368.0,H Route
4866,2,2025-10-01 22:38:51.361642+00:00,2025-10-01 22:39:35.520844+00:00,44.159202,55368.0,H Route
4866,3,2025-10-01 22:42:48.514171+00:00,2025-10-01 22:43:50.579782+00:00,62.065611,55368.0,H Route
4866,12,2025-10-01 22:49:23.605240+00:00,2025-10-01 22:50:34.830337+00:00,71.225097,55368.0,H Route
4866,13,2025-10-01 22:51:53.571636+00:00,2025-10-01 22:53:12.469539+00:00,78.897903,55368.0,H Route
4866,14,2025-10-01 22:55:41.345059+00:00,2025-10-01 22:56:16.780472+00:00,35.435413,55368.0,H Route
4866,1,2025-10-01 23:05:14.287089+00:00,2025-10-01 23:07:27.399170+00:00,133.112081,55368.0,H Route
4866,2,2025-10-01 23:10:31.577824+00:00,2025-10-01 23:11:15.694301+00:00,44.116477,55368.0,H Route
4866,3,2025-10-01 23:17:15.503980+00:00,2025-10-01 23:18:42.560566+00:00,87.056586,55368.0,H Route
4866,12,2025-10-01 23:25:52.895898+00:00,2025-10-01 23:28:40.723788+00:00,167.82789,55368.0,H Route
4866,13,2025-10-01 23:29:50.750974+00:00,2025-10-01 23:31:18.777061+00:00,88.026087,55368.0,H Route
4866,14,2025-10-01 23:33:13.264379+00:00,2025-10-01 23:34:06.871690+00:00,53.607311,55368.0,H Route
4866,1,2025-10-01 23:43:21.883499+00:00,2025-10-01 23:44:50.957731+00:00,89.074232,55368.0,H Route
4866,2,2025-10-01 23:46:36.637869+00:00,2025-10-01 23:47:29.824492+00:00,53.186623,55368.0,H Route
4866,3,2025-10-01 23:51:53.218668+00:00,2025-10-01 23:52:54.987666+00:00,61.768998,55368.0,H Route
4866,12,2025-10-01 23:58:26.020111+00:00,2025-10-01 23:59:27.523752+00:00,61.503641,55368.0,H Route
4866,13,2025-10-02 00:00:20.249657+00:00,2025-10-02 00:03:15.875451+00:00,175.625794,55368.0,H Route
4866,14,2025-10-02 00:05:02.852437+00:00,2025-10-02 00:06:15.741187+00:00,72.88875,55368.0,H Route
17624,1,2025-10-01 13:32:44.120564+00:00,2025-10-01 13:33:19.492131+00:00,35.371567,54545.0,LX Route
17624,2,2025-10-01 13:35:22.781068+00:00,2025-10-01 13:36:23.952513+00:00,61.171445,54545.0,LX Route
17624,3,2025-10-01 13:39:00.916400+00:00,2025-10-01 13:40:11.117111+00:00,70.200711,54545.0,LX Route
17624,5,2025-10-01 13:46:08.182124+00:00,2025-10-01 13:46:51.962980+00:00,43.780856,54545.0,LX Route
17624,6,2025-10-01 13:49:29.428791+00:00,2025-10-01 13:50:13.654259+00:00,44.225468,54545.0,LX Route
17624,9,2025-10-01 13:51:13.852652+00:00,2025-10-01 13:52:23.079657+00:00,69.227005,54545.0,LX Route
17624,10,2025-10-01 13:54:24.282989+00:00,2025-10-01 13:55:51.540982+00:00,87.257993,54545.0,LX Route
17624,11,2025-10-01 13:57:27.411544+00:00,2025-10-01 13:58:19.708899+00:00,52.297355,54545.0,LX Route
17624,1,2025-10-01 14:03:16.655468+00:00,2025-10-01 14:05:10.378426+00:00,113.722958,54545.0,LX Route
17624,2,2025-10-01 14:07:03.516117+00:00,2025-10-01 14:08:30.492521+00:00,86.976404,54545.0,LX Route
17624,3,2025-10-01 14:11:24.834493+00:00,2025-10-01 14:13:01.046344+00:00,96.211851,54545.0,LX Route
17624,5,2025-10-01 14:18:41.519672+00:00,2025-10-01 14:19:16.646610+00:00,35.126938,54545.0,LX Route
17624,6,2025-10-01 14:21:44.596084+00:00,2025-10-01 14:22:27.938996+00:00,43.342912,54545.0,LX Route
17624,9,2025-10-01 14:23:19.960022+00:00,2025-10-01 14:24:03.235386+00:00,43.275364,54545.0,LX Route
17624,10,2025-10-01 14:25:56.898481+00:00,2025-10-01 14:27:24.106835+00:00,87.208354,54545.0,LX Route
17624,11,2025-10-01 14:28:50.945700+00:00,2025-10-01 14:29:26.478716+00:00,35.533016,54545.0,LX Route
17624,1,2025-10-01 14:34:14.061841+00:00,2025-10-01 14:34:40.454453+00:00,26.392612,54545.0,LX Route
17624,2,2025-10-01 14:36:42.442435+00:00,2025-10-01 14:37:26.629777+00:00,44.187342,54545.0,LX Route
17624,3,2025-10-01 14:40:21.405723+00:00,2025-10-01 14:41:13.624481+00:00,52.218758,54545.0,LX Route
17624,5,2025-10-01 14:46:45.902091+00:00,2025-10-01 14:47:20.724643+00:00,34.822552,54545.0,LX Route
17624,6,2025-10-01 14:49:40.694452+00:00,2025-10-01 14:50:24.670400+00:00,43.975948,54545.0,LX Route
17624,9,2025-10-01 14:51:08.662758+00:00,2025-10-01 14:51:52.809906+00:00,44.147148,54545.0,LX Route
17624,10,2025-10-01 14:53:45.669378+00:00,2025-10-01 15:09:55.652897+00:00,969.983519,54545.0,LX Route
17624,11,2025-10-01 15:11:22.697297+00:00,2025-10-01 15:11:57.641065+00:00,34.943768,54545.0,LX Route
17624,1,2025-10-01 15:16:19.913376+00:00,2025-10-01 15:17:13.064591+00:00,53.151215,54545.0,LX Route
17624,2,2025-10-01 15:19:07.853219+00:00,2025-10-01 15:20:53.673077+00:00,105.819858,54545.0,LX Route
17624,3,2025-10-01 15:23:31.101059+00:00,2025-10-01 15:24:40.703576+00:00,69.602517,54545.0,LX Route
17624,5,2025-10-01 15:30:40.116980+00:00,2025-10-01 15:31:32.679722+00:00,52.562742,54545.0,LX Route
17624,6,2025-10-01 15:34:10.435107+00:00,2025-10-01 15:34:45.342133+00:00,34.907026,54545.0,LX Route
17624,9,2025-10-01 15:35:55.522268+00:00,2025-10-01 15:36:57.458625+00:00,61.936357,54545.0,LX Route
17624,10,2025-10-01 15:39:16.924581+00:00,2025-10-01 15:40:53.372622+00:00,96.448041,54545.0,LX Route
17624,11,2025-10-01 15:42:55.851214+00:00,2025-10-01 15:43:48.003056+00:00,52.151842,54545.0,LX Route
17624,1,2025-10-01 15:49:19.320796+00:00,2025-10-01 15:50:46.579624+00:00,87.258828,54545.0,LX Route
17624,2,2025-10-01 15:54:33.743588+00:00,2025-10-01 15:55:17.766944+00:00,44.023356,54545.0,LX Route
17624,3,2025-10-01 15:59:13.925968+00:00,2025-10-01 16:02:43.541632+00:00,209.615664,54545.0,LX Route
17624,5,2025-10-01 16:08:53.219370+00:00,2025-10-01 16:09:54.503953+00:00,61.284583,54545.0,LX Route
17624,6,2025-10-01 16:12:40.904964+00:00,2025-10-01 16:13:34.006986+00:00,53.102022,54545.0,LX Route
17624,9,2025-10-01 16:14:26.594872+00:00,2025-10-01 16:15:36.812919+00:00,70.218047,54545.0,LX Route
17624,10,2025-10-01 16:17:48.203637+00:00,2025-10-01 16:19:25.095293+00:00,96.891656,54545.0,LX Route
17624,11,2025-10-01 16:21:01.359074+00:00,2025-10-01 16:22:03.379916+00:00,62.020842,54545.0,LX Route
17624,1,2025-10-01 16:27:34.735419+00:00,2025-10-01 16:29:11.495346+00:00,96.759927,54545.0,LX Route
17624,2,2025-10-01 16:31:05.044436+00:00,2025-10-01 16:31:40.198898+00:00,35.154462,54545.0,LX Route
17624,3,2025-10-01 16:36:03.966541+00:00,2025-10-01 16:36:48.047638+00:00,44.081097,54545.0,LX Route
17624,5,2025-10-01 16:42:55.512609+00:00,2025-10-01 16:43:30.509717+00:00,34.997108,54545.0,LX Route
17624,6,2025-10-01 16:45:52.109363+00:00,2025-10-01 16:46:44.608014+00:00,52.498651,54545.0,LX Route
17624,9,2025-10-01 16:47:28.324848+00:00,2025-10-01 16:48:20.609879+00:00,52.285031,54545.0,LX Route
17624,10,2025-10-01 16:50:31.653162+00:00,2025-10-01 16:52:16.709654+00:00,105.056492,54545.0,LX Route
17624,11,2025-10-01 16:54:36.920422+00:00,2025-10-01 16:55:39.478424+00:00,62.558002,54545.0,LX Route
17624,1,2025-10-01 17:01:30.273873+00:00,2025-10-01 17:02:31.408080+00:00,61.134207,54545.0,LX Route
17624,2,2025-10-01 17:05:01.317086+00:00,2025-10-01 17:05:54.213029+00:00,52.895943,54545.0,LX Route
17624,3,2025-10-01 17:08:42.191870+00:00,2025-10-01 17:09:34.811031+00:00,52.619161,54545.0,LX Route
17624,5,2025-10-01 17:15:45.468701+00:00,2025-10-01 17:16:20.922672+00:00,35.453971,54545.0,LX Route
17624,6,2025-10-01 17:18:58.639508+00:00,2025-10-01 17:20:00.513367+00:00,61.873859,54545.0,LX Route
17624,9,2025-10-01 17:21:46.561423+00:00,2025-10-01 17:23:14.621387+00:00,88.059964,54545.0,LX Route
17624,10,2025-10-01 17:25:17.087430+00:00,2025-10-01 17:27:37.280422+00:00,140.192992,54545.0,LX Route
17624,11,2025-10-01 17:30:15.796344+00:00,2025-10-01 17:30:59.866951+00:00,44.070607,54545.0,LX Route
17624,1,2025-10-01 17:36:22.096235+00:00,2025-10-01 17:37:58.721959+00:00,96.625724,54545.0,LX Route
17624,2,2025-10-01 17:40:54.871449+00:00,2025-10-01 17:42:04.811538+00:00,69.940089,54545.0,LX Route
17624,3,2025-10-01 17:52:52.508884+00:00,2025-10-01 17:54:20.742361+00:00,88.233477,54545.0,LX Route
17624,5,2025-10-01 18:00:46.754418+00:00,2025-10-01 18:01:30.619435+00:00,43.865017,54545.0,LX Route
17624,6,2025-10-01 18:03:44.835568+00:00,2025-10-01 18:05:06.531764+00:00,81.696196,54545.0,LX Route
17624,9,2025-10-01 18:06:09.212455+00:00,2025-10-01 18:06:53.682771+00:00,44.470316,54545.0,LX Route
17624,10,2025-10-01 18:09:06.501749+00:00,2025-10-01 18:11:29.084313+00:00,142.582564,54545.0,LX Route
17624,11,2025-10-01 18:24:51.420763+00:00,2025-10-01 18:25:26.715042+00:00,35.294279,54545.0,LX Route
17624,1,2025-10-01 18:31:53.440415+00:00,2025-10-01 18:33:03.789703+00:00,70.349288,54545.0,LX Route
17624,2,2025-10-01 18:35:59.998313+00:00,2025-10-01 18:36:17.498263+00:00,17.49995,54545.0,LX Route
17624,3,2025-10-01 18:39:49.806370+00:00,2025-10-01 18:41:18.385107+00:00,88.578737,54545.0,LX Route
17624,5,2025-10-01 18:47:45.506061+00:00,2025-10-01 18:48:30.090951+00:00,44.58489,54545.0,LX Route
17624,6,2025-10-01 18:51:17.663559+00:00,2025-10-01 18:52:10.402331+00:00,52.738772,54545.0,LX Route
17624,9,2025-10-01 18:53:20.888763+00:00,2025-10-01 18:54:13.541996+00:00,52.653233,54545.0,LX Route
17624,10,2025-10-01 18:56:51.822181+00:00,2025-10-01 18:58:29.030127+00:00,97.207946,54545.0,LX Route
17624,11,2025-10-01 19:00:23.477983+00:00,2025-10-01 19:01:25.910331+00:00,62.432348,54545.0,LX Route
17624,1,2025-10-01 19:07:55.069742+00:00,2025-10-01 19:08:56.608229+00:00,61.538487,54545.0,LX Route
17624,2,2025-10-01 19:11:19.937438+00:00,2025-10-01 19:12:12.926122+00:00,52.988684,54545.0,LX Route
17624,3,2025-10-01 19:17:13.087444+00:00,2025-10-01 19:18:14.724265+00:00,61.636821,54545.0,LX Route
17624,5,2025-10-01 19:24:48.165528+00:00,2025-10-01 19:25:23.632029+00:00,35.466501,54545.0,LX Route
17624,6,2025-10-01 19:29:45.873823+00:00,2025-10-01 19:30:56.265487+00:00,70.391664,54545.0,LX Route
17624,9,2025-10-01 19:32:14.772313+00:00,2025-10-01 19:33:07.501218+00:00,52.728905,54545.0,LX Route
17624,10,2025-10-01 19:35:54.581910+00:00,2025-10-01 19:37:48.637375+00:00,114.055465,54545.0,LX Route
17624,11,2025-10-01 19:39:52.372270+00:00,2025-10-01 19:40:36.976751+00:00,44.604481,54545.0,LX Route
17624,1,2025-10-01 19:54:11.750593+00:00,2025-10-01 19:55:39.706544+00:00,87.955951,54545.0,LX Route
17624,2,2025-10-01 19:57:33.832895+00:00,2025-10-01 19:58:44.053503+00:00,70.220608,54545.0,LX Route
17624,3,2025-10-01 20:04:26.187248+00:00,2025-10-01 20:05:28.849588+00:00,62.66234,54545.0,LX Route
17624,5,2025-10-01 20:11:43.175013+00:00,2025-10-01 20:13:57.943002+00:00,134.767989,54545.0,LX Route
17624,6,2025-10-01 20:16:28.878560+00:00,2025-10-01 20:17:13.445618+00:00,44.567058,54545.0,LX Route
17624,9,2025-10-01 20:18:43.218375+00:00,2025-10-01 20:19:36.309759+00:00,53.091384,54545.0,LX Route
17624,10,2025-10-01 20:21:41.508610+00:00,2025-10-01 20:35:56.267438+00:00,854.758828,54545.0,LX Route
17624,11,2025-10-01 20:37:58.565853+00:00,2025-10-01 20:38:42.137885+00:00,43.572032,54545.0,LX Route
17624,1,2025-10-01 20:47:19.984547+00:00,2025-10-01 20:49:13.563741+00:00,113.579194,54545.0,LX Route
17624,2,2025-10-01 20:51:15.848885+00:00,2025-10-01 20:52:35.064840+00:00,79.215955,54545.0,LX Route
17624,3,2025-10-01 21:00:43.688403+00:00,2025-10-01 21:02:28.462930+00:00,104.774527,54545.0,LX Route
17624,5,2025-10-01 21:09:14.090623+00:00,2025-10-01 21:09:57.829933+00:00,43.73931,54545.0,LX Route
17624,6,2025-10-01 21:12:51.419979+00:00,2025-10-01 21:14:01.304956+00:00,69.884977,54545.0,LX Route
17624,9,2025-10-01 21:15:36.986430+00:00,2025-10-01 21:17:12.588078+00:00,95.601648,54545.0,LX Route
17624,10,2025-10-01 21:20:06.377823+00:00,2025-10-01 21:26:15.384989+00:00,369.007166,54545.0,LX Route
17624,11,2025-10-01 21:28:00.533087+00:00,2025-10-01 21:28:26.738308+00:00,26.205221,54545.0,LX Route
17624,1,2025-10-01 21:49:21.703468+00:00,2025-10-01 21:52:15.457910+00:00,173.754442,54545.0,LX Route
17624,2,2025-10-01 21:53:34.512960+00:00,2025-10-01 21:54:35.582594+00:00,61.069634,54545.0,LX Route
17624,3,2025-10-01 21:59:33.498412+00:00,2025-10-01 22:00:35.009278+00:00,61.510866,54545.0,LX Route
17624,5,2025-10-01 22:05:33.648872+00:00,2025-10-01 22:06:00.145184+00:00,26.496312,54545.0,LX Route
17624,6,2025-10-01 22:08:20.819513+00:00,2025-10-01 22:08:55.902795+00:00,35.083282,54545.0,LX Route
17624,9,2025-10-01 22:09:39.756905+00:00,2025-10-01 22:10:33.803511+00:00,54.046606,54545.0,LX Route
17624,10,2025-10-01 22:12:46.985709+00:00,2025-10-01 22:14:32.370561+00:00,105.384852,54545.0,LX Route
17624,11,2025-10-01 22:16:52.809546+00:00,2025-10-01 22:18:03.163235+00:00,70.353689,54545.0,LX Route
17624,1,2025-10-01 22:27:43.900635+00:00,2025-10-01 22:38:33.864653+00:00,649.964018,54545.0,LX Route
17624,2,2025-10-01 22:41:29.314118+00:00,2025-10-01 22:42:30.923716+00:00,61.609598,54545.0,LX Route
17624,3,2025-10-01 22:47:11.940401+00:00,2025-10-01 22:49:41.223740+00:00,149.283339,54545.0,LX Route
17624,5,2025-10-01 22:55:06.164308+00:00,2025-10-01 22:55:32.788612+00:00,26.624304,54545.0,LX Route
17624,6,2025-10-01 22:57:53.816263+00:00,2025-10-01 23:00:06.012072+00:00,132.195809,54545.0,LX Route
17624,9,2025-10-01 23:02:09.066634+00:00,2025-10-01 23:03:19.622845+00:00,70.556211,54545.0,LX Route
17624,10,2025-10-01 23:06:07.016115+00:00,2025-10-01 23:08:55.273090+00:00,168.256975,54545.0,LX Route
17624,11,2025-10-01 23:11:06.797851+00:00,2025-10-01 23:11:50.803953+00:00,44.006102,54545.0,LX Route
17624,1,2025-10-01 23:17:15.579528+00:00,2025-10-01 23:19:08.631250+00:00,113.051722,54545.0,LX Route
17624,2,2025-10-01 23:21:11.439108+00:00,2025-10-01 23:22:48.898070+00:00,97.458962,54545.0,LX Route
17624,3,2025-10-01 23:25:35.343900+00:00,2025-10-01 23:30:17.241587+00:00,281.897687,54545.0,LX Route
17624,5,2025-10-01 23:35:25.917510+00:00,2025-10-01 23:37:12.571814+00:00,106.654304,54545.0,LX Route
17624,6,2025-10-01 23:39:41.583081+00:00,2025-10-01 23:40:33.858090+00:00,52.275009,54545.0,LX Route
17624,9,2025-10-01 23:41:26.688100+00:00,2025-10-01 23:43:22.062561+00:00,115.374461,54545.0,LX Route
17624,10,2025-10-01 23:45:08.567729+00:00,2025-10-01 23:48:39.812634+00:00,211.244905,54545.0,LX Route
17624,11,2025-10-01 23:49:58.434416+00:00,2025-10-01 23:50:25.319295+00:00,26.884879,54545.0,LX Route
17624,1,2025-10-01 23:54:56.951510+00:00,2025-10-01 23:56:15.268802+00:00,78.317292,54545.0,LX Route
17624,2,2025-10-01 23:58:26.113546+00:00,2025-10-01 23:59:01.403099+00:00,35.289553,54545.0,LX Route
17624,3,2025-10-02 00:03:59.703399+00:00,2025-10-02 00:04:27.090319+00:00,27.38692,54545.0,LX Route
17624,5,2025-10-02 00:09:06.785556+00:00,2025-10-02 00:10:26.227844+00:00,79.442288,54545.0,LX Route
4877,13,2025-10-01 16:58:25.763624+00:00,2025-10-01 16:59:00.904913+00:00,35.141289,54550.0,REXB Route
4877,14,2025-10-01 17:00:37.821566+00:00,2025-10-01 17:00:46.877639+00:00,9.056073,54550.0,REXB Route
4877,6,2025-10-01 17:07:49.261368+00:00,2025-10-01 17:08:24.437152+00:00,35.175784,54550.0,REXB Route
4877,9,2025-10-01 17:09:34.813148+00:00,2025-10-01 17:10:09.538876+00:00,34.725728,54550.0,REXB Route
4877,10,2025-10-01 17:11:55.758293+00:00,2025-10-01 17:13:51.299605+00:00,115.541312,54550.0,REXB Route
4877,12,2025-10-01 17:19:07.659982+00:00,2025-10-01 17:20:00.659341+00:00,52.999359,54550.0,REXB Route
4877,13,2025-10-01 17:21:02.624207+00:00,2025-10-01 17:22:12.928844+00:00,70.304637,54550.0,REXB Route
4877,14,2025-10-01 17:23:40.608237+00:00,2025-10-01 17:24:24.690677+00:00,44.08244,54550.0,REXB Route
4877,6,2025-10-01 17:32:00.795285+00:00,2025-10-01 17:33:02.132962+00:00,61.337677,54550.0,REXB Route
4877,9,2025-10-01 17:33:54.276886+00:00,2025-10-01 17:35:29.793337+00:00,95.516451,54550.0,REXB Route
4877,10,2025-10-01 17:37:32.209263+00:00,2025-10-01 17:40:02.238012+00:00,150.028749,54550.0,REXB Route
4877,12,2025-10-01 17:45:07.760970+00:00,2025-10-01 17:47:38.212465+00:00,150.451495,54550.0,REXB Route
4877,13,2025-10-01 17:48:48.138171+00:00,2025-10-01 17:50:25.094862+00:00,96.956691,54550.0,REXB Route
4877,14,2025-10-01 17:52:26.465927+00:00,2025-10-01 17:52:52.767436+00:00,26.301509,54550.0,REXB Route
4877,6,2025-10-01 18:00:37.589366+00:00,2025-10-01 18:01:13.253885+00:00,35.664519,54550.0,REXB Route
4877,9,2025-10-01 18:01:57.307527+00:00,2025-10-01 18:03:45.022466+00:00,107.714939,54550.0,REXB Route
4877,10,2025-10-01 18:05:51.183305+00:00,2025-10-01 18:15:19.036305+00:00,567.853,54550.0,REXB Route
4877,12,2025-10-01 18:20:18.923806+00:00,2025-10-01 18:23:50.274676+00:00,211.35087,54550.0,REXB Route
4877,13,2025-10-01 18:24:42.516581+00:00,2025-10-01 18:24:51.582760+00:00,9.066179,54550.0,REXB Route
4877,14,2025-10-01 18:27:38.447152+00:00,2025-10-01 18:28:04.782746+00:00,26.335594,54550.0,REXB Route
4877,6,2025-10-01 18:34:49.586147+00:00,2025-10-01 18:35:33.626116+00:00,44.039969,54550.0,REXB Route
4877,9,2025-10-01 18:36:26.223864+00:00,2025-10-01 18:37:54.688945+00:00,88.465081,54550.0,REXB Route
4877,10,2025-10-01 18:39:58.744689+00:00,2025-10-01 18:41:27.200107+00:00,88.455418,54550.0,REXB Route
4877,12,2025-10-01 18:46:35.182276+00:00,2025-10-01 18:47:54.570419+00:00,79.388143,54550.0,REXB Route
4877,13,2025-10-01 18:48:47.701177+00:00,2025-10-01 18:50:07.145552+00:00,79.444375,54550.0,REXB Route
4877,14,2025-10-01 18:51:44.228909+00:00,2025-10-01 18:52:10.490403+00:00,26.261494,54550.0,REXB Route
4877,6,2025-10-01 18:59:21.305335+00:00,2025-10-01 19:00:05.726583+00:00,44.421248,54550.0,REXB Route
4877,9,2025-10-01 19:00:58.838139+00:00,2025-10-01 19:01:51.950707+00:00,53.112568,54550.0,REXB Route
4877,10,2025-10-01 19:03:47.625130+00:00,2025-10-01 19:05:34.056261+00:00,106.431131,54550.0,REXB Route
4877,12,2025-10-01 19:11:11.005767+00:00,2025-10-01 19:12:12.991596+00:00,61.985829,54550.0,REXB Route
4877,13,2025-10-01 19:13:06.033846+00:00,2025-10-01 19:13:50.283299+00:00,44.249453,54550.0,REXB Route
4877,14,2025-10-01 19:15:19.390326+00:00,2025-10-01 19:15:54.658606+00:00,35.26828,54550.0,REXB Route
4877,6,2025-10-01 19:23:03.428036+00:00,2025-10-01 19:24:04.321692+00:00,60.893656,54550.0,REXB Route
4877,9,2025-10-01 19:25:41.159027+00:00,2025-10-01 19:27:26.285828+00:00,105.126801,54550.0,REXB Route
4877,10,2025-10-01 19:30:38.449066+00:00,2025-10-01 19:32:23.521160+00:00,105.072094,54550.0,REXB Route
4877,12,2025-10-01 19:36:12.085645+00:00,2025-10-01 19:38:06.417587+00:00,114.331942,54550.0,REXB Route
4877,13,2025-10-01 19:38:50.296073+00:00,2025-10-01 19:40:10.584472+00:00,80.288399,54550.0,REXB Route
4877,14,2025-10-01 19:42:13.064708+00:00,2025-10-01 19:43:06.171463+00:00,53.106755,54550.0,REXB Route
4877,6,2025-10-01 19:50:15.371490+00:00,2025-10-01 19:51:07.812779+00:00,52.441289,54550.0,REXB Route
4877,9,2025-10-01 19:52:17.748470+00:00,2025-10-01 19:53:01.502673+00:00,43.754203,54550.0,REXB Route
4877,10,2025-10-01 19:54:38.149672+00:00,2025-10-01 19:57:16.139055+00:00,157.989383,54550.0,REXB Route
4877,12,2025-10-01 20:02:39.482396+00:00,2025-10-01 20:03:24.144549+00:00,44.662153,54550.0,REXB Route
4877,13,2025-10-01 20:04:08.017790+00:00,2025-10-01 20:18:25.346112+00:00,857.328322,54550.0,REXB Route
4877,14,2025-10-01 20:20:12.361436+00:00,2025-10-01 20:20:39.529037+00:00,27.167601,54550.0,REXB Route
4877,6,2025-10-01 20:27:27.938428+00:00,2025-10-01 20:28:03.204102+00:00,35.265674,54550.0,REXB Route
4877,9,2025-10-01 20:28:47.004853+00:00,2025-10-01 20:30:14.849217+00:00,87.844364,54550.0,REXB Route
4877,10,2025-10-01 20:34:28.350020+00:00,2025-10-01 20:35:38.705684+00:00,70.355664,54550.0,REXB Route
4877,12,2025-10-01 20:39:51.886709+00:00,2025-10-01 20:40:53.299153+00:00,61.412444,54550.0,REXB Route
4877,13,2025-10-01 20:41:19.128267+00:00,2025-10-01 20:42:56.593876+00:00,97.465609,54550.0,REXB Route
4877,14,2025-10-01 20:44:50.745339+00:00,2025-10-01 20:45:17.294758+00:00,26.549419,54550.0,REXB Route
4877,6,2025-10-01 20:51:51.201473+00:00,2025-10-01 20:52:43.781154+00:00,52.579681,54550.0,REXB Route
4877,9,2025-10-01 20:53:36.053517+00:00,2025-10-01 20:54:20.210622+00:00,44.157105,54550.0,REXB Route
4877,10,2025-10-01 20:56:13.482780+00:00,2025-10-01 20:58:15.058421+00:00,121.575641,54550.0,REXB Route
4877,12,2025-10-01 21:03:38.190197+00:00,2025-10-01 21:05:31.877383+00:00,113.687186,54550.0,REXB Route
4877,13,2025-10-01 21:06:26.069874+00:00,2025-10-01 21:08:12.352166+00:00,106.282292,54550.0,REXB Route
4877,14,2025-10-01 21:10:15.393306+00:00,2025-10-01 21:10:59.104550+00:00,43.711244,54550.0,REXB Route
4877,6,2025-10-01 21:19:05.734304+00:00,2025-10-01 21:20:06.516714+00:00,60.78241,54550.0,REXB Route
4877,9,2025-10-01 21:21:25.905167+00:00,2025-10-01 21:22:19.498311+00:00,53.593144,54550.0,REXB Route
4877,10,2025-10-01 21:24:30.788367+00:00,2025-10-01 21:25:58.094161+00:00,87.305794,54550.0,REXB Route
4877,12,2025-10-01 21:31:47.598088+00:00,2025-10-01 21:34:07.477093+00:00,139.879005,54550.0,REXB Route
4877,13,2025-10-01 21:35:35.167691+00:00,2025-10-01 21:36:53.446227+00:00,78.278536,54550.0,REXB Route
4877,14,2025-10-01 21:38:46.399239+00:00,2025-10-01 21:39:47.295714+00:00,60.896475,54550.0,REXB Route
4877,6,2025-10-01 21:47:02.449661+00:00,2025-10-01 21:48:03.414156+00:00,60.964495,54550.0,REXB Route
4877,9,2025-10-01 21:48:55.646373+00:00,2025-10-01 21:49:38.969244+00:00,43.322871,54550.0,REXB Route
4877,10,2025-10-01 21:52:06.690246+00:00,2025-10-01 21:54:26.822156+00:00,140.13191,54550.0,REXB Route
4877,12,2025-10-01 21:59:16.126365+00:00,2025-10-01 22:00:26.161805+00:00,70.03544,54550.0,REXB Route
4877,13,2025-10-01 22:01:19.050028+00:00,2025-10-01 22:02:46.285835+00:00,87.235807,54550.0,REXB Route
4877,14,2025-10-01 22:04:40.575881+00:00,2025-10-01 22:05:15.888135+00:00,35.312254,54550.0,REXB Route
4877,6,2025-10-01 22:12:11.954256+00:00,2025-10-01 22:12:55.750125+00:00,43.795869,54550.0,REXB Route
4877,9,2025-10-01 22:13:48.401536+00:00,2025-10-01 22:14:32.446262+00:00,44.044726,54550.0,REXB Route
4877,10,2025-10-01 22:16:17.593120+00:00,2025-10-01 22:19:48.800891+00:00,211.207771,54550.0,REXB Route
4877,12,2025-10-01 22:24:12.620192+00:00,2025-10-01 22:25:13.937329+00:00,61.317137,54550.0,REXB Route
4877,13,2025-10-01 22:27:35.109270+00:00,2025-10-01 22:34:10.969734+00:00,395.860464,54550.0,REXB Route
4877,14,2025-10-01 22:36:13.903997+00:00,2025-10-01 22:36:49.168607+00:00,35.26461,54550.0,REXB Route
4877,6,2025-10-01 22:43:06.218658+00:00,2025-10-01 22:43:50.636978+00:00,44.41832,54550.0,REXB Route
4877,9,2025-10-01 22:44:42.840771+00:00,2025-10-01 22:45:17.404712+00:00,34.563941,54550.0,REXB Route
4877,10,2025-10-01 22:46:54.518423+00:00,2025-10-01 22:48:21.809612+00:00,87.291189,54550.0,REXB Route
4877,12,2025-10-01 22:53:12.479523+00:00,2025-10-01 22:54:04.976513+00:00,52.49699,54550.0,REXB Route
4877,13,2025-10-01 22:54:48.724136+00:00,2025-10-01 22:56:07.874105+00:00,79.149969,54550.0,REXB Route
4877,14,2025-10-01 22:58:11.592759+00:00,2025-10-01 22:58:55.985080+00:00,44.392321,54550.0,REXB Route
4877,6,2025-10-01 23:07:18.549023+00:00,2025-10-01 23:08:20.081127+00:00,61.532104,54550.0,REXB Route
4877,9,2025-10-01 23:09:30.355003+00:00,2025-10-01 23:10:40.562447+00:00,70.207444,54550.0,REXB Route
4877,10,2025-10-01 23:13:00.996579+00:00,2025-10-01 23:14:29.389193+00:00,88.392614,54550.0,REXB Route
4877,12,2025-10-01 23:20:36.468150+00:00,2025-10-01 23:21:47.591423+00:00,71.123273,54550.0,REXB Route
4877,13,2025-10-01 23:22:31.300914+00:00,2025-10-01 23:23:58.882774+00:00,87.58186,54550.0,REXB Route
4877,14,2025-10-01 23:25:52.992789+00:00,2025-10-01 23:26:28.308734+00:00,35.315945,54550.0,REXB Route
4877,6,2025-10-01 23:34:59.650867+00:00,2025-10-01 23:35:34.866907+00:00,35.21604,54550.0,REXB Route
4877,9,2025-10-01 23:36:54.966626+00:00,2025-10-01 23:37:29.978568+00:00,35.011942,54550.0,REXB Route
4877,10,2025-10-01 23:41:09.003040+00:00,2025-10-01 23:42:28.985658+00:00,79.982618,54550.0,REXB Route
4877,13,2025-10-01 23:48:48.526919+00:00,2025-10-01 23:49:41.144966+00:00,52.618047,54550.0,REXB Route
4877,14,2025-10-01 23:51:53.302803+00:00,2025-10-01 23:52:11.119502+00:00,17.816699,54550.0,REXB Route
4877,6,2025-10-02 00:01:04.309356+00:00,2025-10-02 00:01:48.028427+00:00,43.719071,54550.0,REXB Route
4877,9,2025-10-02 00:02:49.175971+00:00,2025-10-02 00:03:33.337785+00:00,44.161814,54550.0,REXB Route
4877,10,2025-10-02 00:05:57.852929+00:00,2025-10-02 00:11:46.349432+00:00,348.496503,54550.0,REXB Route
7877,1,2025-10-01 11:05:22.243084+00:00,2025-10-01 11:06:14.100961+00:00,51.857877,,
7877,2,2025-10-01 11:06:31.185964+00:00,2025-10-01 11:06:57.007401+00:00,25.821437,,
7877,3,2025-10-01 11:09:23.042119+00:00,2025-10-01 11:09:40.357171+00:00,17.315052,,
7877,4,2025-10-01 11:11:32.175449+00:00,2025-10-01 11:12:06.716279+00:00,34.54083,,
7877,5,2025-10-01 11:13:15.756242+00:00,2025-10-01 11:13:33.211898+00:00,17.455656,,
7877,6,2025-10-01 11:18:52.694910+00:00,2025-10-01 11:19:18.647098+00:00,25.952188,,
7877,1,2025-10-01 11:21:19.311619+00:00,2025-10-01 11:22:37.660790+00:00,78.349171,,
7877,2,2025-10-01 11:22:46.226370+00:00,2025-10-01 11:23:29.247449+00:00,43.021079,,
7877,3,2025-10-01 11:25:56.626601+00:00,2025-10-01 11:26:31.677568+00:00,35.050967,,
7877,4,2025-10-01 11:27:23.544284+00:00,2025-10-01 11:28:49.834600+00:00,86.290316,,
7877,5,2025-10-01 11:29:41.974754+00:00,2025-10-01 11:29:59.378573+00:00,17.403819,,
7877,6,2025-10-01 11:35:20.092922+00:00,2025-10-01 11:36:20.134836+00:00,60.041914,,
7877,1,2025-10-01 11:38:30.342807+00:00,2025-10-01 11:40:05.843863+00:00,95.501056,,
7877,2,2025-10-01 11:40:23.071198+00:00,2025-10-01 11:40:57.650780+00:00,34.579582,,
7877,3,2025-10-01 11:43:43.772341+00:00,2025-10-01 11:44:26.877990+00:00,43.105649,,
7877,4,2025-10-01 11:46:45.968591+00:00,2025-10-01 11:48:04.219764+00:00,78.251173,,
7877,5,2025-10-01 11:48:55.513787+00:00,2025-10-01 11:49:04.183438+00:00,8.669651,,
7877,6,2025-10-01 11:54:41.716988+00:00,2025-10-01 11:55:43.267713+00:00,61.550725,,
7877,1,2025-10-01 11:57:53.567867+00:00,2025-10-01 11:58:28.123068+00:00,34.555201,,
7877,2,2025-10-01 11:58:36.663801+00:00,2025-10-01 11:59:20.150885+00:00,43.487084,,
7877,3,2025-10-01 12:02:04.341731+00:00,2025-10-01 12:02:47.855618+00:00,43.513887,,
7877,4,2025-10-01 12:03:56.773283+00:00,2025-10-01 12:04:50.120323+00:00,53.34704,,
7877,5,2025-10-01 12:05:50.853284+00:00,2025-10-01 12:06:17.120561+00:00,26.267277,,
7877,6,2025-10-01 12:11:29.038440+00:00,2025-10-01 12:12:03.487206+00:00,34.448766,,
7877,1,2025-10-01 12:14:04.298189+00:00,2025-10-01 12:14:38.607639+00:00,34.30945,,
7877,2,2025-10-01 12:14:55.717658+00:00,2025-10-01 12:15:21.374267+00:00,25.656609,,
7877,3,2025-10-01 12:17:47.872156+00:00,2025-10-01 12:18:31.243854+00:00,43.371698,,
7877,4,2025-10-01 12:20:57.473723+00:00,2025-10-01 12:21:58.170560+00:00,60.696837,,
7877,5,2025-10-01 12:22:32.703584+00:00,2025-10-01 12:22:50.221766+00:00,17.518182,,
7877,6,2025-10-01 12:27:54.242305+00:00,2025-10-01 12:34:15.707863+00:00,381.465558,,
7877,1,2025-10-01 12:36:16.674453+00:00,2025-10-01 12:36:42.816076+00:00,26.141623,,
7877,2,2025-10-01 12:36:51.338758+00:00,2025-10-01 12:37:51.798946+00:00,60.460188,,
7877,3,2025-10-01 12:40:27.910820+00:00,2025-10-01 12:40:54.116969+00:00,26.206149,,
7877,4,2025-10-01 12:42:12.747674+00:00,2025-10-01 12:43:31.234575+00:00,78.486901,,
7877,5,2025-10-01 12:45:32.384964+00:00,2025-10-01 12:45:58.632152+00:00,26.247188,,
7877,6,2025-10-01 12:52:19.964228+00:00,2025-10-01 12:52:28.874984+00:00,8.910756,,
7877,1,2025-10-01 12:54:56.305781+00:00,2025-10-01 12:55:39.827642+00:00,43.521861,,
7877,2,2025-10-01 12:55:48.367299+00:00,2025-10-01 12:56:31.444415+00:00,43.077116,,
7877,3,2025-10-01 12:59:33.841923+00:00,2025-10-01 13:00:17.051998+00:00,43.210075,,
7877,4,2025-10-01 13:03:53.119699+00:00,2025-10-01 13:04:19.329007+00:00,26.209308,,
7877,5,2025-10-01 13:04:54.289788+00:00,2025-10-01 13:05:11.799611+00:00,17.509823,,
7877,6,2025-10-01 13:12:08.951142+00:00,2025-10-01 13:12:52.168156+00:00,43.217014,,
7877,1,2025-10-01 13:17:38.082456+00:00,2025-10-01 13:18:13.321478+00:00,35.239022,,
7877,2,2025-10-01 13:18:22.106594+00:00,2025-10-01 13:19:14.258348+00:00,52.151754,,
7877,3,2025-10-01 13:21:33.531542+00:00,2025-10-01 13:22:25.800842+00:00,52.2693,,
7877,4,2025-10-01 13:24:01.672885+00:00,2025-10-01 13:24:54.037875+00:00,52.36499,,
7877,5,2025-10-01 13:27:21.726492+00:00,2025-10-01 13:27:47.785622+00:00,26.05913,,
7877,6,2025-10-01 13:32:09.493679+00:00,2025-10-01 13:32:44.201656+00:00,34.707977,,
7877,1,2025-10-01 13:34:20.995669+00:00,2025-10-01 13:34:47.664948+00:00,26.669279,,
7877,2,2025-10-01 13:34:56.262895+00:00,2025-10-01 13:36:06.342036+00:00,70.079141,,
7877,3,2025-10-01 13:38:17.042209+00:00,2025-10-01 13:38:51.986931+00:00,34.944722,,
7877,4,2025-10-01 13:40:37.125358+00:00,2025-10-01 13:41:29.235941+00:00,52.110583,,
7877,5,2025-10-01 13:43:04.599007+00:00,2025-10-01 13:43:30.758786+00:00,26.159779,,
7877,6,2025-10-01 13:48:27.789573+00:00,2025-10-01 13:49:47.169695+00:00,79.380122,,
7877,1,2025-10-01 13:56:43.966348+00:00,2025-10-01 13:57:09.949636+00:00,25.983288,,
7877,2,2025-10-01 13:57:18.618682+00:00,2025-10-01 14:01:57.541275+00:00,278.922593,,
7877,3,2025-10-01 14:03:25.331648+00:00,2025-10-01 14:03:51.750384+00:00,26.418736,,
7877,4,2025-10-01 14:05:54.000568+00:00,2025-10-01 14:06:54.902104+00:00,60.901536,,
7877,5,2025-10-01 14:11:24.931732+00:00,2025-10-01 14:15:03.186766+00:00,218.255034,,
7877,6,2025-10-01 14:19:33.867690+00:00,2025-10-01 14:20:17.970896+00:00,44.103206,,
7877,1,2025-10-01 14:21:53.273702+00:00,2025-10-01 14:23:45.804127+00:00,112.530425,,
7877,2,2025-10-01 14:24:03.238503+00:00,2025-10-01 14:24:46.766053+00:00,43.52755,,
7877,3,2025-10-01 14:27:24.109582+00:00,2025-10-01 14:27:50.576851+00:00,26.467269,,
7877,4,2025-10-01 14:30:09.848388+00:00,2025-10-01 14:31:10.847093+00:00,60.998705,,
7877,5,2025-10-01 14:35:32.829386+00:00,2025-10-01 14:36:16.656754+00:00,43.827368,,
7877,6,2025-10-01 14:41:48.325999+00:00,2025-10-01 14:42:40.893167+00:00,52.567168,,
7877,1,2025-10-01 14:44:17.066187+00:00,2025-10-01 14:44:51.889889+00:00,34.823702,,
7877,2,2025-10-01 14:45:00.391341+00:00,2025-10-01 14:45:44.765424+00:00,44.374083,,
7877,3,2025-10-01 14:48:30.366283+00:00,2025-10-01 14:49:23.194564+00:00,52.828281,,
7877,4,2025-10-01 14:51:17.773266+00:00,2025-10-01 14:52:44.787174+00:00,87.013908,,
7877,5,2025-10-01 14:55:57.127580+00:00,2025-10-01 14:58:34.631576+00:00,157.503996,,
7877,6,2025-10-01 15:03:48.830028+00:00,2025-10-01 15:05:08.087909+00:00,79.257881,,
7877,1,2025-10-01 15:06:35.582845+00:00,2025-10-01 15:07:10.284959+00:00,34.702114,,
7877,2,2025-10-01 15:07:27.760657+00:00,2025-10-01 15:08:02.461961+00:00,34.701304,,
7877,3,2025-10-01 15:10:12.994314+00:00,2025-10-01 15:10:30.597276+00:00,17.602962,,
7877,4,2025-10-01 15:12:32.447147+00:00,2025-10-01 15:13:24.761534+00:00,52.314387,,
7877,5,2025-10-01 15:17:30.631067+00:00,2025-10-01 15:18:32.169832+00:00,61.538765,,
7877,6,2025-10-01 15:22:56.171315+00:00,2025-10-01 15:23:48.580812+00:00,52.409497,,
7877,1,2025-10-01 15:25:32.844641+00:00,2025-10-01 15:25:50.924135+00:00,18.079494,,
7877,2,2025-10-01 15:26:08.440537+00:00,2025-10-01 15:26:35.196221+00:00,26.755684,,
7877,3,2025-10-01 15:30:04.526608+00:00,2025-10-01 15:30:22.598261+00:00,18.071653,,
7877,4,2025-10-01 15:32:25.507166+00:00,2025-10-01 15:33:35.430374+00:00,69.923208,,
7877,5,2025-10-01 15:38:59.599470+00:00,2025-10-01 15:39:43.359456+00:00,43.759986,,
7877,6,2025-10-01 15:43:39.256660+00:00,2025-10-01 15:44:31.460172+00:00,52.203512,,
7877,1,2025-10-01 15:46:16.333785+00:00,2025-10-01 15:47:00.231383+00:00,43.897598,,
7877,2,2025-10-01 15:47:08.983242+00:00,2025-10-01 15:47:43.954280+00:00,34.971038,,
7877,3,2025-10-01 15:49:45.526626+00:00,2025-10-01 15:50:11.874459+00:00,26.347833,,
7877,4,2025-10-01 15:53:49.786489+00:00,2025-10-01 15:54:25.054750+00:00,35.268261,,
7877,5,2025-10-01 15:57:55.093340+00:00,2025-10-01 15:58:56.324380+00:00,61.23104,,
7877,6,2025-10-01 16:03:09.822383+00:00,2025-10-01 16:03:53.477724+00:00,43.655341,,
7877,1,2025-10-01 16:05:12.614692+00:00,2025-10-01 16:05:39.296275+00:00,26.681583,,
7877,2,2025-10-01 16:05:48.107012+00:00,2025-10-01 16:07:15.766838+00:00,87.659826,,
7877,3,2025-10-01 16:09:54.505471+00:00,2025-10-01 16:10:21.089361+00:00,26.58389,,
7877,4,2025-10-01 16:12:41.153107+00:00,2025-10-01 16:13:25.231590+00:00,44.078483,,
7877,5,2025-10-01 16:18:05.782427+00:00,2025-10-01 16:18:49.881299+00:00,44.098872,,
7877,6,2025-10-01 16:23:12.984501+00:00,2025-10-01 16:23:47.721876+00:00,34.737375,,
7877,1,2025-10-01 16:25:06.396902+00:00,2025-10-01 16:25:24.114925+00:00,17.718023,,
7877,2,2025-10-01 16:25:32.891503+00:00,2025-10-01 16:26:51.345583+00:00,78.45408,,
7877,4,2025-10-01 16:31:31.412121+00:00,2025-10-01 16:32:50.250304+00:00,78.838183,,
7877,5,2025-10-01 16:37:14.468451+00:00,2025-10-01 16:37:58.409415+00:00,43.940964,,
7877,6,2025-10-01 16:41:36.282731+00:00,2025-10-01 16:42:20.353705+00:00,44.070974,,
7877,1,2025-10-01 16:43:21.707320+00:00,2025-10-01 16:43:39.513918+00:00,17.806598,,
7877,2,2025-10-01 16:43:48.507112+00:00,2025-10-01 16:44:23.983339+00:00,35.476227,,
7877,3,2025-10-01 16:46:35.851571+00:00,2025-10-01 16:46:53.361507+00:00,17.509936,,
7877,4,2025-10-01 16:47:19.654993+00:00,2025-10-01 16:48:20.679020+00:00,61.024027,,
7877,5,2025-10-01 16:53:17.780448+00:00,2025-10-01 16:54:01.629972+00:00,43.849524,,
7877,6,2025-10-01 16:57:41.911061+00:00,2025-10-01 16:58:34.892209+00:00,52.981148,,
7877,1,2025-10-01 16:59:36.410076+00:00,2025-10-01 17:00:11.667258+00:00,35.257182,,
7877,2,2025-10-01 17:00:20.439593+00:00,2025-10-01 17:00:46.943572+00:00,26.503979,,
7877,3,2025-10-01 17:02:57.787912+00:00,2025-10-01 17:03:15.629271+00:00,17.841359,,
7877,4,2025-10-01 17:05:01.417919+00:00,2025-10-01 17:05:36.414708+00:00,34.996789,,
7877,5,2025-10-01 17:09:26.020502+00:00,2025-10-01 17:09:52.277875+00:00,26.257373,,
7877,6,2025-10-01 17:13:51.300960+00:00,2025-10-01 17:14:35.287479+00:00,43.986519,,
7877,1,2025-10-01 17:16:03.100538+00:00,2025-10-01 17:16:21.086796+00:00,17.986258,,
7877,2,2025-10-01 17:16:29.786941+00:00,2025-10-01 17:17:13.986275+00:00,44.199334,,
7877,3,2025-10-01 17:19:42.449848+00:00,2025-10-01 17:19:51.490551+00:00,9.040703,,
7877,4,2025-10-01 17:20:53.525650+00:00,2025-10-01 17:21:29.068648+00:00,35.542998,,
7877,5,2025-10-01 17:25:43.123932+00:00,2025-10-01 17:26:18.614452+00:00,35.49052,,
7877,6,2025-10-01 17:29:22.777341+00:00,2025-10-01 17:40:02.302378+00:00,639.525037,,
7877,1,2025-10-01 17:41:38.459165+00:00,2025-10-01 17:42:13.487686+00:00,35.028521,,
7877,2,2025-10-01 17:42:22.159842+00:00,2025-10-01 17:42:57.160812+00:00,35.00097,,
7877,3,2025-10-01 17:45:25.274419+00:00,2025-10-01 17:45:52.372953+00:00,27.098534,,
7877,4,2025-10-01 17:49:14.419643+00:00,2025-10-01 17:50:07.565750+00:00,53.146107,,
7877,5,2025-10-01 17:54:12.051376+00:00,2025-10-01 17:55:04.215306+00:00,52.16393,,
7877,6,2025-10-01 17:59:00.206862+00:00,2025-10-01 18:00:19.921520+00:00,79.714658,,
7877,1,2025-10-01 18:01:48.548884+00:00,2025-10-01 18:02:24.317326+00:00,35.768442,,
7877,2,2025-10-01 18:02:33.020090+00:00,2025-10-01 18:03:18.242286+00:00,45.222196,,
7877,3,2025-10-01 18:05:33.008050+00:00,2025-10-01 18:05:51.356576+00:00,18.348526,,
7877,4,2025-10-01 18:06:44.858291+00:00,2025-10-01 18:06:53.744414+00:00,8.886123,,
7877,5,2025-10-01 18:11:46.935912+00:00,2025-10-01 18:12:22.575589+00:00,35.639677,,
7877,6,2025-10-01 18:17:04.873299+00:00,2025-10-01 18:17:58.352803+00:00,53.479504,,
7877,1,2025-10-01 18:19:34.725599+00:00,2025-10-01 18:21:30.147173+00:00,115.421574,,
7877,2,2025-10-01 18:21:39.080504+00:00,2025-10-01 18:22:23.034205+00:00,43.953701,,
7877,3,2025-10-01 18:24:42.589816+00:00,2025-10-01 18:25:09.266854+00:00,26.677038,,
7877,4,2025-10-01 18:28:57.520685+00:00,2025-10-01 18:29:15.338755+00:00,17.81807,,
7877,5,2025-10-01 18:34:49.669031+00:00,2025-10-01 18:35:33.700202+00:00,44.031171,,
7877,6,2025-10-01 18:40:43.168496+00:00,2025-10-01 18:41:18.458440+00:00,35.289944,,
7877,1,2025-10-01 18:42:55.398150+00:00,2025-10-01 18:43:30.914410+00:00,35.51626,,
7877,2,2025-10-01 18:43:39.598703+00:00,2025-10-01 18:44:14.767975+00:00,35.169272,,
7877,3,2025-10-01 18:46:35.268194+00:00,2025-10-01 18:47:01.340167+00:00,26.071973,,
7877,4,2025-10-01 18:49:22.808710+00:00,2025-10-01 18:51:35.530162+00:00,132.721452,,
7877,5,2025-10-01 18:54:48.668593+00:00,2025-10-01 18:55:32.492667+00:00,43.824074,,
7877,6,2025-10-01 19:00:14.494882+00:00,2025-10-01 19:01:07.866191+00:00,53.371309,,
7877,2,2025-10-01 19:04:23.123962+00:00,2025-10-01 19:05:16.380707+00:00,53.256745,,
7877,3,2025-10-01 19:07:46.390409+00:00,2025-10-01 19:08:29.903894+00:00,43.513485,,
7877,4,2025-10-01 19:11:11.096847+00:00,2025-10-01 19:11:20.110551+00:00,9.013704,,
7877,5,2025-10-01 19:19:07.528679+00:00,2025-10-01 19:19:42.548918+00:00,35.020239,,
7877,6,2025-10-01 19:24:13.170186+00:00,2025-10-01 19:25:05.940380+00:00,52.770194,,
7877,1,2025-10-01 19:26:33.929623+00:00,2025-10-01 19:27:00.149285+00:00,26.219662,,
7877,2,2025-10-01 19:27:08.774036+00:00,2025-10-01 19:27:52.509331+00:00,43.735295,,
7877,3,2025-10-01 19:30:29.686623+00:00,2025-10-01 19:31:13.746869+00:00,44.060246,,
7877,4,2025-10-01 19:33:42.451118+00:00,2025-10-01 19:35:45.838430+00:00,123.387312,,
7877,5,2025-10-01 19:40:45.729228+00:00,2025-10-01 19:42:13.207274+00:00,87.478046,,
7877,6,2025-10-01 19:46:45.601651+00:00,2025-10-01 19:47:37.860206+00:00,52.258555,,
7877,1,2025-10-01 19:49:05.464711+00:00,2025-10-01 19:50:06.606716+00:00,61.142005,,
7877,2,2025-10-01 19:50:15.460985+00:00,2025-10-01 19:52:17.893007+00:00,122.432022,,
7877,3,2025-10-01 19:53:27.673919+00:00,2025-10-01 19:53:45.190367+00:00,17.516448,,
7877,4,2025-10-01 19:55:04.584048+00:00,2025-10-01 19:55:48.574394+00:00,43.990346,,
7877,5,2025-10-01 19:59:54.236661+00:00,2025-10-01 20:00:22.195202+00:00,27.958541,,
7877,6,2025-10-01 20:04:44.036175+00:00,2025-10-01 20:05:19.917562+00:00,35.881387,,
7877,1,2025-10-01 20:06:58.092641+00:00,2025-10-01 20:07:07.121401+00:00,9.02876,,
7877,2,2025-10-01 20:07:24.826262+00:00,2025-10-01 20:07:51.196027+00:00,26.369765,,
7877,3,2025-10-01 20:10:04.010482+00:00,2025-10-01 20:10:22.634393+00:00,18.623911,,
7877,4,2025-10-01 20:13:13.106471+00:00,2025-10-01 20:13:58.025292+00:00,44.918821,,
7877,5,2025-10-01 20:17:13.452057+00:00,2025-10-01 20:18:34.434058+00:00,80.982001,,
7877,6,2025-10-01 20:22:53.392262+00:00,2025-10-01 20:23:37.841315+00:00,44.449053,,
7877,2,2025-10-01 20:25:42.578297+00:00,2025-10-01 20:26:26.571852+00:00,43.993555,,
7877,3,2025-10-01 20:28:47.099752+00:00,2025-10-01 20:29:13.502586+00:00,26.402834,,
7877,4,2025-10-01 20:30:23.684228+00:00,2025-10-01 20:31:42.188003+00:00,78.503775,,
7877,5,2025-10-01 20:36:31.179296+00:00,2025-10-01 20:37:06.255236+00:00,35.07594,,
7877,6,2025-10-01 20:41:27.940082+00:00,2025-10-01 20:42:38.962144+00:00,71.022062,,
7877,1,2025-10-01 20:44:24.256703+00:00,2025-10-01 20:44:59.623670+00:00,35.366967,,
7877,2,2025-10-01 20:45:08.276931+00:00,2025-10-01 20:45:52.353351+00:00,44.07642,,
7877,3,2025-10-01 20:48:29.723808+00:00,2025-10-01 20:48:38.615210+00:00,8.891402,,
7877,4,2025-10-01 20:49:56.975575+00:00,2025-10-01 20:50:23.344333+00:00,26.368758,,
7877,5,2025-10-01 20:55:03.950028+00:00,2025-10-01 20:56:22.262656+00:00,78.312628,,
7877,6,2025-10-01 21:01:53.595758+00:00,2025-10-01 21:02:37.194440+00:00,43.598682,,
7877,1,2025-10-01 21:04:13.110695+00:00,2025-10-01 21:04:39.443524+00:00,26.332829,,
7877,2,2025-10-01 21:04:48.114690+00:00,2025-10-01 21:05:31.955563+00:00,43.840873,,
7877,3,2025-10-01 21:07:36.738148+00:00,2025-10-01 21:08:12.409554+00:00,35.671406,,
7877,4,2025-10-01 21:09:57.836480+00:00,2025-10-01 21:10:50.119043+00:00,52.282563,,
7877,5,2025-10-01 21:13:52.501433+00:00,2025-10-01 21:14:44.685727+00:00,52.184294,,
7877,6,2025-10-01 21:19:40.411384+00:00,2025-10-01 21:20:41.714655+00:00,61.303271,,
7877,1,2025-10-01 21:22:19.499251+00:00,2025-10-01 21:22:45.778253+00:00,26.279002,,
7877,2,2025-10-01 21:23:03.254887+00:00,2025-10-01 21:23:47.202682+00:00,43.947795,,
7877,3,2025-10-01 21:26:15.386356+00:00,2025-10-01 21:26:59.517939+00:00,44.131583,,
7877,4,2025-10-01 21:29:10.238369+00:00,2025-10-01 21:29:45.151671+00:00,34.913302,,
7877,5,2025-10-01 21:32:57.831617+00:00,2025-10-01 21:33:32.746424+00:00,34.914807,,
7877,6,2025-10-01 21:38:20.109241+00:00,2025-10-01 21:39:21.033601+00:00,60.92436,,
7877,1,2025-10-01 21:40:57.579273+00:00,2025-10-01 21:41:32.457794+00:00,34.878521,,
7877,2,2025-10-01 21:41:49.826834+00:00,2025-10-01 21:42:33.357235+00:00,43.530401,,
7877,4,2025-10-01 21:46:27.472928+00:00,2025-10-01 21:46:36.304583+00:00,8.831655,,
7877,5,2025-10-01 21:57:22.412339+00:00,2025-10-01 21:58:32.723650+00:00,70.311311,,
7877,6,2025-10-01 22:03:03.729007+00:00,2025-10-01 22:03:38.784179+00:00,35.055172,,
7877,1,2025-10-01 22:05:06.976140+00:00,2025-10-01 22:05:42.579270+00:00,35.60313,,
7877,2,2025-10-01 22:06:00.147088+00:00,2025-10-01 22:06:26.349611+00:00,26.202523,,
7877,3,2025-10-01 22:08:46.996991+00:00,2025-10-01 22:09:22.243084+00:00,35.246093,,
7877,4,2025-10-01 22:11:18.291639+00:00,2025-10-01 22:11:54.120073+00:00,35.828434,,
7877,5,2025-10-01 22:15:59.973974+00:00,2025-10-01 22:17:19.340096+00:00,79.366122,,
7877,6,2025-10-01 22:21:34.247750+00:00,2025-10-01 22:22:18.659725+00:00,44.411975,,
7877,1,2025-10-01 22:24:03.889161+00:00,2025-10-01 22:24:30.059921+00:00,26.17076,,
7877,2,2025-10-01 22:24:47.616010+00:00,2025-10-01 22:25:22.813051+00:00,35.197041,,
7877,3,2025-10-01 22:27:52.609623+00:00,2025-10-01 22:28:19.202856+00:00,26.593233,,
7877,4,2025-10-01 22:30:21.593038+00:00,2025-10-01 22:30:30.314283+00:00,8.721245,,
7877,5,2025-10-01 22:33:53.366696+00:00,2025-10-01 22:35:11.988711+00:00,78.622015,,
7877,6,2025-10-01 22:39:44.203036+00:00,2025-10-01 22:40:19.291694+00:00,35.088658,,
7877,1,2025-10-01 22:41:55.619350+00:00,2025-10-01 22:42:22.143274+00:00,26.523924,,
7877,2,2025-10-01 22:42:30.926207+00:00,2025-10-01 22:43:32.722532+00:00,61.796325,,
7877,3,2025-10-01 22:45:52.861046+00:00,2025-10-01 22:46:37.114753+00:00,44.253707,,
7877,4,2025-10-01 22:49:06.063476+00:00,2025-10-01 22:49:32.400251+00:00,26.336775,,
7877,5,2025-10-01 22:53:56.173348+00:00,2025-10-01 22:54:57.560476+00:00,61.387128,,
7877,6,2025-10-01 22:59:39.738116+00:00,2025-10-01 23:00:23.342389+00:00,43.604273,,
7877,1,2025-10-01 23:02:00.300538+00:00,2025-10-01 23:02:35.623383+00:00,35.322845,,
7877,2,2025-10-01 23:02:52.969735+00:00,2025-10-01 23:03:28.554845+00:00,35.58511,,
7877,3,2025-10-01 23:06:25.216329+00:00,2025-10-01 23:07:00.462045+00:00,35.245716,,
7877,4,2025-10-01 23:10:14.228040+00:00,2025-10-01 23:10:58.239941+00:00,44.011901,,
7877,5,2025-10-01 23:15:30.325563+00:00,2025-10-01 23:16:05.745794+00:00,35.420231,,
7877,6,2025-10-01 23:20:09.947909+00:00,2025-10-01 23:20:36.624957+00:00,26.677048,,
7877,1,2025-10-01 23:22:22.521727+00:00,2025-10-01 23:22:57.659539+00:00,35.137812,,
7877,2,2025-10-01 23:23:06.161561+00:00,2025-10-01 23:23:50.017203+00:00,43.855642,,
7877,3,2025-10-01 23:26:36.977532+00:00,2025-10-01 23:26:54.683742+00:00,17.70621,,
7877,4,2025-10-01 23:29:24.181675+00:00,2025-10-01 23:30:17.305033+00:00,53.123358,,
7877,5,2025-10-01 23:33:04.489321+00:00,2025-10-01 23:34:24.349270+00:00,79.859949,,
7877,6,2025-10-01 23:38:40.030449+00:00,2025-10-01 23:39:06.660468+00:00,26.630019,,
7877,1,2025-10-01 23:40:51.166042+00:00,2025-10-01 23:41:26.847236+00:00,35.681194,,
7877,2,2025-10-01 23:41:35.702508+00:00,2025-10-01 23:42:11.399084+00:00,35.696576,,
7877,3,2025-10-01 23:44:50.963732+00:00,2025-10-01 23:45:17.571644+00:00,26.607912,,
7877,4,2025-10-01 23:47:38.454492+00:00,2025-10-01 23:48:31.165596+00:00,52.711104,,
7877,5,2025-10-01 23:51:53.376692+00:00,2025-10-01 23:52:55.055169+00:00,61.678477,,
7877,6,2025-10-01 23:56:41.349743+00:00,2025-10-01 23:57:42.553217+00:00,61.203474,,
7877,1,2025-10-01 23:59:18.756654+00:00,2025-10-01 23:59:53.824178+00:00,35.067524,,
7877,2,2025-10-02 00:00:11.650995+00:00,2025-10-02 00:02:05.471125+00:00,113.82013,,
7877,3,2025-10-02 00:02:57.932100+00:00,2025-10-02 00:03:24.667485+00:00,26.735385,,
7877,4,2025-10-02 00:07:00.309247+00:00,2025-10-02 00:07:36.163097+00:00,35.85385,,
7877,5,2025-10-02 00:12:12.586030+00:00,2025-10-02 00:13:05.085618+00:00,52.499588,,
4878,13,2025-10-01 19:00:32.353741+00:00,2025-10-01 19:00:41.261677+00:00,8.907936,54541.0,B Route
4878,14,2025-10-01 19:02:19.208761+00:00,2025-10-01 19:02:54.472281+00:00,35.26352,54541.0,B Route
4878,6,2025-10-01 19:10:33.990144+00:00,2025-10-01 19:11:46.477605+00:00,72.487461,54541.0,B Route
4878,9,2025-10-01 19:12:48.292293+00:00,2025-10-01 19:14:07.774539+00:00,79.482246,54541.0,B Route
4878,10,2025-10-01 19:16:20.464511+00:00,2025-10-01 19:18:05.868587+00:00,105.404076,54541.0,B Route
4878,12,2025-10-01 19:24:04.321812+00:00,2025-10-01 19:24:56.890555+00:00,52.568743,54541.0,B Route
4878,13,2025-10-01 19:25:49.963140+00:00,2025-10-01 19:28:01.229814+00:00,131.266674,54541.0,B Route
4878,14,2025-10-01 19:30:03.241348+00:00,2025-10-01 19:30:47.334853+00:00,44.093505,54541.0,B Route
4878,6,2025-10-01 19:38:50.387390+00:00,2025-10-01 19:40:19.490014+00:00,89.102624,54541.0,B Route
4878,9,2025-10-01 19:41:03.179511+00:00,2025-10-01 19:42:04.537649+00:00,61.358138,54541.0,B Route
4878,10,2025-10-01 19:44:33.808000+00:00,2025-10-01 19:46:28.397748+00:00,114.589748,54541.0,B Route
4878,12,2025-10-01 19:51:25.208066+00:00,2025-10-01 19:52:44.010807+00:00,78.802741,54541.0,B Route
4878,13,2025-10-01 19:53:36.403894+00:00,2025-10-01 19:54:38.299194+00:00,61.8953,54541.0,B Route
4878,14,2025-10-01 19:56:14.793009+00:00,2025-10-01 19:56:58.682114+00:00,43.889105,54541.0,B Route
4878,6,2025-10-01 20:04:26.262714+00:00,2025-10-01 20:05:10.991319+00:00,44.728605,54541.0,B Route
4878,9,2025-10-01 20:06:13.648295+00:00,2025-10-01 20:06:48.891890+00:00,35.243595,54541.0,B Route
4878,10,2025-10-01 20:08:44.588241+00:00,2025-10-01 20:19:54.302774+00:00,669.714533,54541.0,B Route
4878,12,2025-10-01 20:24:49.108381+00:00,2025-10-01 20:25:42.685919+00:00,53.577538,54541.0,B Route
4878,13,2025-10-01 20:26:44.043465+00:00,2025-10-01 20:27:54.456089+00:00,70.412624,54541.0,B Route
4878,14,2025-10-01 20:29:31.052513+00:00,2025-10-01 20:30:06.042065+00:00,34.989552,54541.0,B Route
4878,6,2025-10-01 20:37:32.329013+00:00,2025-10-01 20:38:16.163145+00:00,43.834132,54541.0,B Route
4878,9,2025-10-01 20:39:16.857823+00:00,2025-10-01 20:40:09.754334+00:00,52.896511,54541.0,B Route
4878,10,2025-10-01 20:42:03.299945+00:00,2025-10-01 20:51:42.378884+00:00,579.078939,54541.0,B Route
4878,12,2025-10-01 20:56:22.264305+00:00,2025-10-01 20:57:31.980242+00:00,69.715937,54541.0,B Route
4878,13,2025-10-01 20:58:23.821885+00:00,2025-10-01 21:04:48.269524+00:00,384.447639,54541.0,B Route
4878,14,2025-10-01 21:06:34.904290+00:00,2025-10-01 21:07:19.191367+00:00,44.287077,54541.0,B Route
4878,6,2025-10-01 21:15:45.712268+00:00,2025-10-01 21:17:21.455545+00:00,95.743277,54541.0,B Route
4878,9,2025-10-01 21:18:48.483200+00:00,2025-10-01 21:19:57.836609+00:00,69.353409,54541.0,B Route
4878,10,2025-10-01 21:22:54.512432+00:00,2025-10-01 21:25:31.720336+00:00,157.207904,54541.0,B Route
4878,12,2025-10-01 21:30:55.030333+00:00,2025-10-01 21:33:15.247840+00:00,140.217507,54541.0,B Route
4878,13,2025-10-01 21:34:33.607754+00:00,2025-10-01 21:35:52.684253+00:00,79.076499,54541.0,B Route
4878,14,2025-10-01 21:37:45.404433+00:00,2025-10-01 21:38:28.941625+00:00,43.537192,54541.0,B Route
4878,6,2025-10-01 21:46:44.978322+00:00,2025-10-01 21:47:45.907371+00:00,60.929049,54541.0,B Route
4878,9,2025-10-01 21:48:38.041430+00:00,2025-10-01 21:49:39.051158+00:00,61.009728,54541.0,B Route
4878,10,2025-10-01 21:51:49.076902+00:00,2025-10-01 22:01:19.194549+00:00,570.117647,54541.0,B Route
4878,12,2025-10-01 22:06:26.351416+00:00,2025-10-01 22:07:10.554136+00:00,44.20272,54541.0,B Route
4878,13,2025-10-01 22:08:11.860124+00:00,2025-10-01 22:09:39.938154+00:00,88.07803,54541.0,B Route
4878,14,2025-10-01 22:11:27.257683+00:00,2025-10-01 22:11:54.174571+00:00,26.916888,54541.0,B Route
4878,6,2025-10-01 22:19:40.035960+00:00,2025-10-01 22:20:33.147195+00:00,53.111235,54541.0,B Route
4878,9,2025-10-01 22:21:34.342710+00:00,2025-10-01 22:22:18.727697+00:00,44.384987,54541.0,B Route
4878,10,2025-10-01 22:24:56.331769+00:00,2025-10-01 22:35:38.662764+00:00,642.330995,54541.0,B Route
4878,12,2025-10-01 22:41:20.484820+00:00,2025-10-01 22:42:22.213914+00:00,61.729094,54541.0,B Route
4878,13,2025-10-01 22:43:15.152287+00:00,2025-10-01 22:46:10.688521+00:00,175.536234,54541.0,B Route
4878,14,2025-10-01 22:48:03.967612+00:00,2025-10-01 22:49:14.853536+00:00,70.885924,54541.0,B Route
4878,6,2025-10-01 22:56:16.791181+00:00,2025-10-01 22:57:27.539716+00:00,70.748535,54541.0,B Route
4878,9,2025-10-01 22:58:29.304331+00:00,2025-10-01 22:59:57.362878+00:00,88.058547,54541.0,B Route
4878,10,2025-10-01 23:02:26.894290+00:00,2025-10-01 23:05:05.274597+00:00,158.380307,54541.0,B Route
4878,12,2025-10-01 23:12:52.202183+00:00,2025-10-01 23:15:04.325261+00:00,132.123078,54541.0,B Route
4878,13,2025-10-01 23:16:31.861953+00:00,2025-10-01 23:18:24.960619+00:00,113.098666,54541.0,B Route
4878,14,2025-10-01 23:20:53.978383+00:00,2025-10-01 23:21:47.661699+00:00,53.683316,54541.0,B Route
4878,6,2025-10-01 23:31:01.146083+00:00,2025-10-01 23:32:03.262012+00:00,62.115929,54541.0,B Route
4878,9,2025-10-01 23:32:55.773045+00:00,2025-10-01 23:33:57.851423+00:00,62.078378,54541.0,B Route
4878,10,2025-10-01 23:36:46.297127+00:00,2025-10-01 23:39:06.716409+00:00,140.419282,54541.0,B Route
4878,12,2025-10-01 23:44:23.816923+00:00,2025-10-01 23:45:26.235301+00:00,62.418378,54541.0,B Route
4878,13,2025-10-01 23:46:27.822200+00:00,2025-10-01 23:48:22.087098+00:00,114.264898,54541.0,B Route
4878,14,2025-10-01 23:49:58.524858+00:00,2025-10-01 23:50:43.005307+00:00,44.480449,54541.0,B Route
4878,6,2025-10-01 23:58:34.738888+00:00,2025-10-01 23:59:44.999551+00:00,70.260663,54541.0,B Route
4878,9,2025-10-02 00:00:37.914497+00:00,2025-10-02 00:01:30.673252+00:00,52.758755,54541.0,B Route
4890,17,2025-10-01 10:59:05.578076+00:00,2025-10-01 11:00:39.628393+00:00,94.050317,54541.0,B Route
4890,18,2025-10-01 11:01:22.404175+00:00,2025-10-01 11:01:48.109562+00:00,25.705387,54541.0,B Route
4890,16,2025-10-01 11:03:30.562441+00:00,2025-10-01 11:03:39.444440+00:00,8.881999,54541.0,B Route
4890,12,2025-10-01 11:12:24.119527+00:00,2025-10-01 11:13:07.259246+00:00,43.139719,54541.0,B Route
4890,13,2025-10-01 11:13:50.312024+00:00,2025-10-01 11:15:25.499974+00:00,95.18795,54541.0,B Route
4890,17,2025-10-01 11:27:15.012487+00:00,2025-10-01 11:29:07.418494+00:00,112.406007,54541.0,B Route
4890,18,2025-10-01 11:30:42.859429+00:00,2025-10-01 11:31:00.182811+00:00,17.323382,54541.0,B Route
4890,16,2025-10-01 11:35:02.871347+00:00,2025-10-01 11:35:11.516759+00:00,8.645412,54541.0,B Route
4890,12,2025-10-01 11:43:52.299430+00:00,2025-10-01 11:44:44.010918+00:00,51.711488,54541.0,B Route
4890,13,2025-10-01 11:45:36.282594+00:00,2025-10-01 11:46:46.100527+00:00,69.817933,54541.0,B Route
4890,17,2025-10-01 11:58:54.062361+00:00,2025-10-01 12:02:39.271532+00:00,225.209171,54541.0,B Route
4890,18,2025-10-01 12:03:39.363576+00:00,2025-10-01 12:04:15.533574+00:00,36.169998,54541.0,B Route
4890,16,2025-10-01 12:09:44.839368+00:00,2025-10-01 12:09:53.616963+00:00,8.777595,54541.0,B Route
4890,12,2025-10-01 12:20:05.671872+00:00,2025-10-01 12:20:48.990768+00:00,43.318896,54541.0,B Route
4890,13,2025-10-01 12:21:15.020313+00:00,2025-10-01 12:26:45.102197+00:00,330.081884,54541.0,B Route
4890,17,2025-10-01 12:39:09.880212+00:00,2025-10-01 12:40:19.217383+00:00,69.337171,54541.0,B Route
4890,18,2025-10-01 12:41:03.055665+00:00,2025-10-01 12:41:46.442990+00:00,43.387325,54541.0,B Route
4890,16,2025-10-01 12:43:31.237566+00:00,2025-10-01 12:43:40.048926+00:00,8.81136,54541.0,B Route
4890,12,2025-10-01 12:52:37.604598+00:00,2025-10-01 12:53:12.592036+00:00,34.987438,54541.0,B Route
4890,13,2025-10-01 12:53:55.917342+00:00,2025-10-01 12:55:05.121802+00:00,69.20446,54541.0,B Route
4890,17,2025-10-01 13:08:48.962954+00:00,2025-10-01 13:09:50.141978+00:00,61.179024,54541.0,B Route
4890,18,2025-10-01 13:10:24.760452+00:00,2025-10-01 13:10:42.454529+00:00,17.694077,54541.0,B Route
4890,16,2025-10-01 13:12:34.765254+00:00,2025-10-01 13:12:43.487734+00:00,8.72248,54541.0,B Route
4890,12,2025-10-01 13:20:49.905965+00:00,2025-10-01 13:21:16.339665+00:00,26.4337,54541.0,B Route
4890,13,2025-10-01 13:22:08.676888+00:00,2025-10-01 13:23:26.344690+00:00,77.667802,54541.0,B Route
4890,17,2025-10-01 13:38:26.092883+00:00,2025-10-01 13:40:37.295756+00:00,131.202873,54541.0,B Route
4890,18,2025-10-01 13:41:54.901347+00:00,2025-10-01 13:43:30.837653+00:00,95.936306,54541.0,B Route
4890,16,2025-10-01 13:47:35.329346+00:00,2025-10-01 13:47:44.127082+00:00,8.797736,54541.0,B Route
4890,12,2025-10-01 13:58:11.021601+00:00,2025-10-01 13:59:20.282139+00:00,69.260538,54541.0,B Route
4890,13,2025-10-01 14:00:03.540271+00:00,2025-10-01 14:02:06.429607+00:00,122.889336,54541.0,B Route
4890,17,2025-10-01 14:15:37.859603+00:00,2025-10-01 14:16:30.745065+00:00,52.885462,54541.0,B Route
4890,18,2025-10-01 14:17:31.743242+00:00,2025-10-01 14:18:23.936400+00:00,52.193158,54541.0,B Route
4890,16,2025-10-01 14:20:52.628343+00:00,2025-10-01 14:21:01.328407+00:00,8.700064,54541.0,B Route
4890,12,2025-10-01 14:30:01.103024+00:00,2025-10-01 14:30:44.747245+00:00,43.644221,54541.0,B Route
4890,13,2025-10-01 14:31:54.372706+00:00,2025-10-01 14:36:51.173155+00:00,296.800449,54541.0,B Route
4890,17,2025-10-01 14:50:50.994595+00:00,2025-10-01 14:52:01.480152+00:00,70.485557,54541.0,B Route
4890,18,2025-10-01 14:52:44.793052+00:00,2025-10-01 14:53:28.447309+00:00,43.654257,54541.0,B Route
4890,16,2025-10-01 14:56:14.920320+00:00,2025-10-01 14:56:23.634963+00:00,8.714643,54541.0,B Route
4890,12,2025-10-01 15:04:41.677237+00:00,2025-10-01 15:05:16.716507+00:00,35.03927,54541.0,B Route
4890,13,2025-10-01 15:05:51.679320+00:00,2025-10-01 15:07:19.008969+00:00,87.329649,54541.0,B Route
4890,17,2025-10-01 15:19:25.197421+00:00,2025-10-01 15:20:08.919619+00:00,43.722198,54541.0,B Route
4890,18,2025-10-01 15:21:37.397526+00:00,2025-10-01 15:22:12.491043+00:00,35.093517,54541.0,B Route
4890,16,2025-10-01 15:26:17.429155+00:00,2025-10-01 15:26:26.367577+00:00,8.938422,54541.0,B Route
4890,12,2025-10-01 15:34:27.914924+00:00,2025-10-01 15:35:11.518242+00:00,43.603318,54541.0,B Route
4890,13,2025-10-01 15:36:12.974948+00:00,2025-10-01 15:37:23.401970+00:00,70.427022,54541.0,B Route
4890,17,2025-10-01 15:53:06.153854+00:00,2025-10-01 15:54:42.646442+00:00,96.492588,54541.0,B Route
4890,18,2025-10-01 15:55:43.923716+00:00,2025-10-01 15:56:19.275411+00:00,35.351695,54541.0,B Route
4890,16,2025-10-01 16:00:58.828042+00:00,2025-10-01 16:01:07.728755+00:00,8.900713,54541.0,B Route
4890,12,2025-10-01 16:09:54.588202+00:00,2025-10-01 16:10:38.896219+00:00,44.308017,54541.0,B Route
4890,13,2025-10-01 16:11:30.996910+00:00,2025-10-01 16:13:16.577365+00:00,105.580455,54541.0,B Route
4890,17,2025-10-01 16:28:01.525211+00:00,2025-10-01 16:28:36.365692+00:00,34.840481,54541.0,B Route
4890,18,2025-10-01 16:31:05.133606+00:00,2025-10-01 16:32:14.954554+00:00,69.820948,54541.0,B Route
4890,16,2025-10-01 16:36:48.054948+00:00,2025-10-01 16:36:57.125578+00:00,9.07063,54541.0,B Route
4890,12,2025-10-01 16:46:00.776257+00:00,2025-10-01 16:46:44.674785+00:00,43.898528,54541.0,B Route
4890,13,2025-10-01 16:47:45.646918+00:00,2025-10-01 16:49:39.043809+00:00,113.396891,54541.0,B Route
4890,17,2025-10-01 17:03:51.179252+00:00,2025-10-01 17:05:45.351313+00:00,114.172061,54541.0,B Route
4890,18,2025-10-01 17:07:05.421746+00:00,2025-10-01 17:07:40.625736+00:00,35.20399,54541.0,B Route
4890,16,2025-10-01 17:12:22.912086+00:00,2025-10-01 17:12:32.021363+00:00,9.109277,54541.0,B Route
4890,12,2025-10-01 17:23:32.039901+00:00,2025-10-01 17:24:59.497684+00:00,87.457783,54541.0,B Route
4890,13,2025-10-01 17:26:18.617561+00:00,2025-10-01 17:28:12.413401+00:00,113.79584,54541.0,B Route
4890,17,2025-10-01 17:45:52.374955+00:00,2025-10-01 17:46:54.437209+00:00,62.062254,54541.0,B Route
4890,18,2025-10-01 17:48:39.344770+00:00,2025-10-01 17:49:23.300908+00:00,43.956138,54541.0,B Route
4890,16,2025-10-01 17:53:19.094862+00:00,2025-10-01 17:53:28.008518+00:00,8.913656,54541.0,B Route
4890,12,2025-10-01 18:03:53.954073+00:00,2025-10-01 18:04:48.773806+00:00,54.819733,54541.0,B Route
4890,13,2025-10-01 18:05:33.104858+00:00,2025-10-01 18:07:11.802092+00:00,98.697234,54541.0,B Route
4890,17,2025-10-01 18:20:01.401855+00:00,2025-10-01 18:24:24.904354+00:00,263.502499,54541.0,B Route
4890,18,2025-10-01 18:25:09.275186+00:00,2025-10-01 18:25:53.337194+00:00,44.062008,54541.0,B Route
4890,16,2025-10-01 18:28:31.312724+00:00,2025-10-01 18:28:40.071035+00:00,8.758311,54541.0,B Route
4890,12,2025-10-01 18:38:03.500411+00:00,2025-10-01 18:41:00.818926+00:00,177.318515,54541.0,B Route
4890,13,2025-10-01 18:42:20.007652+00:00,2025-10-01 18:45:25.118158+00:00,185.110506,54541.0,B Route
4890,17,2025-10-01 19:03:03.124724+00:00,2025-10-01 19:07:11.419670+00:00,248.294946,54541.0,B Route
4890,18,2025-10-01 19:08:38.746750+00:00,2025-10-01 19:10:24.943885+00:00,106.197135,54541.0,B Route
4890,16,2025-10-01 19:15:00.959372+00:00,2025-10-01 19:15:10.339182+00:00,9.37981,54541.0,B Route
4890,12,2025-10-01 19:25:58.708170+00:00,2025-10-01 19:26:51.410238+00:00,52.702068,54541.0,B Route
4890,13,2025-10-01 19:28:44.865122+00:00,2025-10-01 19:35:45.900863+00:00,421.035741,54541.0,B Route
4890,17,2025-10-01 20:09:46.417537+00:00,2025-10-01 20:10:58.657592+00:00,72.240055,54541.0,B Route
4890,18,2025-10-01 20:12:01.738910+00:00,2025-10-01 20:12:55.353382+00:00,53.614472,54541.0,B Route
4890,16,2025-10-01 20:16:10.513073+00:00,2025-10-01 20:16:19.987623+00:00,9.47455,54541.0,B Route
4890,12,2025-10-01 20:26:09.319203+00:00,2025-10-01 20:27:10.521403+00:00,61.2022,54541.0,B Route
4890,13,2025-10-01 20:29:22.181860+00:00,2025-10-01 20:30:49.924550+00:00,87.74269,54541.0,B Route
4890,17,2025-10-01 21:07:19.193776+00:00,2025-10-01 21:09:14.250892+00:00,115.057116,54541.0,B Route
4890,18,2025-10-01 21:10:06.582561+00:00,2025-10-01 21:11:25.119985+00:00,78.537424,54541.0,B Route
4890,16,2025-10-01 21:17:21.457073+00:00,2025-10-01 21:17:30.143788+00:00,8.686715,54541.0,B Route
4890,12,2025-10-01 21:30:02.795883+00:00,2025-10-01 21:32:05.239994+00:00,122.444111,54541.0,B Route
4890,13,2025-10-01 21:33:15.249228+00:00,2025-10-01 21:35:17.447748+00:00,122.19852,54541.0,B Route
4890,17,2025-10-01 22:04:22.896264+00:00,2025-10-01 22:05:33.819865+00:00,70.923601,54541.0,B Route
4890,18,2025-10-01 22:06:43.998081+00:00,2025-10-01 22:07:54.577352+00:00,70.579271,54541.0,B Route
4890,16,2025-10-01 22:10:33.806597+00:00,2025-10-01 22:10:42.883002+00:00,9.076405,54541.0,B Route
4890,12,2025-10-01 22:20:50.403447+00:00,2025-10-01 22:21:52.109332+00:00,61.705885,54541.0,B Route
4890,13,2025-10-01 22:23:02.784940+00:00,2025-10-01 22:30:39.146567+00:00,456.361627,54541.0,B Route
4890,17,2025-10-01 22:51:01.130711+00:00,2025-10-01 22:51:18.552937+00:00,17.422226,54541.0,B Route
4890,18,2025-10-01 22:52:46.235441+00:00,2025-10-01 22:57:01.009834+00:00,254.774393,54541.0,B Route
4890,16,2025-10-01 23:00:49.745959+00:00,2025-10-01 23:00:58.750614+00:00,9.004655,54541.0,B Route
4890,12,2025-10-01 23:13:18.475386+00:00,2025-10-01 23:15:30.493631+00:00,132.018245,54541.0,B Route
4890,13,2025-10-01 23:16:58.132253+00:00,2025-10-01 23:18:42.621377+00:00,104.489124,54541.0,B Route
4890,17,2025-10-01 23:38:40.115878+00:00,2025-10-01 23:40:16.347570+00:00,96.231692,54541.0,B Route
4890,18,2025-10-01 23:41:09.108564+00:00,2025-10-01 23:41:53.776542+00:00,44.667978,54541.0,B Route
4890,16,2025-10-01 23:45:52.570958+00:00,2025-10-01 23:46:01.672711+00:00,9.101753,54541.0,B Route
4890,12,2025-10-01 23:57:16.401250+00:00,2025-10-01 23:58:43.786872+00:00,87.385622,54541.0,B Route
4890,13,2025-10-02 00:00:02.803775+00:00,2025-10-02 00:02:49.312265+00:00,166.50849,54541.0,B Route
4882,3,2025-10-01 11:17:34.790465+00:00,2025-10-01 11:18:09.286097+00:00,34.495632,54545.0,LX Route
4882,5,2025-10-01 11:22:46.300477+00:00,2025-10-01 11:23:12.020487+00:00,25.72001,54545.0,LX Route
4882,6,2025-10-01 11:25:04.642377+00:00,2025-10-01 11:25:39.375729+00:00,34.733352,54545.0,LX Route
4882,9,2025-10-01 11:26:40.251472+00:00,2025-10-01 11:27:06.422454+00:00,26.170982,54545.0,LX Route
4882,10,2025-10-01 11:28:49.837910+00:00,2025-10-01 11:29:33.383556+00:00,43.545646,54545.0,LX Route
4882,11,2025-10-01 11:33:18.884906+00:00,2025-10-01 11:33:45.251243+00:00,26.366337,54545.0,LX Route
4882,1,2025-10-01 11:37:12.430846+00:00,2025-10-01 11:40:14.482650+00:00,182.051804,54545.0,LX Route
4882,2,2025-10-01 11:41:14.749767+00:00,2025-10-01 11:41:58.251967+00:00,43.5022,54545.0,LX Route
4882,3,2025-10-01 11:45:18.830114+00:00,2025-10-01 11:46:02.431978+00:00,43.601864,54545.0,LX Route
4882,5,2025-10-01 11:50:39.666041+00:00,2025-10-01 11:51:14.552975+00:00,34.886934,54545.0,LX Route
4882,6,2025-10-01 11:53:15.071888+00:00,2025-10-01 11:53:49.731586+00:00,34.659698,54545.0,LX Route
4882,9,2025-10-01 11:54:32.859175+00:00,2025-10-01 11:55:25.694578+00:00,52.835403,54545.0,LX Route
4882,10,2025-10-01 11:57:19.086370+00:00,2025-10-01 12:04:50.177792+00:00,451.091422,54545.0,LX Route
4882,11,2025-10-01 12:06:08.164681+00:00,2025-10-01 12:06:34.629068+00:00,26.464387,54545.0,LX Route
4882,1,2025-10-01 12:11:03.069465+00:00,2025-10-01 12:11:54.796534+00:00,51.727069,54545.0,LX Route
4882,2,2025-10-01 12:12:55.253847+00:00,2025-10-01 12:13:55.766664+00:00,60.512817,54545.0,LX Route
4882,3,2025-10-01 12:16:47.272338+00:00,2025-10-01 12:17:30.714179+00:00,43.441841,54545.0,LX Route
4882,5,2025-10-01 12:21:58.172358+00:00,2025-10-01 12:22:41.464997+00:00,43.292639,54545.0,LX Route
4882,6,2025-10-01 12:24:43.119283+00:00,2025-10-01 12:25:00.919805+00:00,17.800522,54545.0,LX Route
4882,9,2025-10-01 12:26:36.204082+00:00,2025-10-01 12:27:45.687895+00:00,69.483813,54545.0,LX Route
4882,10,2025-10-01 12:29:38.366221+00:00,2025-10-01 12:30:38.902548+00:00,60.536327,54545.0,LX Route
4882,11,2025-10-01 12:32:05.794252+00:00,2025-10-01 12:33:32.482735+00:00,86.688483,54545.0,LX Route
4882,1,2025-10-01 12:37:43.063559+00:00,2025-10-01 12:38:52.791650+00:00,69.728091,54545.0,LX Route
4882,2,2025-10-01 12:39:35.870100+00:00,2025-10-01 12:40:28.059878+00:00,52.189778,54545.0,LX Route
4882,3,2025-10-01 12:43:13.732880+00:00,2025-10-01 12:43:57.130931+00:00,43.398051,54545.0,LX Route
4882,5,2025-10-01 12:48:35.306372+00:00,2025-10-01 12:49:01.240780+00:00,25.934408,54545.0,LX Route
4882,6,2025-10-01 12:51:11.052758+00:00,2025-10-01 12:51:45.562741+00:00,34.509983,54545.0,LX Route
4882,9,2025-10-01 12:52:28.877506+00:00,2025-10-01 12:53:12.661568+00:00,43.784062,54545.0,LX Route
4882,10,2025-10-01 12:55:05.124544+00:00,2025-10-01 12:57:58.150241+00:00,173.025697,54545.0,LX Route
4882,11,2025-10-01 13:07:13.376726+00:00,2025-10-01 13:07:48.110227+00:00,34.733501,54545.0,LX Route
4882,1,2025-10-01 13:11:34.532050+00:00,2025-10-01 13:12:43.551276+00:00,69.019226,54545.0,LX Route
4882,2,2025-10-01 13:14:01.083078+00:00,2025-10-01 13:15:19.516213+00:00,78.433135,54545.0,LX Route
4882,3,2025-10-01 13:17:46.754613+00:00,2025-10-01 13:18:39.502072+00:00,52.747459,54545.0,LX Route
4882,5,2025-10-01 13:23:09.026031+00:00,2025-10-01 13:23:43.916677+00:00,34.890646,54545.0,LX Route
4882,6,2025-10-01 13:25:37.502324+00:00,2025-10-01 13:26:38.209918+00:00,60.707594,54545.0,LX Route
4882,9,2025-10-01 13:27:30.360797+00:00,2025-10-01 13:28:32.410613+00:00,62.049816,54545.0,LX Route
4882,10,2025-10-01 13:30:16.214229+00:00,2025-10-01 13:32:27.043630+00:00,130.829401,54545.0,LX Route
4882,11,2025-10-01 13:33:36.937498+00:00,2025-10-01 13:34:21.227365+00:00,44.289867,54545.0,LX Route
4882,1,2025-10-01 13:37:59.449546+00:00,2025-10-01 13:39:01.055552+00:00,61.606006,54545.0,LX Route
4882,2,2025-10-01 13:41:11.660264+00:00,2025-10-01 13:41:20.570247+00:00,8.909983,54545.0,LX Route
4882,3,2025-10-01 13:43:30.840223+00:00,2025-10-01 13:44:59.036173+00:00,88.19595,54545.0,LX Route
4882,5,2025-10-01 13:49:55.978124+00:00,2025-10-01 13:51:05.341934+00:00,69.36381,54545.0,LX Route
4882,6,2025-10-01 13:53:15.208549+00:00,2025-10-01 13:54:33.104545+00:00,77.895996,54545.0,LX Route
4882,9,2025-10-01 13:55:25.252351+00:00,2025-10-01 13:56:35.110565+00:00,69.858214,54545.0,LX Route
4882,10,2025-10-01 13:58:28.240918+00:00,2025-10-01 14:02:15.610573+00:00,227.369655,54545.0,LX Route
4882,11,2025-10-01 14:04:08.947411+00:00,2025-10-01 14:04:43.848980+00:00,34.901569,54545.0,LX Route
4882,1,2025-10-01 14:09:40.752612+00:00,2025-10-01 14:10:50.262930+00:00,69.510318,54545.0,LX Route
4882,2,2025-10-01 14:15:20.415029+00:00,2025-10-01 14:15:29.259897+00:00,8.844868,54545.0,LX Route
4882,3,2025-10-01 14:18:15.175888+00:00,2025-10-01 14:19:51.606956+00:00,96.431068,54545.0,LX Route
4882,5,2025-10-01 14:24:29.503717+00:00,2025-10-01 14:25:04.319865+00:00,34.816148,54545.0,LX Route
4882,6,2025-10-01 14:26:57.975676+00:00,2025-10-01 14:27:15.405853+00:00,17.430177,54545.0,LX Route
4882,9,2025-10-01 14:28:42.259161+00:00,2025-10-01 14:29:35.297098+00:00,53.037937,54545.0,LX Route
4882,10,2025-10-01 14:31:28.216349+00:00,2025-10-01 14:33:56.842872+00:00,148.626523,54545.0,LX Route
4882,11,2025-10-01 14:35:06.797260+00:00,2025-10-01 14:35:41.608996+00:00,34.811736,54545.0,LX Route
4882,1,2025-10-01 14:39:55.121019+00:00,2025-10-01 14:41:04.807183+00:00,69.686164,54545.0,LX Route
4882,2,2025-10-01 14:42:14.982321+00:00,2025-10-01 14:42:49.911318+00:00,34.928997,54545.0,LX Route
4882,3,2025-10-01 14:45:09.138252+00:00,2025-10-01 14:45:44.835451+00:00,35.697199,54545.0,LX Route
4882,5,2025-10-01 14:50:15.805297+00:00,2025-10-01 14:50:42.207565+00:00,26.402268,54545.0,LX Route
4882,6,2025-10-01 14:52:35.957559+00:00,2025-10-01 14:53:45.838896+00:00,69.881337,54545.0,LX Route
4882,9,2025-10-01 14:54:47.489012+00:00,2025-10-01 14:55:30.964524+00:00,43.475512,54545.0,LX Route
4882,10,2025-10-01 14:57:07.014286+00:00,2025-10-01 15:01:28.891550+00:00,261.877264,54545.0,LX Route
4882,11,2025-10-01 15:02:38.761216+00:00,2025-10-01 15:03:04.935990+00:00,26.174774,54545.0,LX Route
4882,1,2025-10-01 15:07:01.217681+00:00,2025-10-01 15:15:44.852846+00:00,523.635165,54545.0,LX Route
4882,2,2025-10-01 15:16:55.373686+00:00,2025-10-01 15:17:30.841707+00:00,35.468021,54545.0,LX Route
4882,3,2025-10-01 15:20:00.109546+00:00,2025-10-01 15:21:37.545672+00:00,97.436126,54545.0,LX Route
4882,5,2025-10-01 15:26:08.683355+00:00,2025-10-01 15:26:52.619441+00:00,43.936086,54545.0,LX Route
4882,6,2025-10-01 15:28:55.191471+00:00,2025-10-01 15:29:38.759892+00:00,43.568421,54545.0,LX Route
4882,9,2025-10-01 15:30:31.322946+00:00,2025-10-01 15:31:32.822596+00:00,61.49965,54545.0,LX Route
4882,10,2025-10-01 15:33:53.024778+00:00,2025-10-01 15:35:38.007137+00:00,104.982359,54545.0,LX Route
4882,11,2025-10-01 15:37:23.403408+00:00,2025-10-01 15:38:07.145795+00:00,43.742387,54545.0,LX Route
4882,1,2025-10-01 15:42:47.023207+00:00,2025-10-01 15:43:48.084845+00:00,61.061638,54545.0,LX Route
4882,2,2025-10-01 15:47:26.606668+00:00,2025-10-01 15:48:09.872414+00:00,43.265746,54545.0,LX Route
4882,3,2025-10-01 15:52:04.970828+00:00,2025-10-01 15:53:06.287719+00:00,61.316891,54545.0,LX Route
4882,5,2025-10-01 15:57:46.395461+00:00,2025-10-01 15:58:38.787121+00:00,52.39166,54545.0,LX Route
4882,6,2025-10-01 16:00:49.880628+00:00,2025-10-01 16:01:59.934408+00:00,70.05378,54545.0,LX Route
4882,9,2025-10-01 16:03:00.920516+00:00,2025-10-01 16:04:02.540790+00:00,61.620274,54545.0,LX Route
4882,10,2025-10-01 16:06:05.579114+00:00,2025-10-01 16:08:09.159066+00:00,123.579952,54545.0,LX Route
4882,11,2025-10-01 16:09:28.109164+00:00,2025-10-01 16:10:03.448691+00:00,35.339527,54545.0,LX Route
4882,1,2025-10-01 16:14:00.308639+00:00,2025-10-01 16:15:36.890844+00:00,96.582205,54545.0,LX Route
4882,2,2025-10-01 16:17:56.925847+00:00,2025-10-01 16:18:05.958888+00:00,9.033041,54545.0,LX Route
4882,3,2025-10-01 16:21:10.105673+00:00,2025-10-01 16:22:38.318165+00:00,88.212492,54545.0,LX Route
4882,5,2025-10-01 16:27:34.949905+00:00,2025-10-01 16:28:10.282719+00:00,35.332814,54545.0,LX Route
4882,6,2025-10-01 16:30:12.782136+00:00,2025-10-01 16:31:05.342214+00:00,52.560078,54545.0,LX Route
4882,9,2025-10-01 16:31:48.941195+00:00,2025-10-01 16:32:41.337201+00:00,52.396006,54545.0,LX Route
4882,10,2025-10-01 16:34:26.656913+00:00,2025-10-01 16:36:22.090633+00:00,115.43372,54545.0,LX Route
4882,11,2025-10-01 16:37:40.777619+00:00,2025-10-01 16:38:16.082226+00:00,35.304607,54545.0,LX Route
4882,1,2025-10-01 16:42:29.159223+00:00,2025-10-01 16:43:57.409187+00:00,88.249964,54545.0,LX Route
4882,2,2025-10-01 16:46:18.330725+00:00,2025-10-01 16:46:44.738166+00:00,26.407441,54545.0,LX Route
4882,3,2025-10-01 16:50:22.646591+00:00,2025-10-01 16:50:57.879994+00:00,35.233403,54545.0,LX Route
4882,5,2025-10-01 16:55:48.247609+00:00,2025-10-01 16:56:14.560196+00:00,26.312587,54545.0,LX Route
4882,6,2025-10-01 16:58:25.811979+00:00,2025-10-01 16:59:18.694084+00:00,52.882105,54545.0,LX Route
4882,9,2025-10-01 17:00:02.738285+00:00,2025-10-01 17:00:55.661159+00:00,52.922874,54545.0,LX Route
4882,10,2025-10-01 17:03:06.782601+00:00,2025-10-01 17:11:55.919223+00:00,529.136622,54545.0,LX Route
4882,11,2025-10-01 17:13:16.044903+00:00,2025-10-01 17:13:51.473164+00:00,35.428261,54545.0,LX Route
4882,1,2025-10-01 17:18:49.860932+00:00,2025-10-01 17:19:51.569546+00:00,61.708614,54545.0,LX Route
4882,2,2025-10-01 17:21:37.659628+00:00,2025-10-01 17:22:48.138285+00:00,70.478657,54545.0,LX Route
4882,3,2025-10-01 17:29:49.382950+00:00,2025-10-01 17:31:17.386646+00:00,88.003696,54545.0,LX Route
4882,5,2025-10-01 17:36:30.911488+00:00,2025-10-01 17:37:14.895837+00:00,43.984349,54545.0,LX Route
4882,6,2025-10-01 17:39:18.300011+00:00,2025-10-01 17:40:19.734624+00:00,61.434613,54545.0,LX Route
4882,9,2025-10-01 17:41:21.067137+00:00,2025-10-01 17:42:39.832959+00:00,78.765822,54545.0,LX Route
4882,10,2025-10-01 17:45:07.866453+00:00,2025-10-01 17:47:03.387126+00:00,115.520673,54545.0,LX Route
4882,11,2025-10-01 17:48:48.222706+00:00,2025-10-01 17:49:23.373642+00:00,35.150936,54545.0,LX Route
4882,1,2025-10-01 17:54:20.757745+00:00,2025-10-01 17:55:57.056441+00:00,96.298696,54545.0,LX Route
4882,2,2025-10-01 17:58:42.942645+00:00,2025-10-01 17:59:53.435881+00:00,70.493236,54545.0,LX Route
4882,3,2025-10-01 18:03:09.458273+00:00,2025-10-01 18:04:02.880069+00:00,53.421796,54545.0,LX Route
4882,5,2025-10-01 18:08:57.333629+00:00,2025-10-01 18:09:24.533371+00:00,27.199742,54545.0,LX Route
4882,6,2025-10-01 18:11:20.212698+00:00,2025-10-01 18:12:04.791151+00:00,44.578453,54545.0,LX Route
4882,9,2025-10-01 18:12:49.113456+00:00,2025-10-01 18:13:33.310896+00:00,44.19744,54545.0,LX Route
4882,10,2025-10-01 18:15:28.058214+00:00,2025-10-01 18:19:00.048977+00:00,211.990763,54545.0,LX Route
4882,11,2025-10-01 18:20:19.014222+00:00,2025-10-01 18:20:54.504862+00:00,35.49064,54545.0,LX Route
4882,1,2025-10-01 18:26:46.079557+00:00,2025-10-01 18:28:04.882283+00:00,78.802726,54545.0,LX Route
4882,2,2025-10-01 18:29:58.998949+00:00,2025-10-01 18:30:25.473313+00:00,26.474364,54545.0,LX Route
4882,3,2025-10-01 18:33:48.100960+00:00,2025-10-01 18:34:23.201964+00:00,35.101004,54545.0,LX Route
4882,5,2025-10-01 18:39:05.406610+00:00,2025-10-01 18:39:22.809900+00:00,17.40329,54545.0,LX Route
4882,6,2025-10-01 18:41:27.207959+00:00,2025-10-01 18:42:20.159144+00:00,52.951185,54545.0,LX Route
4882,9,2025-10-01 18:43:13.227494+00:00,2025-10-01 18:43:57.074573+00:00,43.847079,54545.0,LX Route
4882,10,2025-10-01 18:45:51.596239+00:00,2025-10-01 18:51:00.183080+00:00,308.586841,54545.0,LX Route
4882,11,2025-10-01 18:53:20.974886+00:00,2025-10-01 18:54:04.950217+00:00,43.975331,54545.0,LX Route
4882,1,2025-10-01 18:59:56.670695+00:00,2025-10-01 19:03:12.191741+00:00,195.521046,54545.0,LX Route
4882,2,2025-10-01 19:04:58.528171+00:00,2025-10-01 19:05:51.758104+00:00,53.229933,54545.0,LX Route
4882,3,2025-10-01 19:09:23.460704+00:00,2025-10-01 19:10:34.163196+00:00,70.702492,54545.0,LX Route
4882,5,2025-10-01 19:16:29.219198+00:00,2025-10-01 19:17:04.398855+00:00,35.179657,54545.0,LX Route
4882,6,2025-10-01 19:19:33.717711+00:00,2025-10-01 19:20:52.657823+00:00,78.940112,54545.0,LX Route
4882,9,2025-10-01 19:22:10.783050+00:00,2025-10-01 19:24:13.357994+00:00,122.574944,54545.0,LX Route
4882,10,2025-10-01 19:26:51.410174+00:00,2025-10-01 19:29:11.527836+00:00,140.117662,54545.0,LX Route
4882,11,2025-10-01 19:30:47.343517+00:00,2025-10-01 19:31:31.029728+00:00,43.686211,54545.0,LX Route
4882,1,2025-10-01 19:42:48.573090+00:00,2025-10-01 19:45:00.636492+00:00,132.063402,54545.0,LX Route
4882,2,2025-10-01 19:47:46.737783+00:00,2025-10-01 19:49:05.627145+00:00,78.889362,54545.0,LX Route
4882,3,2025-10-01 19:57:07.334466+00:00,2025-10-01 19:58:26.468259+00:00,79.133793,54545.0,LX Route
4882,5,2025-10-01 20:04:35.059433+00:00,2025-10-01 20:05:01.964769+00:00,26.905336,54545.0,LX Route
4882,6,2025-10-01 20:08:00.083573+00:00,2025-10-01 20:08:18.212653+00:00,18.12908,54545.0,LX Route
4882,9,2025-10-01 20:09:55.272994+00:00,2025-10-01 20:10:31.614034+00:00,36.34104,54545.0,LX Route
4882,10,2025-10-01 20:12:55.355875+00:00,2025-10-01 20:18:25.512061+00:00,330.156186,54545.0,LX Route
4882,11,2025-10-01 20:20:12.457577+00:00,2025-10-01 20:20:39.645716+00:00,27.188139,54545.0,LX Route
4882,1,2025-10-01 20:25:33.447686+00:00,2025-10-01 20:32:43.872202+00:00,430.424516,54545.0,LX Route
4882,2,2025-10-01 20:34:37.322403+00:00,2025-10-01 20:35:56.340603+00:00,79.0182,54545.0,LX Route
4882,3,2025-10-01 20:41:45.688535+00:00,2025-10-01 20:42:56.652612+00:00,70.964077,54545.0,LX Route
4882,5,2025-10-01 20:49:39.666329+00:00,2025-10-01 20:50:31.951454+00:00,52.285125,54545.0,LX Route
4882,6,2025-10-01 20:53:09.695135+00:00,2025-10-01 20:54:02.382452+00:00,52.687317,54545.0,LX Route
4882,9,2025-10-01 20:54:55.171652+00:00,2025-10-01 20:56:04.891524+00:00,69.719872,54545.0,LX Route
4882,10,2025-10-01 20:58:32.571707+00:00,2025-10-01 21:00:43.887199+00:00,131.315492,54545.0,LX Route
4882,11,2025-10-01 21:03:11.987152+00:00,2025-10-01 21:03:46.984234+00:00,34.997082,54545.0,LX Route
4882,1,2025-10-01 21:16:11.790329+00:00,2025-10-01 21:18:48.645412+00:00,156.855083,54545.0,LX Route
4882,2,2025-10-01 21:21:43.876036+00:00,2025-10-01 21:24:30.936016+00:00,167.05998,54545.0,LX Route
4882,3,2025-10-01 21:40:13.830157+00:00,2025-10-01 21:42:16.047042+00:00,122.216885,54545.0,LX Route
4882,5,2025-10-01 21:49:47.894126+00:00,2025-10-01 21:50:31.443310+00:00,43.549184,54545.0,LX Route
4882,6,2025-10-01 21:54:09.355131+00:00,2025-10-01 21:55:36.694971+00:00,87.33984,54545.0,LX Route
4882,9,2025-10-01 21:56:56.426331+00:00,2025-10-01 21:57:31.173947+00:00,34.747616,54545.0,LX Route
4882,10,2025-10-01 22:01:10.189091+00:00,2025-10-01 22:06:17.666139+00:00,307.477048,54545.0,LX Route
4882,12,2025-10-01 22:11:27.351556+00:00,2025-10-01 22:11:36.389537+00:00,9.037981,54545.0,LX Route
4882,13,2025-10-01 22:14:32.449192+00:00,2025-10-01 22:18:11.960488+00:00,219.511296,54545.0,LX Route
4882,14,2025-10-01 22:20:23.974196+00:00,2025-10-01 22:20:50.530484+00:00,26.556288,54545.0,LX Route
4882,6,2025-10-01 22:28:19.218705+00:00,2025-10-01 22:29:02.953805+00:00,43.7351,54545.0,LX Route
4882,9,2025-10-01 22:29:55.272967+00:00,2025-10-01 22:30:49.228339+00:00,53.955372,54545.0,LX Route
4882,10,2025-10-01 22:32:51.936084+00:00,2025-10-01 22:39:26.729392+00:00,394.793308,54545.0,LX Route
4882,12,2025-10-01 22:44:33.938719+00:00,2025-10-01 22:45:26.290613+00:00,52.351894,54545.0,LX Route
4882,13,2025-10-01 22:46:10.692560+00:00,2025-10-01 22:47:37.972143+00:00,87.279583,54545.0,LX Route
4882,14,2025-10-01 22:49:41.227965+00:00,2025-10-01 22:50:07.985339+00:00,26.757374,54545.0,LX Route
4882,6,2025-10-01 22:57:45.102864+00:00,2025-10-01 22:58:38.260725+00:00,53.157861,54545.0,LX Route
4882,9,2025-10-01 22:59:39.837938+00:00,2025-10-01 23:01:25.229425+00:00,105.391487,54545.0,LX Route
4882,10,2025-10-01 23:04:03.526139+00:00,2025-10-01 23:06:43.006311+00:00,159.480172,54545.0,LX Route
4882,12,2025-10-01 23:14:11.691475+00:00,2025-10-01 23:16:23.208121+00:00,131.516646,54545.0,LX Route
4882,13,2025-10-01 23:17:32.895078+00:00,2025-10-01 23:18:51.330617+00:00,78.435539,54545.0,LX Route
4882,14,2025-10-01 23:21:29.718827+00:00,2025-10-01 23:22:13.762509+00:00,44.043682,54545.0,LX Route
4882,6,2025-10-01 23:31:09.801860+00:00,2025-10-01 23:32:11.977626+00:00,62.175766,54545.0,LX Route
4882,9,2025-10-01 23:33:13.368841+00:00,2025-10-01 23:34:24.409447+00:00,71.040606,54545.0,LX Route
4882,10,2025-10-01 23:37:21.338212+00:00,2025-10-01 23:39:24.146983+00:00,122.808771,54545.0,LX Route
4882,12,2025-10-01 23:44:51.055191+00:00,2025-10-01 23:45:52.727741+00:00,61.67255,54545.0,LX Route
4882,13,2025-10-01 23:47:03.616630+00:00,2025-10-01 23:49:06.387495+00:00,122.770865,54545.0,LX Route
4882,14,2025-10-01 23:51:27.077175+00:00,2025-10-01 23:52:02.152956+00:00,35.075781,54545.0,LX Route
4882,6,2025-10-02 00:00:28.993607+00:00,2025-10-02 00:01:21.919401+00:00,52.925794,54545.0,LX Route
4882,9,2025-10-02 00:02:14.213350+00:00,2025-10-02 00:02:58.107079+00:00,43.893729,54545.0,LX Route
4882,10,2025-10-02 00:05:30.316917+00:00,2025-10-02 00:07:18.707421+00:00,108.390504,54545.0,LX Route
4896,17,2025-10-01 11:14:16.332918+00:00,2025-10-01 11:14:59.653765+00:00,43.320847,54543.0,EE Route
4896,18,2025-10-01 11:15:42.733799+00:00,2025-10-01 11:16:08.506897+00:00,25.773098,54543.0,EE Route
4896,16,2025-10-01 11:19:09.960726+00:00,2025-10-01 11:19:18.710225+00:00,8.749499,54543.0,EE Route
4896,6,2025-10-01 11:28:49.913451+00:00,2025-10-01 11:28:58.775601+00:00,8.86215,54543.0,EE Route
4896,8,2025-10-01 11:29:59.380490+00:00,2025-10-01 11:30:17.128779+00:00,17.748289,54543.0,EE Route
4896,7,2025-10-01 11:32:18.215940+00:00,2025-10-01 11:32:26.915922+00:00,8.699982,54543.0,EE Route
4896,17,2025-10-01 11:42:58.649547+00:00,2025-10-01 11:44:26.946567+00:00,88.29702,54543.0,EE Route
4896,18,2025-10-01 11:45:18.915259+00:00,2025-10-01 11:46:02.483769+00:00,43.56851,54543.0,EE Route
4896,16,2025-10-01 11:49:56.291981+00:00,2025-10-01 11:50:04.982733+00:00,8.690752,54543.0,EE Route
4896,6,2025-10-01 11:59:20.154078+00:00,2025-10-01 11:59:28.890497+00:00,8.736419,54543.0,EE Route
4896,8,2025-10-01 12:00:55.275048+00:00,2025-10-01 12:01:21.144468+00:00,25.86942,54543.0,EE Route
4896,7,2025-10-01 12:07:26.480930+00:00,2025-10-01 12:07:35.208401+00:00,8.727471,54543.0,EE Route
4896,17,2025-10-01 12:18:13.875376+00:00,2025-10-01 12:21:15.162828+00:00,181.287452,54543.0,EE Route
4896,18,2025-10-01 12:22:06.816329+00:00,2025-10-01 12:22:50.289039+00:00,43.47271,54543.0,EE Route
4896,16,2025-10-01 12:25:00.919820+00:00,2025-10-01 12:25:09.674109+00:00,8.754289,54543.0,EE Route
4896,6,2025-10-01 12:36:16.767146+00:00,2025-10-01 12:36:25.503664+00:00,8.736518,54543.0,EE Route
4896,8,2025-10-01 12:37:34.277522+00:00,2025-10-01 12:37:51.856185+00:00,17.578663,54543.0,EE Route
4896,7,2025-10-01 12:46:51.013658+00:00,2025-10-01 12:46:59.784311+00:00,8.770653,54543.0,EE Route
4896,17,2025-10-01 12:56:22.851904+00:00,2025-10-01 12:59:07.727178+00:00,164.875274,54543.0,EE Route
4896,18,2025-10-01 13:00:42.856066+00:00,2025-10-01 13:02:09.325519+00:00,86.469453,54543.0,EE Route
4896,16,2025-10-01 13:05:20.727767+00:00,2025-10-01 13:05:29.475938+00:00,8.748171,54543.0,EE Route
4896,6,2025-10-01 13:15:19.519765+00:00,2025-10-01 13:15:28.353859+00:00,8.834094,54543.0,EE Route
4896,8,2025-10-01 13:17:03.335451+00:00,2025-10-01 13:17:20.605222+00:00,17.269771,54543.0,EE Route
4896,7,2025-10-01 13:21:24.804172+00:00,2025-10-01 13:21:33.683891+00:00,8.879719,54543.0,EE Route
4896,17,2025-10-01 13:31:51.990192+00:00,2025-10-01 13:32:53.146578+00:00,61.156386,54543.0,EE Route
4896,18,2025-10-01 13:34:21.230032+00:00,2025-10-01 13:35:22.923987+00:00,61.693955,54543.0,EE Route
4896,16,2025-10-01 13:40:02.199062+00:00,2025-10-01 13:40:11.189283+00:00,8.990221,54543.0,EE Route
4896,6,2025-10-01 13:49:47.174568+00:00,2025-10-01 13:49:56.150865+00:00,8.976297,54543.0,EE Route
4896,8,2025-10-01 13:51:22.469873+00:00,2025-10-01 13:51:48.431295+00:00,25.961422,54543.0,EE Route
4896,7,2025-10-01 13:54:50.393371+00:00,2025-10-01 13:54:59.159047+00:00,8.765676,54543.0,EE Route
4896,17,2025-10-01 14:06:54.910700+00:00,2025-10-01 14:07:55.282967+00:00,60.372267,54543.0,EE Route
4896,18,2025-10-01 14:09:23.118104+00:00,2025-10-01 14:10:15.560848+00:00,52.442744,54543.0,EE Route
4896,16,2025-10-01 14:15:37.948360+00:00,2025-10-01 14:15:46.928039+00:00,8.979679,54543.0,EE Route
4896,6,2025-10-01 14:24:12.074386+00:00,2025-10-01 14:24:20.882105+00:00,8.807719,54543.0,EE Route
4896,8,2025-10-01 14:25:39.127716+00:00,2025-10-01 14:26:05.761102+00:00,26.633386,54543.0,EE Route
4896,7,2025-10-01 14:33:39.157174+00:00,2025-10-01 14:33:47.977016+00:00,8.819842,54543.0,EE Route
4896,17,2025-10-01 14:43:24.499189+00:00,2025-10-01 14:44:43.279491+00:00,78.780302,54543.0,EE Route
4896,18,2025-10-01 14:45:53.503893+00:00,2025-10-01 14:46:28.421210+00:00,34.917317,54543.0,EE Route
4896,16,2025-10-01 14:49:14.202387+00:00,2025-10-01 14:49:23.261373+00:00,9.058986,54543.0,EE Route
4896,6,2025-10-01 14:58:08.366174+00:00,2025-10-01 14:58:17.200312+00:00,8.834138,54543.0,EE Route
4896,8,2025-10-01 14:59:27.089157+00:00,2025-10-01 14:59:53.531202+00:00,26.442045,54543.0,EE Route
4896,7,2025-10-01 15:08:02.466120+00:00,2025-10-01 15:08:11.214527+00:00,8.748407,54543.0,EE Route
4896,17,2025-10-01 15:17:04.150931+00:00,2025-10-01 15:18:23.156320+00:00,79.005389,54543.0,EE Route
4896,18,2025-10-01 15:20:08.924875+00:00,2025-10-01 15:20:35.962254+00:00,27.037379,54543.0,EE Route
4896,16,2025-10-01 15:24:05.678042+00:00,2025-10-01 15:24:14.702020+00:00,9.023978,54543.0,EE Route
4896,6,2025-10-01 15:33:00.335737+00:00,2025-10-01 15:33:09.218224+00:00,8.882487,54543.0,EE Route
4896,8,2025-10-01 15:35:20.292874+00:00,2025-10-01 15:35:46.832338+00:00,26.539464,54543.0,EE Route
4896,7,2025-10-01 15:39:43.361698+00:00,2025-10-01 15:39:52.229847+00:00,8.868149,54543.0,EE Route
4896,17,2025-10-01 15:52:13.682893+00:00,2025-10-01 15:53:23.882335+00:00,70.199442,54543.0,EE Route
4896,18,2025-10-01 15:54:25.058858+00:00,2025-10-01 15:55:35.090611+00:00,70.031753,54543.0,EE Route
4896,16,2025-10-01 15:59:14.009861+00:00,2025-10-01 15:59:22.889533+00:00,8.879672,54543.0,EE Route
4896,6,2025-10-01 16:07:24.543172+00:00,2025-10-01 16:07:33.634459+00:00,9.091287,54543.0,EE Route
4896,8,2025-10-01 16:09:19.217880+00:00,2025-10-01 16:09:45.675873+00:00,26.457993,54543.0,EE Route
4896,7,2025-10-01 16:12:58.735355+00:00,2025-10-01 16:13:07.779700+00:00,9.044345,54543.0,EE Route
4896,17,2025-10-01 16:24:14.019038+00:00,2025-10-01 16:25:50.474769+00:00,96.455731,54543.0,EE Route
4896,18,2025-10-01 16:26:42.636450+00:00,2025-10-01 16:28:45.217269+00:00,122.580819,54543.0,EE Route
4896,16,2025-10-01 16:34:52.773169+00:00,2025-10-01 16:35:01.744611+00:00,8.971442,54543.0,EE Route
4896,6,2025-10-01 16:43:57.412713+00:00,2025-10-01 16:44:06.262389+00:00,8.849676,54543.0,EE Route
4896,8,2025-10-01 16:45:16.830530+00:00,2025-10-01 16:45:43.153513+00:00,26.322983,54543.0,EE Route
4896,7,2025-10-01 16:54:10.380721+00:00,2025-10-01 16:54:19.495841+00:00,9.11512,54543.0,EE Route
4896,17,2025-10-01 17:05:10.409864+00:00,2025-10-01 17:05:54.348463+00:00,43.938599,54543.0,EE Route
4896,18,2025-10-01 17:08:06.804804+00:00,2025-10-01 17:09:17.419117+00:00,70.614313,54543.0,EE Route
4896,16,2025-10-01 17:12:23.078901+00:00,2025-10-01 17:12:32.208718+00:00,9.129817,54543.0,EE Route
4896,6,2025-10-01 17:23:49.380443+00:00,2025-10-01 17:23:58.162445+00:00,8.782002,54543.0,EE Route
4896,8,2025-10-01 17:26:09.641820+00:00,2025-10-01 17:26:36.160722+00:00,26.518902,54543.0,EE Route
4896,7,2025-10-01 17:31:26.102156+00:00,2025-10-01 17:31:34.862783+00:00,8.760627,54543.0,EE Route
4896,17,2025-10-01 17:44:41.274045+00:00,2025-10-01 17:46:01.200289+00:00,79.926244,54543.0,EE Route
4896,18,2025-10-01 17:46:54.442494+00:00,2025-10-01 17:48:04.589680+00:00,70.147186,54543.0,EE Route
4896,16,2025-10-01 17:52:52.769989+00:00,2025-10-01 17:53:01.630011+00:00,8.860022,54543.0,EE Route
4896,6,2025-10-01 18:04:02.881494+00:00,2025-10-01 18:04:11.979456+00:00,9.097962,54543.0,EE Route
4896,8,2025-10-01 18:06:09.393288+00:00,2025-10-01 18:06:45.014271+00:00,35.620983,54543.0,EE Route
4896,7,2025-10-01 18:10:52.970823+00:00,2025-10-01 18:11:01.672059+00:00,8.701236,54543.0,EE Route
4896,17,2025-10-01 18:23:41.314672+00:00,2025-10-01 18:25:00.569167+00:00,79.254495,54543.0,EE Route
4896,18,2025-10-01 18:26:10.673683+00:00,2025-10-01 18:26:55.029023+00:00,44.35534,54543.0,EE Route
4896,16,2025-10-01 18:30:25.475110+00:00,2025-10-01 18:30:34.281470+00:00,8.80636,54543.0,EE Route
4896,6,2025-10-01 18:41:09.578096+00:00,2025-10-01 18:41:18.517232+00:00,8.939136,54543.0,EE Route
4896,8,2025-10-01 18:42:55.507130+00:00,2025-10-01 18:43:13.388605+00:00,17.881475,54543.0,EE Route
4896,7,2025-10-01 18:49:40.418777+00:00,2025-10-01 18:49:49.530799+00:00,9.112022,54543.0,EE Route
4896,17,2025-10-01 19:00:58.919740+00:00,2025-10-01 19:01:52.061877+00:00,53.142137,54543.0,EE Route
4896,18,2025-10-01 19:04:05.284392+00:00,2025-10-01 19:05:42.871280+00:00,97.586888,54543.0,EE Route
4896,16,2025-10-01 19:09:32.203484+00:00,2025-10-01 19:09:41.071603+00:00,8.868119,54543.0,EE Route
4896,6,2025-10-01 19:20:26.313664+00:00,2025-10-01 19:20:35.203931+00:00,8.890267,54543.0,EE Route
4896,8,2025-10-01 19:22:28.201077+00:00,2025-10-01 19:22:54.544066+00:00,26.342989,54543.0,EE Route
4896,7,2025-10-01 19:27:52.517246+00:00,2025-10-01 19:28:01.294631+00:00,8.777385,54543.0,EE Route
4896,17,2025-10-01 19:52:52.621347+00:00,2025-10-01 19:56:14.956172+00:00,202.334825,54543.0,EE Route
4896,18,2025-10-01 19:57:16.155147+00:00,2025-10-01 19:59:10.567829+00:00,114.412682,54543.0,EE Route
4896,16,2025-10-01 20:01:34.870253+00:00,2025-10-01 20:01:43.776656+00:00,8.906403,54543.0,EE Route
4896,6,2025-10-01 20:11:43.272436+00:00,2025-10-01 20:11:52.478561+00:00,9.206125,54543.0,EE Route
4896,8,2025-10-01 20:13:40.252017+00:00,2025-10-01 20:14:06.851033+00:00,26.599016,54543.0,EE Route
4896,7,2025-10-01 20:23:37.844228+00:00,2025-10-01 20:23:47.430131+00:00,9.585903,54543.0,EE Route
4896,17,2025-10-01 20:55:30.190570+00:00,2025-10-01 20:56:39.705853+00:00,69.515283,54543.0,EE Route
4896,18,2025-10-01 20:59:59.784814+00:00,2025-10-01 21:00:34.998095+00:00,35.213281,54543.0,EE Route
4896,16,2025-10-01 21:04:04.336359+00:00,2025-10-01 21:04:13.278832+00:00,8.942473,54543.0,EE Route
4896,6,2025-10-01 21:15:10.803486+00:00,2025-10-01 21:15:19.652792+00:00,8.849306,54543.0,EE Route
4896,8,2025-10-01 21:17:30.148920+00:00,2025-10-01 21:17:47.493165+00:00,17.344245,54543.0,EE Route
4896,7,2025-10-01 21:20:59.302694+00:00,2025-10-01 21:21:08.281202+00:00,8.978508,54543.0,EE Route
4896,17,2025-10-01 21:58:23.806164+00:00,2025-10-01 22:00:17.268225+00:00,113.462061,54543.0,EE Route
4896,18,2025-10-01 22:01:10.285966+00:00,2025-10-01 22:02:11.627886+00:00,61.34192,54543.0,EE Route
4896,16,2025-10-01 22:05:07.080200+00:00,2025-10-01 22:05:15.974424+00:00,8.894224,54543.0,EE Route
4896,6,2025-10-01 22:14:14.739051+00:00,2025-10-01 22:14:23.641098+00:00,8.902047,54543.0,EE Route
4896,8,2025-10-01 22:16:08.772176+00:00,2025-10-01 22:16:26.525440+00:00,17.753264,54543.0,EE Route
4896,7,2025-10-01 22:19:22.423503+00:00,2025-10-01 22:19:31.274776+00:00,8.851273,54543.0,EE Route
4896,17,2025-10-01 22:40:27.986977+00:00,2025-10-01 22:41:38.049887+00:00,70.06291,54543.0,EE Route
4896,18,2025-10-01 22:42:39.742279+00:00,2025-10-01 22:43:23.970202+00:00,44.227923,54543.0,EE Route
4896,16,2025-10-01 22:46:10.773061+00:00,2025-10-01 22:46:19.528776+00:00,8.755715,54543.0,EE Route
4896,6,2025-10-01 22:55:15.023921+00:00,2025-10-01 22:55:24.205939+00:00,9.182018,54543.0,EE Route
4896,8,2025-10-01 22:57:01.015884+00:00,2025-10-01 22:57:18.843359+00:00,17.827475,54543.0,EE Route
4896,7,2025-10-01 23:01:16.092150+00:00,2025-10-01 23:01:25.314391+00:00,9.222241,54543.0,EE Route
4896,17,2025-10-01 23:14:46.880794+00:00,2025-10-01 23:16:14.564896+00:00,87.684102,54543.0,EE Route
4896,18,2025-10-01 23:16:49.482830+00:00,2025-10-01 23:17:50.203613+00:00,60.720783,54543.0,EE Route
4896,16,2025-10-01 23:21:29.799092+00:00,2025-10-01 23:21:38.740584+00:00,8.941492,54543.0,EE Route
4896,6,2025-10-01 23:32:20.650633+00:00,2025-10-01 23:32:29.369688+00:00,8.719055,54543.0,EE Route
4896,8,2025-10-01 23:33:40.118507+00:00,2025-10-01 23:34:15.597807+00:00,35.4793,54543.0,EE Route
4896,7,2025-10-01 23:39:41.660585+00:00,2025-10-01 23:39:50.337999+00:00,8.677414,54543.0,EE Route
4896,17,2025-10-01 23:50:16.521267+00:00,2025-10-01 23:51:09.309968+00:00,52.788701,54543.0,EE Route
4896,18,2025-10-01 23:52:02.155037+00:00,2025-10-01 23:52:55.133061+00:00,52.978024,54543.0,EE Route
4896,16,2025-10-01 23:57:07.624899+00:00,2025-10-01 23:57:16.556803+00:00,8.931904,54543.0,EE Route
4896,6,2025-10-02 00:08:39.391732+00:00,2025-10-02 00:08:48.554183+00:00,9.162451,54543.0,EE Route
4896,8,2025-10-02 00:09:51.367372+00:00,2025-10-02 00:10:08.873682+00:00,17.50631,54543.0,EE Route
7149,13,2025-10-01 11:10:32.048558+00:00,2025-10-01 11:13:15.898871+00:00,163.850313,54545.0,LX Route
7149,14,2025-10-01 11:14:50.854159+00:00,2025-10-01 11:17:00.781729+00:00,129.92757,54545.0,LX Route
7149,1,2025-10-01 11:24:12.497026+00:00,2025-10-01 11:27:58.064300+00:00,225.567274,54545.0,LX Route
7149,2,2025-10-01 11:29:07.423323+00:00,2025-10-01 11:30:08.161894+00:00,60.738571,54545.0,LX Route
7149,3,2025-10-01 11:32:52.928565+00:00,2025-10-01 11:34:36.906850+00:00,103.978285,54545.0,LX Route
7149,12,2025-10-01 11:39:04.891605+00:00,2025-10-01 11:39:31.118215+00:00,26.22661,54545.0,LX Route
7149,13,2025-10-01 11:39:57.012330+00:00,2025-10-01 11:40:48.973264+00:00,51.960934,54545.0,LX Route
7149,14,2025-10-01 11:42:15.610196+00:00,2025-10-01 11:42:41.419558+00:00,25.809362,54545.0,LX Route
7149,1,2025-10-01 11:50:04.983433+00:00,2025-10-01 11:50:57.138727+00:00,52.155294,54545.0,LX Route
7149,2,2025-10-01 11:51:48.731801+00:00,2025-10-01 11:52:14.652461+00:00,25.92066,54545.0,LX Route
7149,3,2025-10-01 11:54:32.941878+00:00,2025-10-01 11:56:00.586521+00:00,87.644643,54545.0,LX Route
7149,12,2025-10-01 12:00:37.930845+00:00,2025-10-01 12:01:21.271864+00:00,43.341019,54545.0,LX Route
7149,13,2025-10-01 12:01:38.697679+00:00,2025-10-01 12:07:52.600037+00:00,373.902358,54545.0,LX Route
7149,14,2025-10-01 12:09:36.142020+00:00,2025-10-01 12:10:28.184598+00:00,52.042578,54545.0,LX Route
7149,1,2025-10-01 12:17:47.952585+00:00,2025-10-01 12:21:06.385574+00:00,198.432989,54545.0,LX Route
7149,2,2025-10-01 12:22:06.900159+00:00,2025-10-01 12:22:41.523683+00:00,34.623524,54545.0,LX Route
7149,3,2025-10-01 12:25:09.677161+00:00,2025-10-01 12:26:01.587035+00:00,51.909874,54545.0,LX Route
7149,12,2025-10-01 12:30:56.262785+00:00,2025-10-01 12:32:14.680218+00:00,78.417433,54545.0,LX Route
7149,13,2025-10-01 12:33:06.233309+00:00,2025-10-01 12:42:30.192977+00:00,563.959668,54545.0,LX Route
7149,14,2025-10-01 12:44:14.608272+00:00,2025-10-01 12:44:40.451543+00:00,25.843271,54545.0,LX Route
7149,1,2025-10-01 12:52:37.696980+00:00,2025-10-01 12:54:21.693449+00:00,103.996469,54545.0,LX Route
7149,2,2025-10-01 12:56:40.091260+00:00,2025-10-01 12:58:06.928455+00:00,86.837195,54545.0,LX Route
7149,3,2025-10-01 13:01:08.866439+00:00,2025-10-01 13:02:18.018792+00:00,69.152353,54545.0,LX Route
7149,12,2025-10-01 13:06:55.792173+00:00,2025-10-01 13:07:30.858079+00:00,35.065906,54545.0,LX Route
7149,13,2025-10-01 13:08:31.533218+00:00,2025-10-01 13:10:16.068355+00:00,104.535137,54545.0,LX Route
7149,14,2025-10-01 13:11:25.851666+00:00,2025-10-01 13:11:34.677512+00:00,8.825846,54545.0,LX Route
7149,1,2025-10-01 13:18:48.123230+00:00,2025-10-01 13:26:38.278708+00:00,470.155478,54545.0,LX Route
7149,2,2025-10-01 13:27:39.116742+00:00,2025-10-01 13:28:06.214052+00:00,27.09731,54545.0,LX Route
7149,3,2025-10-01 13:29:58.895631+00:00,2025-10-01 13:30:33.659953+00:00,34.764322,54545.0,LX Route
7149,12,2025-10-01 13:34:30.205097+00:00,2025-10-01 13:35:14.102799+00:00,43.897702,54545.0,LX Route
7149,13,2025-10-01 13:36:06.348739+00:00,2025-10-01 13:38:17.180460+00:00,130.831721,54545.0,LX Route
7149,14,2025-10-01 13:39:27.373162+00:00,2025-10-01 13:40:02.404936+00:00,35.031774,54545.0,LX Route
7149,1,2025-10-01 13:47:18.006992+00:00,2025-10-01 13:49:20.539144+00:00,122.532152,54545.0,LX Route
7149,2,2025-10-01 13:52:40.203855+00:00,2025-10-01 13:52:49.242707+00:00,9.038852,54545.0,LX Route
7149,3,2025-10-01 13:56:08.765678+00:00,2025-10-01 13:58:02.443269+00:00,113.677591,54545.0,LX Route
7149,12,2025-10-01 14:04:00.289147+00:00,2025-10-01 14:04:17.601624+00:00,17.312477,54545.0,LX Route
7149,13,2025-10-01 14:04:52.677185+00:00,2025-10-01 14:06:28.784416+00:00,96.107231,54545.0,LX Route
7149,14,2025-10-01 14:08:04.063460+00:00,2025-10-01 14:08:56.991909+00:00,52.928449,54545.0,LX Route
7149,1,2025-10-01 14:16:48.049323+00:00,2025-10-01 14:19:34.007241+00:00,165.957918,54545.0,LX Route
7149,3,2025-10-01 14:24:55.427534+00:00,2025-10-01 14:26:40.460695+00:00,105.033161,54545.0,LX Route
7149,12,2025-10-01 14:31:28.300467+00:00,2025-10-01 14:33:39.302084+00:00,131.001617,54545.0,LX Route
7149,13,2025-10-01 14:34:57.846485+00:00,2025-10-01 14:35:50.356986+00:00,52.510501,54545.0,LX Route
7149,14,2025-10-01 14:37:08.913513+00:00,2025-10-01 14:37:44.054389+00:00,35.140876,54545.0,LX Route
7149,1,2025-10-01 14:43:59.430383+00:00,2025-10-01 14:46:46.052854+00:00,166.622471,54545.0,LX Route
7149,2,2025-10-01 14:48:30.467200+00:00,2025-10-01 14:48:48.256509+00:00,17.789309,54545.0,LX Route
7149,3,2025-10-01 14:51:08.759561+00:00,2025-10-01 14:54:12.042579+00:00,183.283018,54545.0,LX Route
7149,12,2025-10-01 14:59:18.437323+00:00,2025-10-01 15:00:19.590365+00:00,61.153042,54545.0,LX Route
7149,13,2025-10-01 15:01:11.629442+00:00,2025-10-01 15:07:01.387509+00:00,349.758067,54545.0,LX Route
7149,14,2025-10-01 15:08:11.216290+00:00,2025-10-01 15:09:20.702191+00:00,69.485901,54545.0,LX Route
7149,1,2025-10-01 15:16:46.294422+00:00,2025-10-01 15:18:32.244099+00:00,105.949677,54545.0,LX Route
7149,2,2025-10-01 15:20:26.680263+00:00,2025-10-01 15:21:02.510615+00:00,35.830352,54545.0,LX Route
7149,3,2025-10-01 15:25:06.746710+00:00,2025-10-01 15:25:59.853674+00:00,53.106964,54545.0,LX Route
7149,12,2025-10-01 15:30:49.008181+00:00,2025-10-01 15:31:50.153547+00:00,61.145366,54545.0,LX Route
7149,13,2025-10-01 15:32:16.605839+00:00,2025-10-01 15:35:11.595908+00:00,174.990069,54545.0,LX Route
7149,14,2025-10-01 15:36:39.799587+00:00,2025-10-01 15:37:23.546998+00:00,43.747411,54545.0,LX Route
7149,1,2025-10-01 15:45:41.377350+00:00,2025-10-01 15:46:51.548835+00:00,70.171485,54545.0,LX Route
7149,2,2025-10-01 15:49:19.394098+00:00,2025-10-01 15:50:03.065558+00:00,43.67146,54545.0,LX Route
7149,3,2025-10-01 15:55:52.775490+00:00,2025-10-01 15:56:36.571068+00:00,43.795578,54545.0,LX Route
7149,12,2025-10-01 16:02:17.251972+00:00,2025-10-01 16:03:53.553911+00:00,96.301939,54545.0,LX Route
7149,13,2025-10-01 16:04:28.790499+00:00,2025-10-01 16:05:21.681448+00:00,52.890949,54545.0,LX Route
7149,14,2025-10-01 16:07:06.961936+00:00,2025-10-01 16:07:51.258082+00:00,44.296146,54545.0,LX Route
7149,1,2025-10-01 16:15:54.410984+00:00,2025-10-01 16:19:07.268471+00:00,192.857487,54545.0,LX Route
7149,2,2025-10-01 16:20:52.631140+00:00,2025-10-01 16:21:18.960756+00:00,26.329616,54545.0,LX Route
7149,3,2025-10-01 16:24:31.347363+00:00,2025-10-01 16:26:07.726989+00:00,96.379626,54545.0,LX Route
7149,12,2025-10-01 16:31:13.939919+00:00,2025-10-01 16:32:41.483872+00:00,87.543953,54545.0,LX Route
7149,13,2025-10-01 16:33:34.213840+00:00,2025-10-01 16:43:30.678625+00:00,596.464785,54545.0,LX Route
7149,14,2025-10-01 16:45:25.466910+00:00,2025-10-01 16:47:54.685935+00:00,149.219025,54545.0,LX Route
7149,1,2025-10-01 16:56:58.120787+00:00,2025-10-01 17:02:31.486351+00:00,333.365564,54545.0,LX Route
7149,2,2025-10-01 17:04:52.707772+00:00,2025-10-01 17:05:27.656328+00:00,34.948556,54545.0,LX Route
7149,3,2025-10-01 17:08:59.634615+00:00,2025-10-01 17:11:38.070868+00:00,158.436253,54545.0,LX Route
7149,12,2025-10-01 17:17:05.049063+00:00,2025-10-01 17:18:58.792106+00:00,113.743043,54545.0,LX Route
7149,13,2025-10-01 17:20:09.152738+00:00,2025-10-01 17:27:37.513206+00:00,448.360468,54545.0,LX Route
7149,14,2025-10-01 17:29:31.614728+00:00,2025-10-01 17:30:24.530929+00:00,52.916201,54545.0,LX Route
7149,1,2025-10-01 17:38:24.979238+00:00,2025-10-01 17:40:55.034394+00:00,150.055156,54545.0,LX Route
7149,2,2025-10-01 17:43:23.316070+00:00,2025-10-01 17:45:16.728056+00:00,113.411986,54545.0,LX Route
7149,3,2025-10-01 17:54:03.342011+00:00,2025-10-01 17:55:39.295425+00:00,95.953414,54545.0,LX Route
7149,12,2025-10-01 18:00:02.026941+00:00,2025-10-01 18:01:30.780314+00:00,88.753373,54545.0,LX Route
7149,13,2025-10-01 18:02:15.147402+00:00,2025-10-01 18:03:27.358210+00:00,72.210808,54545.0,LX Route
7149,14,2025-10-01 18:05:15.378059+00:00,2025-10-01 18:06:00.340335+00:00,44.962276,54545.0,LX Route
7149,1,2025-10-01 18:13:24.276834+00:00,2025-10-01 18:15:28.179075+00:00,123.902241,54545.0,LX Route
7149,2,2025-10-01 18:16:29.988850+00:00,2025-10-01 18:17:40.544246+00:00,70.555396,54545.0,LX Route
7149,3,2025-10-01 18:20:45.412926+00:00,2025-10-01 18:21:30.239379+00:00,44.826453,54545.0,LX Route
7149,12,2025-10-01 18:26:19.495916+00:00,2025-10-01 18:28:40.153726+00:00,140.65781,54545.0,LX Route
7149,13,2025-10-01 18:29:15.350507+00:00,2025-10-01 18:33:12.842347+00:00,237.49184,54545.0,LX Route
7149,14,2025-10-01 18:34:40.982395+00:00,2025-10-01 18:35:16.217387+00:00,35.234992,54545.0,LX Route
7149,1,2025-10-01 18:42:11.217659+00:00,2025-10-01 18:44:40.905771+00:00,149.688112,54545.0,LX Route
7149,2,2025-10-01 18:46:17.899864+00:00,2025-10-01 18:47:10.322002+00:00,52.422138,54545.0,LX Route
7149,3,2025-10-01 18:49:40.522221+00:00,2025-10-01 18:52:36.630973+00:00,176.108752,54545.0,LX Route
7149,12,2025-10-01 18:57:44.608029+00:00,2025-10-01 18:59:56.825499+00:00,132.21747,54545.0,LX Route
7149,13,2025-10-01 19:01:16.675292+00:00,2025-10-01 19:03:47.781302+00:00,151.10601,54545.0,LX Route
7149,14,2025-10-01 19:05:34.071052+00:00,2025-10-01 19:06:18.074686+00:00,44.003634,54545.0,LX Route
7149,1,2025-10-01 19:14:07.785223+00:00,2025-10-01 19:15:37.103857+00:00,89.318634,54545.0,LX Route
7149,2,2025-10-01 19:20:43.789264+00:00,2025-10-01 19:22:19.458640+00:00,95.669376,54545.0,LX Route
7149,3,2025-10-01 19:32:49.755318+00:00,2025-10-01 19:34:26.438790+00:00,96.683472,54545.0,LX Route
7149,12,2025-10-01 19:40:28.244934+00:00,2025-10-01 19:42:48.713185+00:00,140.468251,54545.0,LX Route
7149,13,2025-10-01 19:43:40.971176+00:00,2025-10-01 19:46:45.762981+00:00,184.791805,54545.0,LX Route
7149,14,2025-10-01 19:48:12.725679+00:00,2025-10-01 19:49:05.679540+00:00,52.953861,54545.0,LX Route
7149,1,2025-10-01 20:02:10.915203+00:00,2025-10-01 20:04:35.220168+00:00,144.304965,54545.0,LX Route
7149,2,2025-10-01 20:05:55.799629+00:00,2025-10-01 20:07:42.343421+00:00,106.543792,54545.0,LX Route
7149,3,2025-10-01 20:13:13.214015+00:00,2025-10-01 20:13:58.115551+00:00,44.901536,54545.0,LX Route
7149,12,2025-10-01 20:18:25.517980+00:00,2025-10-01 20:21:14.575701+00:00,169.057721,54545.0,LX Route
7149,13,2025-10-01 20:21:50.318785+00:00,2025-10-01 20:23:02.349150+00:00,72.030365,54545.0,LX Route
7149,14,2025-10-01 20:24:39.940533+00:00,2025-10-01 20:25:33.609207+00:00,53.668674,54545.0,LX Route
7149,1,2025-10-01 20:36:39.953823+00:00,2025-10-01 20:51:42.468649+00:00,902.514826,54545.0,LX Route
7149,2,2025-10-01 20:53:36.157774+00:00,2025-10-01 20:55:04.110046+00:00,87.952272,54545.0,LX Route
7149,3,2025-10-01 21:08:21.147519+00:00,2025-10-01 21:09:05.537293+00:00,44.389774,54545.0,LX Route
7149,12,2025-10-01 21:14:53.563540+00:00,2025-10-01 21:18:13.712256+00:00,200.148716,54545.0,LX Route
7149,13,2025-10-01 21:19:05.820461+00:00,2025-10-01 21:21:16.993176+00:00,131.172715,54545.0,LX Route
7149,14,2025-10-01 21:23:12.118806+00:00,2025-10-01 21:24:13.482658+00:00,61.363852,54545.0,LX Route
7149,1,2025-10-01 21:48:12.104636+00:00,2025-10-01 21:49:39.126876+00:00,87.02224,54545.0,LX Route
7149,2,2025-10-01 21:51:49.232803+00:00,2025-10-01 21:53:25.785985+00:00,96.553182,54545.0,LX Route
7149,3,2025-10-01 21:58:14.871872+00:00,2025-10-01 21:58:58.907924+00:00,44.036052,54545.0,LX Route
7149,12,2025-10-01 22:03:47.713735+00:00,2025-10-01 22:05:16.038540+00:00,88.324805,54545.0,LX Route
7149,13,2025-10-01 22:05:42.586709+00:00,2025-10-01 22:08:29.602937+00:00,167.016228,54545.0,LX Route
7149,14,2025-10-01 22:09:58.021582+00:00,2025-10-01 22:10:33.949359+00:00,35.927777,54545.0,LX Route
7149,1,2025-10-01 22:22:09.722189+00:00,2025-10-01 22:38:16.446353+00:00,966.724164,54545.0,LX Route
7149,2,2025-10-01 22:41:03.099596+00:00,2025-10-01 22:41:55.775046+00:00,52.67545,54545.0,LX Route
7149,3,2025-10-01 22:47:03.291821+00:00,2025-10-01 22:48:30.934737+00:00,87.642916,54545.0,LX Route
7149,13,2025-10-01 22:56:25.733673+00:00,2025-10-01 22:58:46.972319+00:00,141.238646,54545.0,LX Route
7149,14,2025-10-01 23:00:41.080344+00:00,2025-10-01 23:01:51.634893+00:00,70.554549,54545.0,LX Route
7149,1,2025-10-01 23:10:31.731531+00:00,2025-10-01 23:12:17.291039+00:00,105.559508,54545.0,LX Route
7149,2,2025-10-01 23:14:20.653677+00:00,2025-10-01 23:15:30.562022+00:00,69.908345,54545.0,LX Route
7149,3,2025-10-01 23:19:34.534786+00:00,2025-10-01 23:20:01.208497+00:00,26.673711,54545.0,LX Route
7149,12,2025-10-01 23:27:12.208801+00:00,2025-10-01 23:29:15.325627+00:00,123.116826,54545.0,LX Route
7149,13,2025-10-01 23:30:34.833783+00:00,2025-10-01 23:31:18.840427+00:00,44.006644,54545.0,LX Route
7149,14,2025-10-01 23:33:31.019980+00:00,2025-10-01 23:34:24.489210+00:00,53.46923,54545.0,LX Route
7149,1,2025-10-01 23:42:28.988292+00:00,2025-10-01 23:45:17.642431+00:00,168.654139,54545.0,LX Route
7149,2,2025-10-01 23:47:38.536573+00:00,2025-10-01 23:47:47.488861+00:00,8.952288,54545.0,LX Route
7149,3,2025-10-01 23:52:02.217432+00:00,2025-10-01 23:52:55.193475+00:00,52.976043,54545.0,LX Route
7149,13,2025-10-02 00:02:49.318379+00:00,2025-10-02 00:04:54.164190+00:00,124.845811,54545.0,LX Route
7149,14,2025-10-02 00:06:33.326546+00:00,2025-10-02 00:07:00.490850+00:00,27.164304,54545.0,LX Route
7179,13,2025-10-01 11:01:48.136841+00:00,2025-10-01 11:07:14.443631+00:00,326.30679,54545.0,LX Route
7179,14,2025-10-01 11:09:05.856851+00:00,2025-10-01 11:10:32.142607+00:00,86.285756,54545.0,LX Route
7179,1,2025-10-01 11:18:18.268740+00:00,2025-10-01 11:20:01.707322+00:00,103.438582,54545.0,LX Route
7179,2,2025-10-01 11:21:10.675292+00:00,2025-10-01 11:21:36.959995+00:00,26.284703,54545.0,LX Route
7179,3,2025-10-01 11:23:46.548657+00:00,2025-10-01 11:24:47.196169+00:00,60.647512,54545.0,LX Route
7179,12,2025-10-01 11:30:08.163821+00:00,2025-10-01 11:30:43.008087+00:00,34.844266,54545.0,LX Route
7179,13,2025-10-01 11:31:17.527161+00:00,2025-10-01 11:34:54.409947+00:00,216.882786,54545.0,LX Route
7179,14,2025-10-01 11:36:28.930439+00:00,2025-10-01 11:36:55.066832+00:00,26.136393,54545.0,LX Route
7179,1,2025-10-01 11:45:01.393216+00:00,2025-10-01 11:47:12.048850+00:00,130.655634,54545.0,LX Route
7179,2,2025-10-01 11:48:46.806104+00:00,2025-10-01 11:49:30.338134+00:00,43.53203,54545.0,LX Route
7179,3,2025-10-01 11:52:23.346175+00:00,2025-10-01 11:52:58.121530+00:00,34.775355,54545.0,LX Route
7179,12,2025-10-01 11:58:10.811683+00:00,2025-10-01 11:59:02.897569+00:00,52.085886,54545.0,LX Route
7179,13,2025-10-01 11:59:54.837164+00:00,2025-10-01 12:02:21.861505+00:00,147.024341,54545.0,LX Route
7179,14,2025-10-01 12:03:56.861754+00:00,2025-10-01 12:04:32.869946+00:00,36.008192,54545.0,LX Route
7179,1,2025-10-01 12:13:04.087891+00:00,2025-10-01 12:17:22.030227+00:00,257.942336,54545.0,LX Route
7179,2,2025-10-01 12:18:48.466953+00:00,2025-10-01 12:19:48.703948+00:00,60.236995,54545.0,LX Route
7179,3,2025-10-01 12:22:58.847592+00:00,2025-10-01 12:24:08.345971+00:00,69.498379,54545.0,LX Route
7179,12,2025-10-01 12:29:29.652334+00:00,2025-10-01 12:30:21.607901+00:00,51.955567,54545.0,LX Route
7179,13,2025-10-01 12:30:56.340413+00:00,2025-10-01 12:34:24.419952+00:00,208.079539,54545.0,LX Route
7179,14,2025-10-01 12:35:59.314890+00:00,2025-10-01 12:36:25.563589+00:00,26.248699,54545.0,LX Route
7179,1,2025-10-01 12:44:23.277223+00:00,2025-10-01 12:46:33.601119+00:00,130.323896,54545.0,LX Route
7179,2,2025-10-01 12:48:09.214234+00:00,2025-10-01 12:48:52.589272+00:00,43.375038,54545.0,LX Route
7179,3,2025-10-01 12:51:28.227858+00:00,2025-10-01 12:51:54.164766+00:00,25.936908,54545.0,LX Route
7179,12,2025-10-01 12:57:23.490551+00:00,2025-10-01 12:57:58.221343+00:00,34.730792,54545.0,LX Route
7179,13,2025-10-01 12:58:50.466893+00:00,2025-10-01 13:00:43.013516+00:00,112.546623,54545.0,LX Route
7179,14,2025-10-01 13:02:26.691241+00:00,2025-10-01 13:03:44.493237+00:00,77.801996,54545.0,LX Route
7179,1,2025-10-01 13:10:33.707821+00:00,2025-10-01 13:19:40.416035+00:00,546.708214,54545.0,LX Route
7179,2,2025-10-01 13:21:42.357420+00:00,2025-10-01 13:23:09.162393+00:00,86.804973,54545.0,LX Route
7179,3,2025-10-01 13:27:04.160127+00:00,2025-10-01 13:27:47.845580+00:00,43.685453,54545.0,LX Route
7179,12,2025-10-01 13:32:44.210349+00:00,2025-10-01 13:33:37.109260+00:00,52.898911,54545.0,LX Route
7179,13,2025-10-01 13:34:21.295387+00:00,2025-10-01 13:37:16.402957+00:00,175.10757,54545.0,LX Route
7179,14,2025-10-01 13:38:52.066622+00:00,2025-10-01 13:39:18.695347+00:00,26.628725,54545.0,LX Route
7179,1,2025-10-01 13:46:43.246247+00:00,2025-10-01 13:49:03.194497+00:00,139.94825,54545.0,LX Route
7179,2,2025-10-01 13:51:31.150076+00:00,2025-10-01 13:52:14.316042+00:00,43.165966,54545.0,LX Route
7179,3,2025-10-01 13:55:07.856938+00:00,2025-10-01 13:57:18.836907+00:00,130.979969,54545.0,LX Route
7179,12,2025-10-01 14:02:24.276877+00:00,2025-10-01 14:03:34.319585+00:00,70.042708,54545.0,LX Route
7179,13,2025-10-01 14:04:17.607248+00:00,2025-10-01 14:05:19.160994+00:00,61.553746,54545.0,LX Route
7179,14,2025-10-01 14:07:03.595117+00:00,2025-10-01 14:07:29.365523+00:00,25.770406,54545.0,LX Route
7179,1,2025-10-01 14:15:38.044674+00:00,2025-10-01 14:18:41.705171+00:00,183.660497,54545.0,LX Route
7179,2,2025-10-01 14:20:35.225276+00:00,2025-10-01 14:21:18.707261+00:00,43.481985,54545.0,LX Route
7179,3,2025-10-01 14:24:12.183381+00:00,2025-10-01 14:24:55.607880+00:00,43.424499,54545.0,LX Route
7179,12,2025-10-01 14:30:18.675364+00:00,2025-10-01 14:31:10.998459+00:00,52.323095,54545.0,LX Route
7179,13,2025-10-01 14:32:20.744394+00:00,2025-10-01 14:33:12.976759+00:00,52.232365,54545.0,LX Route
7179,14,2025-10-01 14:34:57.923213+00:00,2025-10-01 14:35:15.614035+00:00,17.690822,54545.0,LX Route
7179,1,2025-10-01 14:42:40.904562+00:00,2025-10-01 14:47:20.849565+00:00,279.945003,54545.0,LX Route
7179,2,2025-10-01 14:48:48.259745+00:00,2025-10-01 14:49:23.322205+00:00,35.06246,54545.0,LX Route
7179,3,2025-10-01 14:52:01.489541+00:00,2025-10-01 14:52:53.792193+00:00,52.302652,54545.0,LX Route
7179,12,2025-10-01 14:57:50.949096+00:00,2025-10-01 14:58:17.266875+00:00,26.317779,54545.0,LX Route
7179,13,2025-10-01 14:59:09.464968+00:00,2025-10-01 14:59:44.710950+00:00,35.245982,54545.0,LX Route
7179,14,2025-10-01 15:01:20.199904+00:00,2025-10-01 15:01:46.333585+00:00,26.133681,54545.0,LX Route
7179,1,2025-10-01 15:08:28.575877+00:00,2025-10-01 15:15:53.789148+00:00,445.213271,54545.0,LX Route
7179,2,2025-10-01 15:17:48.168614+00:00,2025-10-01 15:18:23.225740+00:00,35.057126,54545.0,LX Route
7179,3,2025-10-01 15:21:11.286340+00:00,2025-10-01 15:22:03.627943+00:00,52.341603,54545.0,LX Route
7179,13,2025-10-01 15:31:58.844988+00:00,2025-10-01 15:34:10.659897+00:00,131.814909,54545.0,LX Route
7179,14,2025-10-01 15:35:55.604440+00:00,2025-10-01 15:36:39.944762+00:00,44.340322,54545.0,LX Route
7179,1,2025-10-01 15:44:40.233381+00:00,2025-10-01 15:45:32.589828+00:00,52.356447,54545.0,LX Route
7179,2,2025-10-01 15:48:53.293716+00:00,2025-10-01 15:49:01.996168+00:00,8.702452,54545.0,LX Route
7179,3,2025-10-01 15:54:07.563532+00:00,2025-10-01 15:55:52.924951+00:00,105.361419,54545.0,LX Route
7179,12,2025-10-01 16:01:33.766381+00:00,2025-10-01 16:02:52.421761+00:00,78.65538,54545.0,LX Route
7179,13,2025-10-01 16:03:53.633550+00:00,2025-10-01 16:04:55.171262+00:00,61.537712,54545.0,LX Route
7179,14,2025-10-01 16:06:58.108827+00:00,2025-10-01 16:08:09.240022+00:00,71.131195,54545.0,LX Route
7179,1,2025-10-01 16:16:20.578507+00:00,2025-10-01 16:19:33.908045+00:00,193.329538,54545.0,LX Route
7179,2,2025-10-01 16:21:36.371407+00:00,2025-10-01 16:22:03.461510+00:00,27.090103,54545.0,LX Route
7179,3,2025-10-01 16:26:16.461608+00:00,2025-10-01 16:27:17.458305+00:00,60.996697,54545.0,LX Route
7179,12,2025-10-01 16:32:59.162972+00:00,2025-10-01 16:33:25.381622+00:00,26.21865,54545.0,LX Route
7179,13,2025-10-01 16:34:26.738139+00:00,2025-10-01 16:35:19.863244+00:00,53.125105,54545.0,LX Route
7179,14,2025-10-01 16:37:23.274971+00:00,2025-10-01 16:39:25.588388+00:00,122.313417,54545.0,LX Route
7179,1,2025-10-01 16:47:45.750285+00:00,2025-10-01 16:52:07.954608+00:00,262.204323,54545.0,LX Route
7179,2,2025-10-01 16:53:35.505345+00:00,2025-10-01 16:55:03.597320+00:00,88.091975,54545.0,LX Route
7179,3,2025-10-01 16:58:08.243296+00:00,2025-10-01 16:59:27.483294+00:00,79.239998,54545.0,LX Route
7179,12,2025-10-01 17:05:36.431704+00:00,2025-10-01 17:08:06.963458+00:00,150.531754,54545.0,LX Route
7179,13,2025-10-01 17:10:27.091809+00:00,2025-10-01 17:17:22.743959+00:00,415.65215,54545.0,LX Route
7179,14,2025-10-01 17:18:49.937867+00:00,2025-10-01 17:19:25.211409+00:00,35.273542,54545.0,LX Route
7179,1,2025-10-01 17:27:28.548584+00:00,2025-10-01 17:28:21.159199+00:00,52.610615,54545.0,LX Route
7179,2,2025-10-01 17:32:18.424012+00:00,2025-10-01 17:32:53.270540+00:00,34.846528,54545.0,LX Route
7179,3,2025-10-01 17:40:19.811422+00:00,2025-10-01 17:41:21.222977+00:00,61.411555,54545.0,LX Route
7179,12,2025-10-01 17:47:03.392754+00:00,2025-10-01 17:49:14.605390+00:00,131.212636,54545.0,LX Route
7179,13,2025-10-01 17:50:16.362530+00:00,2025-10-01 17:55:12.845612+00:00,296.483082,54545.0,LX Route
7179,14,2025-10-01 17:57:06.838395+00:00,2025-10-01 17:57:42.110747+00:00,35.272352,54545.0,LX Route
7179,1,2025-10-01 18:06:27.130637+00:00,2025-10-01 18:07:11.875167+00:00,44.74453,54545.0,LX Route
7179,2,2025-10-01 18:08:31.227095+00:00,2025-10-01 18:09:06.737570+00:00,35.510475,54545.0,LX Route
7179,3,2025-10-01 18:13:50.720427+00:00,2025-10-01 18:15:19.125641+00:00,88.405214,54545.0,LX Route
7179,12,2025-10-01 18:20:01.482080+00:00,2025-10-01 18:22:49.332318+00:00,167.850238,54545.0,LX Route
7179,13,2025-10-01 18:24:07.458401+00:00,2025-10-01 18:25:09.422357+00:00,61.963956,54545.0,LX Route
7179,14,2025-10-01 18:26:37.197607+00:00,2025-10-01 18:26:46.233260+00:00,9.035653,54545.0,LX Route
7179,1,2025-10-01 18:34:05.585675+00:00,2025-10-01 18:44:49.516629+00:00,643.930954,54545.0,LX Route
7179,2,2025-10-01 18:47:10.327690+00:00,2025-10-01 18:47:27.996665+00:00,17.668975,54545.0,LX Route
7179,3,2025-10-01 18:50:24.778657+00:00,2025-10-01 18:52:10.633455+00:00,105.854798,54545.0,LX Route
7179,12,2025-10-01 18:57:18.272897+00:00,2025-10-01 18:58:55.420375+00:00,97.147478,54545.0,LX Route
7179,13,2025-10-01 19:00:23.589194+00:00,2025-10-01 19:01:25.979605+00:00,62.390411,54545.0,LX Route
7179,14,2025-10-01 19:03:03.288627+00:00,2025-10-01 19:03:30.076306+00:00,26.787679,54545.0,LX Route
7179,1,2025-10-01 19:11:55.440042+00:00,2025-10-01 19:13:06.223197+00:00,70.783155,54545.0,LX Route
7179,2,2025-10-01 19:17:30.745374+00:00,2025-10-01 19:17:39.648224+00:00,8.90285,54545.0,LX Route
7179,3,2025-10-01 19:29:37.273295+00:00,2025-10-01 19:30:56.336926+00:00,79.063631,54545.0,LX Route
7179,12,2025-10-01 19:36:29.539068+00:00,2025-10-01 19:38:24.058279+00:00,114.519211,54545.0,LX Route
7179,13,2025-10-01 19:39:26.054202+00:00,2025-10-01 19:40:37.052839+00:00,70.998637,54545.0,LX Route
7179,14,2025-10-01 19:42:48.716527+00:00,2025-10-01 19:43:41.121787+00:00,52.40526,54545.0,LX Route
7179,1,2025-10-01 20:00:04.272970+00:00,2025-10-01 20:01:35.062052+00:00,90.789082,54545.0,LX Route
7179,2,2025-10-01 20:02:57.369217+00:00,2025-10-01 20:03:24.215025+00:00,26.845808,54545.0,LX Route
7179,3,2025-10-01 20:10:49.537060+00:00,2025-10-01 20:12:37.233087+00:00,107.696027,54545.0,LX Route
7179,12,2025-10-01 20:17:39.812597+00:00,2025-10-01 20:18:43.378001+00:00,63.565404,54545.0,LX Route
7179,13,2025-10-01 20:19:27.491395+00:00,2025-10-01 20:20:21.940744+00:00,54.449349,54545.0,LX Route
7179,14,2025-10-01 20:22:08.000820+00:00,2025-10-01 20:23:02.409166+00:00,54.408346,54545.0,LX Route
7179,1,2025-10-01 20:35:29.952149+00:00,2025-10-01 20:49:04.766993+00:00,814.814844,54545.0,LX Route
7179,2,2025-10-01 20:50:40.675984+00:00,2025-10-01 20:51:24.836320+00:00,44.160336,54545.0,LX Route
7179,3,2025-10-01 20:56:31.021306+00:00,2025-10-01 20:57:14.518703+00:00,43.497397,54545.0,LX Route
7179,12,2025-10-01 21:02:19.721267+00:00,2025-10-01 21:04:57.013330+00:00,157.292063,54545.0,LX Route
7179,13,2025-10-01 21:05:49.861709+00:00,2025-10-01 21:06:43.934163+00:00,54.072454,54545.0,LX Route
7179,14,2025-10-01 21:09:40.259103+00:00,2025-10-01 21:10:15.675514+00:00,35.416411,54545.0,LX Route
7179,1,2025-10-01 21:32:05.308789+00:00,2025-10-01 21:33:15.395901+00:00,70.087112,54545.0,LX Route
7179,2,2025-10-01 21:35:43.921805+00:00,2025-10-01 21:36:53.509629+00:00,69.587824,54545.0,LX Route
7179,3,2025-10-01 21:51:31.741926+00:00,2025-10-01 21:53:16.869884+00:00,105.127958,54545.0,LX Route
7179,12,2025-10-01 22:00:17.270214+00:00,2025-10-01 22:01:45.244679+00:00,87.974465,54545.0,LX Route
7179,13,2025-10-01 22:02:46.302500+00:00,2025-10-01 22:17:01.818061+00:00,855.515561,54545.0,LX Route
7179,14,2025-10-01 22:18:38.461394+00:00,2025-10-01 22:19:04.939861+00:00,26.478467,54545.0,LX Route
7179,1,2025-10-01 22:30:49.237373+00:00,2025-10-01 22:31:06.839208+00:00,17.601835,54545.0,LX Route
7179,2,2025-10-01 22:32:43.038053+00:00,2025-10-01 22:32:52.108564+00:00,9.070511,54545.0,LX Route
7179,3,2025-10-01 22:37:41.384177+00:00,2025-10-01 22:39:09.143105+00:00,87.758928,54545.0,LX Route
7179,12,2025-10-01 22:45:17.517336+00:00,2025-10-01 22:47:12.174788+00:00,114.657452,54545.0,LX Route
7179,13,2025-10-01 22:48:21.819468+00:00,2025-10-01 22:50:17.100961+00:00,115.281493,54545.0,LX Route
7179,14,2025-10-01 22:51:53.656288+00:00,2025-10-01 22:52:19.976772+00:00,26.320484,54545.0,LX Route
7179,1,2025-10-01 23:03:01.949192+00:00,2025-10-01 23:06:16.168129+00:00,194.218937,54545.0,LX Route
7179,2,2025-10-01 23:09:21.486241+00:00,2025-10-01 23:10:49.500707+00:00,88.014466,54545.0,LX Route
7179,12,2025-10-01 23:25:00.193287+00:00,2025-10-01 23:27:30.232239+00:00,150.038952,54545.0,LX Route
7179,13,2025-10-01 23:29:15.329370+00:00,2025-10-01 23:30:52.320123+00:00,96.990753,54545.0,LX Route
7179,14,2025-10-01 23:32:38.074710+00:00,2025-10-01 23:33:04.664372+00:00,26.589662,54545.0,LX Route
7179,1,2025-10-01 23:41:00.052126+00:00,2025-10-01 23:42:55.308245+00:00,115.256119,54545.0,LX Route
7179,2,2025-10-01 23:44:59.860850+00:00,2025-10-01 23:46:01.729204+00:00,61.868354,54545.0,LX Route
7179,3,2025-10-01 23:48:04.663377+00:00,2025-10-01 23:48:39.899833+00:00,35.236456,54545.0,LX Route
7179,12,2025-10-01 23:53:56.138705+00:00,2025-10-01 23:55:40.661643+00:00,104.522938,54545.0,LX Route
7179,13,2025-10-01 23:56:50.031351+00:00,2025-10-02 00:11:37.627833+00:00,887.596482,54545.0,LX Route
9418,17,2025-10-01 11:14:33.601722+00:00,2025-10-01 11:16:26.035009+00:00,112.433287,54544.0,F Route
9418,18,2025-10-01 11:17:09.224812+00:00,2025-10-01 11:17:17.905186+00:00,8.680374,54544.0,F Route
9418,16,2025-10-01 11:19:35.906142+00:00,2025-10-01 11:19:44.566173+00:00,8.660031,54544.0,F Route
9418,3,2025-10-01 11:25:13.367393+00:00,2025-10-01 11:25:39.458863+00:00,26.09147,54544.0,F Route
9418,2,2025-10-01 11:29:16.146991+00:00,2025-10-01 11:29:59.530765+00:00,43.383774,54544.0,F Route
9418,17,2025-10-01 11:36:37.538795+00:00,2025-10-01 11:37:55.864844+00:00,78.326049,54544.0,F Route
9418,18,2025-10-01 11:43:24.429842+00:00,2025-10-01 11:43:52.449909+00:00,28.020067,54544.0,F Route
9418,16,2025-10-01 11:46:11.329058+00:00,2025-10-01 11:46:20.024176+00:00,8.695118,54544.0,F Route
9418,3,2025-10-01 11:52:40.583004+00:00,2025-10-01 11:53:23.804932+00:00,43.221928,54544.0,F Route
9418,2,2025-10-01 11:56:35.749650+00:00,2025-10-01 11:57:19.306936+00:00,43.557286,54544.0,F Route
9418,17,2025-10-01 12:06:43.123890+00:00,2025-10-01 12:07:35.279337+00:00,52.155447,54544.0,F Route
9418,18,2025-10-01 12:12:03.563327+00:00,2025-10-01 12:12:38.192489+00:00,34.629162,54544.0,F Route
9418,16,2025-10-01 12:15:21.377935+00:00,2025-10-01 12:15:30.124410+00:00,8.746475,54544.0,F Route
9418,3,2025-10-01 12:25:27.106467+00:00,2025-10-01 12:26:19.016958+00:00,51.910491,54544.0,F Route
9418,2,2025-10-01 12:28:55.114417+00:00,2025-10-01 12:29:38.590909+00:00,43.476492,54544.0,F Route
9418,17,2025-10-01 12:36:25.564255+00:00,2025-10-01 12:40:10.620995+00:00,225.05674,54544.0,F Route
9418,18,2025-10-01 12:41:46.449338+00:00,2025-10-01 12:42:21.582689+00:00,35.133351,54544.0,F Route
9418,16,2025-10-01 12:45:23.666747+00:00,2025-10-01 12:45:32.543694+00:00,8.876947,54544.0,F Route
9418,3,2025-10-01 12:51:11.151174+00:00,2025-10-01 12:51:37.002061+00:00,25.850887,54544.0,F Route
9418,2,2025-10-01 12:55:48.464358+00:00,2025-10-01 12:56:40.238977+00:00,51.774619,54544.0,F Route
9418,17,2025-10-01 13:03:53.195544+00:00,2025-10-01 13:05:11.954808+00:00,78.759264,54544.0,F Route
9418,18,2025-10-01 13:14:36.111763+00:00,2025-10-01 13:15:02.176725+00:00,26.064962,54544.0,F Route
9418,16,2025-10-01 13:17:55.563646+00:00,2025-10-01 13:18:04.516689+00:00,8.953043,54544.0,F Route
9418,3,2025-10-01 13:23:26.441839+00:00,2025-10-01 13:24:19.234400+00:00,52.792561,54544.0,F Route
9418,2,2025-10-01 13:27:56.336589+00:00,2025-10-01 13:28:41.058698+00:00,44.722109,54544.0,F Route
9418,17,2025-10-01 13:34:38.865677+00:00,2025-10-01 13:35:40.244838+00:00,61.379161,54544.0,F Route
9418,18,2025-10-01 13:36:15.090750+00:00,2025-10-01 13:37:07.559877+00:00,52.469127,54544.0,F Route
9418,16,2025-10-01 13:40:11.201313+00:00,2025-10-01 13:40:19.901779+00:00,8.700466,54544.0,F Route
9418,3,2025-10-01 13:46:25.693559+00:00,2025-10-01 13:47:18.150540+00:00,52.456981,54544.0,F Route
9418,2,2025-10-01 13:52:40.295771+00:00,2025-10-01 13:52:49.307196+00:00,9.011425,54544.0,F Route
9418,17,2025-10-01 14:00:38.209237+00:00,2025-10-01 14:01:22.623390+00:00,44.414153,54544.0,F Route
9418,18,2025-10-01 14:02:06.566145+00:00,2025-10-01 14:02:59.497497+00:00,52.931352,54544.0,F Route
9418,2,2025-10-01 14:17:14.429723+00:00,2025-10-01 14:17:57.787865+00:00,43.358142,54544.0,F Route
9418,17,2025-10-01 14:25:39.209137+00:00,2025-10-01 14:28:51.142335+00:00,191.933198,54544.0,F Route
9418,18,2025-10-01 14:33:21.591011+00:00,2025-10-01 14:34:14.261236+00:00,52.670225,54544.0,F Route
9418,16,2025-10-01 14:37:44.058139+00:00,2025-10-01 14:37:53.173830+00:00,9.115691,54544.0,F Route
9418,3,2025-10-01 14:43:07.193170+00:00,2025-10-01 14:44:08.443085+00:00,61.249915,54544.0,F Route
9418,2,2025-10-01 14:47:38.219340+00:00,2025-10-01 14:49:32.135358+00:00,113.916018,54544.0,F Route
9418,17,2025-10-01 14:58:08.458651+00:00,2025-10-01 15:09:29.509712+00:00,681.051061,54544.0,F Route
9418,18,2025-10-01 15:10:47.793776+00:00,2025-10-01 15:11:22.828652+00:00,35.034876,54544.0,F Route
9418,16,2025-10-01 15:13:15.962053+00:00,2025-10-01 15:13:24.927938+00:00,8.965885,54544.0,F Route
9418,3,2025-10-01 15:18:49.998682+00:00,2025-10-01 15:20:44.892051+00:00,114.893369,54544.0,F Route
9418,2,2025-10-01 15:24:49.363341+00:00,2025-10-01 15:25:33.098620+00:00,43.735279,54544.0,F Route
9418,17,2025-10-01 15:32:16.781703+00:00,2025-10-01 15:33:00.560642+00:00,43.778939,54544.0,F Route
9418,18,2025-10-01 15:35:38.012411+00:00,2025-10-01 15:36:40.021836+00:00,62.009425,54544.0,F Route
9418,16,2025-10-01 15:39:26.036199+00:00,2025-10-01 15:39:34.795151+00:00,8.758952,54544.0,F Route
9418,3,2025-10-01 15:45:32.591872+00:00,2025-10-01 15:47:00.299665+00:00,87.707793,54544.0,F Route
9418,2,2025-10-01 15:52:31.344542+00:00,2025-10-01 15:53:41.228130+00:00,69.883588,54544.0,F Route
9418,17,2025-10-01 16:04:02.557385+00:00,2025-10-01 16:04:46.523389+00:00,43.966004,54544.0,F Route
9418,18,2025-10-01 16:05:39.375139+00:00,2025-10-01 16:06:05.728470+00:00,26.353331,54544.0,F Route
9418,16,2025-10-01 16:10:29.892485+00:00,2025-10-01 16:10:38.956290+00:00,9.063805,54544.0,F Route
9418,3,2025-10-01 16:15:45.732085+00:00,2025-10-01 16:16:20.725596+00:00,34.993511,54544.0,F Route
9418,2,2025-10-01 16:21:36.479237+00:00,2025-10-01 16:22:21.061375+00:00,44.582138,54544.0,F Route
9418,17,2025-10-01 16:30:21.539847+00:00,2025-10-01 16:35:10.938652+00:00,289.398805,54544.0,F Route
9418,18,2025-10-01 16:36:48.156444+00:00,2025-10-01 16:37:32.156054+00:00,43.99961,54544.0,F Route
9418,16,2025-10-01 16:40:26.477010+00:00,2025-10-01 16:40:35.348525+00:00,8.871515,54544.0,F Route
9418,3,2025-10-01 16:45:43.166215+00:00,2025-10-01 16:46:44.803898+00:00,61.637683,54544.0,F Route
9418,2,2025-10-01 16:50:31.777259+00:00,2025-10-01 16:51:15.310825+00:00,43.533566,54544.0,F Route
9418,17,2025-10-01 17:01:56.542223+00:00,2025-10-01 17:02:40.367178+00:00,43.824955,54544.0,F Route
9418,18,2025-10-01 17:04:00.106397+00:00,2025-10-01 17:04:35.199569+00:00,35.093172,54544.0,F Route
9418,16,2025-10-01 17:06:56.623763+00:00,2025-10-01 17:07:05.591455+00:00,8.967692,54544.0,F Route
9418,3,2025-10-01 17:11:29.099548+00:00,2025-10-01 17:12:23.238909+00:00,54.139361,54544.0,F Route
9418,2,2025-10-01 17:15:45.634004+00:00,2025-10-01 17:16:29.974994+00:00,44.34099,54544.0,F Route
9418,17,2025-10-01 17:24:15.874272+00:00,2025-10-01 17:25:52.167742+00:00,96.29347,54544.0,F Route
9418,18,2025-10-01 17:27:02.579167+00:00,2025-10-01 17:28:21.216242+00:00,78.637075,54544.0,F Route
9418,16,2025-10-01 17:30:50.933402+00:00,2025-10-01 17:30:59.944719+00:00,9.011317,54544.0,F Route
9418,3,2025-10-01 17:38:51.638191+00:00,2025-10-01 17:41:56.257910+00:00,184.619719,54544.0,F Route
9418,2,2025-10-01 17:47:12.074969+00:00,2025-10-01 17:48:04.660209+00:00,52.58524,54544.0,F Route
9418,17,2025-10-01 18:04:03.049880+00:00,2025-10-01 18:11:47.161248+00:00,464.111368,54544.0,F Route
9418,18,2025-10-01 18:13:06.581883+00:00,2025-10-01 18:14:52.504381+00:00,105.922498,54544.0,F Route
9418,16,2025-10-01 18:17:40.549915+00:00,2025-10-01 18:17:49.535801+00:00,8.985886,54544.0,F Route
9418,3,2025-10-01 18:24:07.551752+00:00,2025-10-01 18:25:00.646069+00:00,53.094317,54544.0,F Route
9418,2,2025-10-01 18:32:46.152304+00:00,2025-10-01 18:34:05.715903+00:00,79.563599,54544.0,F Route
9418,17,2025-10-01 18:41:27.284700+00:00,2025-10-01 18:43:57.243666+00:00,149.958966,54544.0,F Route
9418,18,2025-10-01 18:44:49.518569+00:00,2025-10-01 18:45:16.215943+00:00,26.697374,54544.0,F Route
9418,16,2025-10-01 18:47:36.787949+00:00,2025-10-01 18:47:45.814737+00:00,9.026788,54544.0,F Route
9418,3,2025-10-01 18:53:56.191503+00:00,2025-10-01 18:57:09.597391+00:00,193.405888,54544.0,F Route
9418,17,2025-10-01 19:13:58.996055+00:00,2025-10-01 19:15:10.410560+00:00,71.414505,54544.0,F Route
9418,18,2025-10-01 19:16:03.221784+00:00,2025-10-01 19:17:13.254670+00:00,70.032886,54544.0,F Route
9418,16,2025-10-01 19:22:37.204568+00:00,2025-10-01 19:22:45.874570+00:00,8.670002,54544.0,F Route
9418,3,2025-10-01 19:29:28.559128+00:00,2025-10-01 19:30:29.888296+00:00,61.329168,54544.0,F Route
9418,2,2025-10-01 19:40:01.160192+00:00,2025-10-01 19:42:13.344344+00:00,132.184152,54544.0,F Route
9418,17,2025-10-01 20:00:39.733946+00:00,2025-10-01 20:02:39.631804+00:00,119.897858,54544.0,F Route
9418,18,2025-10-01 20:03:59.346647+00:00,2025-10-01 20:07:07.201651+00:00,187.855004,54544.0,F Route
9418,16,2025-10-01 20:10:31.620910+00:00,2025-10-01 20:10:40.870132+00:00,9.249222,54544.0,F Route
9418,3,2025-10-01 20:15:52.952432+00:00,2025-10-01 20:16:47.242685+00:00,54.290253,54544.0,F Route
9418,2,2025-10-01 20:22:08.100077+00:00,2025-10-01 20:23:20.200788+00:00,72.100711,54544.0,F Route
9418,17,2025-10-01 20:38:16.173157+00:00,2025-10-01 20:40:00.927528+00:00,104.754371,54544.0,F Route
9418,18,2025-10-01 20:40:44.435574+00:00,2025-10-01 20:42:39.080672+00:00,114.645098,54544.0,F Route
9418,16,2025-10-01 20:45:43.307313+00:00,2025-10-01 20:45:52.441847+00:00,9.134534,54544.0,F Route
9418,3,2025-10-01 20:50:49.516323+00:00,2025-10-01 20:52:08.987177+00:00,79.470854,54544.0,F Route
9418,2,2025-10-01 20:59:42.243438+00:00,2025-10-01 21:00:35.081836+00:00,52.838398,54544.0,F Route
9418,17,2025-10-01 21:19:49.129155+00:00,2025-10-01 21:21:44.055785+00:00,114.92663,54544.0,F Route
9418,18,2025-10-01 21:22:54.618420+00:00,2025-10-01 21:24:31.063910+00:00,96.44549,54544.0,F Route
9418,3,2025-10-01 21:40:13.914250+00:00,2025-10-01 21:42:33.474972+00:00,139.560722,54544.0,F Route
9418,2,2025-10-01 21:49:39.128172+00:00,2025-10-01 21:50:05.560682+00:00,26.43251,54544.0,F Route
9418,17,2025-10-01 22:08:55.922993+00:00,2025-10-01 22:10:06.938331+00:00,71.015338,54544.0,F Route
9418,18,2025-10-01 22:11:27.412867+00:00,2025-10-01 22:13:22.246477+00:00,114.83361,54544.0,F Route
9418,16,2025-10-01 22:16:26.532839+00:00,2025-10-01 22:16:35.388067+00:00,8.855228,54544.0,F Route
9418,3,2025-10-01 22:22:09.795611+00:00,2025-10-01 22:22:45.133418+00:00,35.337807,54544.0,F Route
9418,2,2025-10-01 22:47:46.618551+00:00,2025-10-01 22:48:57.487702+00:00,70.869151,54544.0,F Route
9418,17,2025-10-01 22:59:31.060137+00:00,2025-10-01 23:01:33.900434+00:00,122.840297,54544.0,F Route
9418,18,2025-10-01 23:02:18.005632+00:00,2025-10-01 23:04:03.673040+00:00,105.667408,54544.0,F Route
9418,16,2025-10-01 23:06:33.996153+00:00,2025-10-01 23:06:43.089423+00:00,9.09327,54544.0,F Route
9418,3,2025-10-01 23:14:11.792620+00:00,2025-10-01 23:15:30.614836+00:00,78.822216,54544.0,F Route
9418,2,2025-10-01 23:21:47.669451+00:00,2025-10-01 23:23:06.320747+00:00,78.651296,54544.0,F Route
9418,17,2025-10-01 23:34:24.491423+00:00,2025-10-01 23:36:02.772142+00:00,98.280719,54544.0,F Route
9418,18,2025-10-01 23:36:55.078439+00:00,2025-10-01 23:37:47.533759+00:00,52.45532,54544.0,F Route
9418,16,2025-10-01 23:42:02.456002+00:00,2025-10-01 23:42:11.495240+00:00,9.039238,54544.0,F Route
9418,3,2025-10-01 23:49:06.390246+00:00,2025-10-01 23:51:09.377217+00:00,122.986971,54544.0,F Route
9418,2,2025-10-01 23:56:58.830962+00:00,2025-10-01 23:57:25.183106+00:00,26.352144,54544.0,F Route
9418,17,2025-10-02 00:03:50.882764+00:00,2025-10-02 00:06:50.971363+00:00,180.088599,54544.0,F Route
9418,18,2025-10-02 00:07:45.194022+00:00,2025-10-02 00:09:16.136905+00:00,90.942883,54544.0,F Route
9418,16,2025-10-02 00:12:30.082165+00:00,2025-10-02 00:12:39.005842+00:00,8.923677,54544.0,F Route
17625,1,2025-10-01 11:19:44.567766+00:00,2025-10-01 11:20:10.326616+00:00,25.75885,54540.0,A Route
17625,2,2025-10-01 11:21:36.961645+00:00,2025-10-01 11:22:02.905651+00:00,25.944006,54540.0,A Route
17625,3,2025-10-01 11:24:29.765256+00:00,2025-10-01 11:24:55.928256+00:00,26.163,54540.0,A Route
17625,5,2025-10-01 11:30:08.246257+00:00,2025-10-01 11:32:09.668911+00:00,121.422654,54540.0,A Route
17625,6,2025-10-01 11:33:36.393109+00:00,2025-10-01 11:34:02.651578+00:00,26.258469,54540.0,A Route
17625,9,2025-10-01 11:34:45.613034+00:00,2025-10-01 11:35:28.858584+00:00,43.24555,54540.0,A Route
17625,10,2025-10-01 11:37:38.698707+00:00,2025-10-01 11:39:13.677478+00:00,94.978771,54540.0,A Route
17625,11,2025-10-01 11:40:40.310189+00:00,2025-10-01 11:40:57.708673+00:00,17.398484,54540.0,A Route
17625,1,2025-10-01 11:45:10.200165+00:00,2025-10-01 11:46:37.409187+00:00,87.209022,54540.0,A Route
17625,2,2025-10-01 11:47:37.924937+00:00,2025-10-01 11:48:29.754889+00:00,51.829952,54540.0,A Route
17625,3,2025-10-01 11:51:14.555933+00:00,2025-10-01 11:51:57.443273+00:00,42.88734,54540.0,A Route
17625,5,2025-10-01 11:56:44.466202+00:00,2025-10-01 11:57:10.432463+00:00,25.966261,54540.0,A Route
17625,6,2025-10-01 11:59:11.346982+00:00,2025-10-01 11:59:55.039173+00:00,43.692191,54540.0,A Route
17625,9,2025-10-01 12:00:55.365859+00:00,2025-10-01 12:01:30.124932+00:00,34.759073,54540.0,A Route
17625,10,2025-10-01 12:03:30.793051+00:00,2025-10-01 12:05:42.286078+00:00,131.493027,54540.0,A Route
17625,11,2025-10-01 12:16:47.355350+00:00,2025-10-01 12:17:13.457260+00:00,26.10191,54540.0,A Route
17625,1,2025-10-01 12:21:15.264266+00:00,2025-10-01 12:23:16.207474+00:00,120.943208,54540.0,A Route
17625,2,2025-10-01 12:24:08.347939+00:00,2025-10-01 12:24:52.098302+00:00,43.750363,54540.0,A Route
17625,3,2025-10-01 12:27:28.327937+00:00,2025-10-01 12:28:03.176989+00:00,34.849052,54540.0,A Route
17625,5,2025-10-01 12:32:49.174902+00:00,2025-10-01 12:33:15.114337+00:00,25.939435,54540.0,A Route
17625,6,2025-10-01 12:35:07.420922+00:00,2025-10-01 12:35:24.822156+00:00,17.401234,54540.0,A Route
17625,9,2025-10-01 12:37:00.201989+00:00,2025-10-01 12:37:43.274385+00:00,43.072396,54540.0,A Route
17625,10,2025-10-01 12:39:44.534378+00:00,2025-10-01 12:51:02.410380+00:00,677.876002,54540.0,A Route
17625,11,2025-10-01 12:52:02.823915+00:00,2025-10-01 12:52:20.114098+00:00,17.290183,54540.0,A Route
17625,1,2025-10-01 12:55:57.054899+00:00,2025-10-01 12:58:24.467988+00:00,147.413089,54540.0,A Route
17625,2,2025-10-01 12:59:16.387441+00:00,2025-10-01 12:59:51.200100+00:00,34.812659,54540.0,A Route
17625,3,2025-10-01 13:01:34.727828+00:00,2025-10-01 13:02:18.169714+00:00,43.441886,54540.0,A Route
17625,5,2025-10-01 13:06:29.976708+00:00,2025-10-01 13:06:55.931492+00:00,25.954784,54540.0,A Route
17625,6,2025-10-01 13:08:49.070079+00:00,2025-10-01 13:09:06.684467+00:00,17.614388,54540.0,A Route
17625,9,2025-10-01 13:10:07.376086+00:00,2025-10-01 13:10:51.244179+00:00,43.868093,54540.0,A Route
17625,10,2025-10-01 13:13:00.784067+00:00,2025-10-01 13:17:29.471192+00:00,268.687125,54540.0,A Route
17625,11,2025-10-01 13:18:30.723346+00:00,2025-10-01 13:18:57.039866+00:00,26.31652,54540.0,A Route
17625,1,2025-10-01 13:22:00.021243+00:00,2025-10-01 13:22:43.318446+00:00,43.297203,54540.0,A Route
17625,2,2025-10-01 13:23:52.976139+00:00,2025-10-01 13:25:55.050747+00:00,122.074608,54540.0,A Route
17625,3,2025-10-01 13:28:06.283946+00:00,2025-10-01 13:28:58.484742+00:00,52.200796,54540.0,A Route
17625,5,2025-10-01 13:33:01.854420+00:00,2025-10-01 13:33:28.298216+00:00,26.443796,54540.0,A Route
17625,6,2025-10-01 13:35:05.155785+00:00,2025-10-01 13:35:49.098316+00:00,43.942531,54540.0,A Route
17625,9,2025-10-01 13:36:24.043231+00:00,2025-10-01 13:37:16.521111+00:00,52.47788,54540.0,A Route
17625,10,2025-10-01 13:39:01.173567+00:00,2025-10-01 13:41:03.154664+00:00,121.981097,54540.0,A Route
17625,11,2025-10-01 13:42:29.891742+00:00,2025-10-01 13:42:56.035304+00:00,26.143562,54540.0,A Route
17625,1,2025-10-01 13:46:34.454425+00:00,2025-10-01 13:47:26.767399+00:00,52.312974,54540.0,A Route
17625,2,2025-10-01 13:49:38.360881+00:00,2025-10-01 13:50:22.319487+00:00,43.958606,54540.0,A Route
17625,3,2025-10-01 13:53:58.297905+00:00,2025-10-01 13:54:50.532912+00:00,52.235007,54540.0,A Route
17625,5,2025-10-01 13:59:02.968836+00:00,2025-10-01 13:59:37.647552+00:00,34.678716,54540.0,A Route
17625,6,2025-10-01 14:01:22.626377+00:00,2025-10-01 14:02:15.687369+00:00,53.060992,54540.0,A Route
17625,9,2025-10-01 14:02:59.500105+00:00,2025-10-01 14:03:43.155821+00:00,43.655716,54540.0,A Route
17625,10,2025-10-01 14:05:19.222812+00:00,2025-10-01 14:06:28.932080+00:00,69.709268,54540.0,A Route
17625,11,2025-10-01 14:08:21.769296+00:00,2025-10-01 14:08:57.073249+00:00,35.303953,54540.0,A Route
17625,1,2025-10-01 14:13:01.057012+00:00,2025-10-01 14:14:10.748560+00:00,69.691548,54540.0,A Route
17625,2,2025-10-01 14:16:04.496858+00:00,2025-10-01 14:16:22.037437+00:00,17.540579,54540.0,A Route
17625,3,2025-10-01 14:19:34.015761+00:00,2025-10-01 14:20:09.245730+00:00,35.229969,54540.0,A Route
17625,5,2025-10-01 14:25:30.391281+00:00,2025-10-01 14:25:48.195865+00:00,17.804584,54540.0,A Route
17625,6,2025-10-01 14:27:33.029454+00:00,2025-10-01 14:28:07.767053+00:00,34.737599,54540.0,A Route
17625,9,2025-10-01 14:28:59.936198+00:00,2025-10-01 14:29:43.870132+00:00,43.933934,54540.0,A Route
17625,10,2025-10-01 14:32:03.268674+00:00,2025-10-01 14:46:19.760519+00:00,856.491845,54540.0,A Route
17625,11,2025-10-01 14:47:20.853053+00:00,2025-10-01 14:47:38.372643+00:00,17.51959,54540.0,A Route
17625,1,2025-10-01 14:50:51.083520+00:00,2025-10-01 14:51:52.892327+00:00,61.808807,54540.0,A Route
17625,2,2025-10-01 14:52:44.961204+00:00,2025-10-01 14:53:19.841617+00:00,34.880413,54540.0,A Route
17625,3,2025-10-01 14:55:39.739035+00:00,2025-10-01 14:56:06.280037+00:00,26.541002,54540.0,A Route
17625,5,2025-10-01 15:00:10.800244+00:00,2025-10-01 15:00:37.050489+00:00,26.250245,54540.0,A Route
17625,6,2025-10-01 15:02:29.987936+00:00,2025-10-01 15:02:56.253416+00:00,26.26548,54540.0,A Route
17625,9,2025-10-01 15:03:48.996539+00:00,2025-10-01 15:04:33.024251+00:00,44.027712,54540.0,A Route
17625,10,2025-10-01 15:06:18.126144+00:00,2025-10-01 15:09:03.231951+00:00,165.105807,54540.0,A Route
17625,11,2025-10-01 15:10:13.175473+00:00,2025-10-01 15:10:39.188995+00:00,26.013522,54540.0,A Route
17625,1,2025-10-01 15:14:17.138648+00:00,2025-10-01 15:15:18.517274+00:00,61.378626,54540.0,A Route
17625,2,2025-10-01 15:16:46.376109+00:00,2025-10-01 15:17:04.307197+00:00,17.931088,54540.0,A Route
17625,3,2025-10-01 15:20:27.014055+00:00,2025-10-01 15:22:12.557312+00:00,105.543257,54540.0,A Route
17625,5,2025-10-01 15:26:52.743868+00:00,2025-10-01 15:27:36.090423+00:00,43.346555,54540.0,A Route
17625,6,2025-10-01 15:30:04.784203+00:00,2025-10-01 15:30:40.316385+00:00,35.532182,54540.0,A Route
17625,9,2025-10-01 15:31:23.855699+00:00,2025-10-01 15:31:59.008946+00:00,35.153247,54540.0,A Route
17625,10,2025-10-01 15:34:19.294118+00:00,2025-10-01 15:38:24.745540+00:00,245.451422,54540.0,A Route
17625,11,2025-10-01 15:39:52.234825+00:00,2025-10-01 15:40:27.122127+00:00,34.887302,54540.0,A Route
17625,1,2025-10-01 15:44:49.036022+00:00,2025-10-01 15:45:59.072697+00:00,70.036675,54540.0,A Route
17625,2,2025-10-01 15:49:02.002619+00:00,2025-10-01 15:49:45.665708+00:00,43.663089,54540.0,A Route
17625,3,2025-10-01 15:54:51.363482+00:00,2025-10-01 15:56:19.406084+00:00,88.042602,54540.0,A Route
17625,5,2025-10-01 16:01:25.164830+00:00,2025-10-01 16:01:42.606725+00:00,17.441895,54540.0,A Route
17625,6,2025-10-01 16:04:11.239215+00:00,2025-10-01 16:05:12.807623+00:00,61.568408,54540.0,A Route
17625,9,2025-10-01 16:06:31.911938+00:00,2025-10-01 16:06:58.253296+00:00,26.341358,54540.0,A Route
17625,10,2025-10-01 16:09:10.432224+00:00,2025-10-01 16:10:47.775844+00:00,97.34362,54540.0,A Route
17625,11,2025-10-01 16:12:23.300879+00:00,2025-10-01 16:13:07.865396+00:00,44.564517,54540.0,A Route
17625,1,2025-10-01 16:17:57.015039+00:00,2025-10-01 16:18:58.639035+00:00,61.623996,54540.0,A Route
17625,2,2025-10-01 16:20:17.668301+00:00,2025-10-01 16:20:43.857726+00:00,26.189425,54540.0,A Route
17625,3,2025-10-01 16:24:22.667847+00:00,2025-10-01 16:25:06.644644+00:00,43.976797,54540.0,A Route
17625,5,2025-10-01 16:29:46.384783+00:00,2025-10-01 16:30:12.933818+00:00,26.549035,54540.0,A Route
17625,6,2025-10-01 16:32:06.162015+00:00,2025-10-01 16:32:32.641571+00:00,26.479556,54540.0,A Route
17625,9,2025-10-01 16:33:25.393219+00:00,2025-10-01 16:34:00.547332+00:00,35.154113,54540.0,A Route
17625,10,2025-10-01 16:36:13.298180+00:00,2025-10-01 16:48:46.785755+00:00,753.487575,54540.0,A Route
17625,11,2025-10-01 16:49:47.846905+00:00,2025-10-01 16:50:14.005694+00:00,26.158789,54540.0,A Route
17625,1,2025-10-01 16:53:26.686344+00:00,2025-10-01 16:54:19.571499+00:00,52.885155,54540.0,A Route
17625,2,2025-10-01 16:55:12.461306+00:00,2025-10-01 16:55:57.033545+00:00,44.572239,54540.0,A Route
17625,3,2025-10-01 16:58:16.979308+00:00,2025-10-01 16:59:36.620539+00:00,79.641231,54540.0,A Route
17625,5,2025-10-01 17:04:00.180582+00:00,2025-10-01 17:04:35.264169+00:00,35.083587,54540.0,A Route
17625,6,2025-10-01 17:06:38.705260+00:00,2025-10-01 17:07:14.447822+00:00,35.742562,54540.0,A Route
17625,9,2025-10-01 17:08:15.600626+00:00,2025-10-01 17:08:59.802852+00:00,44.202226,54540.0,A Route
17625,10,2025-10-01 17:10:54.145302+00:00,2025-10-01 17:12:40.992302+00:00,106.847,54540.0,A Route
17625,11,2025-10-01 17:13:51.547799+00:00,2025-10-01 17:14:44.210956+00:00,52.663157,54540.0,A Route
17625,1,2025-10-01 17:19:07.757973+00:00,2025-10-01 17:20:18.062834+00:00,70.304861,54540.0,A Route
17625,2,2025-10-01 17:22:30.443620+00:00,2025-10-01 17:22:48.231016+00:00,17.787396,54540.0,A Route
17625,3,2025-10-01 17:29:31.687603+00:00,2025-10-01 17:31:34.939208+00:00,123.251605,54540.0,A Route
17625,5,2025-10-01 17:36:48.450906+00:00,2025-10-01 17:37:32.463566+00:00,44.01266,54540.0,A Route
17625,6,2025-10-01 17:40:02.324191+00:00,2025-10-01 17:41:21.295596+00:00,78.971405,54540.0,A Route
17625,9,2025-10-01 17:42:57.171919+00:00,2025-10-01 17:43:58.018481+00:00,60.846562,54540.0,A Route
17625,10,2025-10-01 17:47:03.464278+00:00,2025-10-01 17:48:48.348323+00:00,104.884045,54540.0,A Route
17625,11,2025-10-01 17:50:51.534263+00:00,2025-10-01 17:51:17.697726+00:00,26.163463,54540.0,A Route
17625,1,2025-10-01 17:55:21.508398+00:00,2025-10-01 17:56:58.167164+00:00,96.658766,54540.0,A Route
17625,2,2025-10-01 18:00:28.610680+00:00,2025-10-01 18:01:04.606729+00:00,35.996049,54540.0,A Route
17625,3,2025-10-01 18:04:57.762022+00:00,2025-10-01 18:05:33.257765+00:00,35.495743,54540.0,A Route
17625,5,2025-10-01 18:09:51.161201+00:00,2025-10-01 18:10:17.717496+00:00,26.556295,54540.0,A Route
17625,6,2025-10-01 18:12:13.748116+00:00,2025-10-01 18:13:06.741214+00:00,52.993098,54540.0,A Route
17625,9,2025-10-01 18:13:50.813063+00:00,2025-10-01 18:14:34.799920+00:00,43.986857,54540.0,A Route
17625,10,2025-10-01 18:16:12.330541+00:00,2025-10-01 18:16:56.341679+00:00,44.011138,54540.0,A Route
17625,11,2025-10-01 18:17:58.376503+00:00,2025-10-01 18:18:16.168592+00:00,17.792089,54540.0,A Route
17625,1,2025-10-01 18:24:42.700143+00:00,2025-10-01 18:25:35.464261+00:00,52.764118,54540.0,A Route
17625,2,2025-10-01 18:27:03.728515+00:00,2025-10-01 18:27:47.241078+00:00,43.512563,54540.0,A Route
17625,3,2025-10-01 18:31:27.018801+00:00,2025-10-01 18:31:44.772913+00:00,17.754112,54540.0,A Route
17625,5,2025-10-01 18:36:08.775644+00:00,2025-10-01 18:36:26.467106+00:00,17.691462,54540.0,A Route
17625,6,2025-10-01 18:38:30.464805+00:00,2025-10-01 18:38:56.711301+00:00,26.246496,54540.0,A Route
17625,9,2025-10-01 18:39:31.897440+00:00,2025-10-01 18:40:17.153833+00:00,45.256393,54540.0,A Route
17625,10,2025-10-01 18:42:55.618692+00:00,2025-10-01 18:57:00.782225+00:00,845.163533,54540.0,A Route
17625,11,2025-10-01 18:58:55.426087+00:00,2025-10-01 18:59:30.172030+00:00,34.745943,54540.0,A Route
17625,1,2025-10-01 19:04:14.215842+00:00,2025-10-01 19:07:28.971724+00:00,194.755882,54540.0,A Route
17625,2,2025-10-01 19:09:14.688589+00:00,2025-10-01 19:09:32.410879+00:00,17.72229,54540.0,A Route
17625,5,2025-10-01 19:18:23.308774+00:00,2025-10-01 19:18:41.317649+00:00,18.008875,54540.0,A Route
17625,6,2025-10-01 19:21:18.798898+00:00,2025-10-01 19:22:28.332047+00:00,69.533149,54540.0,A Route
17625,9,2025-10-01 19:24:30.877323+00:00,2025-10-01 19:25:50.140055+00:00,79.262732,54540.0,A Route
17625,10,2025-10-01 19:28:27.485801+00:00,2025-10-01 19:31:31.114635+00:00,183.628834,54540.0,A Route
17625,11,2025-10-01 19:33:16.354261+00:00,2025-10-01 19:34:17.635948+00:00,61.281687,54540.0,A Route
17625,1,2025-10-01 19:45:53.422617+00:00,2025-10-01 19:48:12.889098+00:00,139.466481,54540.0,A Route
17625,2,2025-10-01 19:50:24.341974+00:00,2025-10-01 19:52:00.230704+00:00,95.88873,54540.0,A Route
17625,3,2025-10-01 20:00:04.340440+00:00,2025-10-01 20:02:02.213651+00:00,117.873211,54540.0,A Route
17625,5,2025-10-01 20:06:58.201731+00:00,2025-10-01 20:07:16.099044+00:00,17.897313,54540.0,A Route
17625,6,2025-10-01 20:09:20.079207+00:00,2025-10-01 20:10:22.717697+00:00,62.63849,54540.0,A Route
17625,9,2025-10-01 20:11:07.373221+00:00,2025-10-01 20:11:52.563544+00:00,45.190323,54540.0,A Route
17625,10,2025-10-01 20:14:24.397403+00:00,2025-10-01 20:16:29.068777+00:00,124.671374,54540.0,A Route
17625,11,2025-10-01 20:17:39.890688+00:00,2025-10-01 20:18:15.317215+00:00,35.426527,54540.0,A Route
17625,1,2025-10-01 20:22:26.584607+00:00,2025-10-01 20:24:14.081366+00:00,107.496759,54540.0,A Route
17625,2,2025-10-01 20:26:35.342290+00:00,2025-10-01 20:26:52.963281+00:00,17.620991,54540.0,A Route
17625,3,2025-10-01 20:31:51.184549+00:00,2025-10-01 20:32:26.297840+00:00,35.113291,54540.0,A Route
17625,5,2025-10-01 20:37:23.676801+00:00,2025-10-01 20:37:49.955846+00:00,26.279045,54540.0,A Route
17625,6,2025-10-01 20:40:09.770943+00:00,2025-10-01 20:40:44.592620+00:00,34.821677,54540.0,A Route
17625,9,2025-10-01 20:41:36.640004+00:00,2025-10-01 20:42:30.313123+00:00,53.673119,54540.0,A Route
17625,10,2025-10-01 20:44:24.355115+00:00,2025-10-01 20:53:27.551735+00:00,543.19662,54540.0,A Route
17625,11,2025-10-01 20:54:55.256929+00:00,2025-10-01 20:55:21.540596+00:00,26.283667,54540.0,A Route
17625,1,2025-10-01 21:04:13.286691+00:00,2025-10-01 21:05:41.088712+00:00,87.802021,54540.0,A Route
17625,2,2025-10-01 21:07:10.547360+00:00,2025-10-01 21:08:21.373857+00:00,70.826497,54540.0,A Route
17625,3,2025-10-01 21:22:19.587822+00:00,2025-10-01 21:23:38.477608+00:00,78.889786,54540.0,A Route
17625,5,2025-10-01 21:30:37.591367+00:00,2025-10-01 21:30:55.250275+00:00,17.658908,54540.0,A Route
17625,6,2025-10-01 21:34:16.410193+00:00,2025-10-01 21:35:17.521749+00:00,61.111556,54540.0,A Route
17625,9,2025-10-01 21:36:27.314241+00:00,2025-10-01 21:37:02.250986+00:00,34.936745,54540.0,A Route
17625,10,2025-10-01 21:39:21.040821+00:00,2025-10-01 21:44:25.980799+00:00,304.939978,54540.0,A Route
17625,11,2025-10-01 21:46:10.172803+00:00,2025-10-01 21:46:53.961450+00:00,43.788647,54540.0,A Route
17625,1,2025-10-01 22:00:17.412849+00:00,2025-10-01 22:01:36.670733+00:00,79.257884,54540.0,A Route
17625,2,2025-10-01 22:03:47.796631+00:00,2025-10-01 22:04:31.768202+00:00,43.971571,54540.0,A Route
17625,3,2025-10-01 22:09:40.041263+00:00,2025-10-01 22:10:34.006736+00:00,53.965473,54540.0,A Route
17625,5,2025-10-01 22:15:24.689126+00:00,2025-10-01 22:15:51.331214+00:00,26.642088,54540.0,A Route
17625,6,2025-10-01 22:18:03.202158+00:00,2025-10-01 22:18:29.737727+00:00,26.535569,54540.0,A Route
17625,9,2025-10-01 22:19:57.454475+00:00,2025-10-01 22:20:24.152600+00:00,26.698125,54540.0,A Route
17625,10,2025-10-01 22:22:36.193700+00:00,2025-10-01 22:31:15.713916+00:00,519.520216,54540.0,A Route
17625,11,2025-10-01 22:32:34.407960+00:00,2025-10-01 22:33:18.539472+00:00,44.131512,54540.0,A Route
17625,1,2025-10-01 22:37:58.821101+00:00,2025-10-01 22:39:09.216231+00:00,70.39513,54540.0,A Route
17625,2,2025-10-01 22:43:41.594354+00:00,2025-10-01 22:44:25.221157+00:00,43.626803,54540.0,A Route
17625,3,2025-10-01 22:50:08.068555+00:00,2025-10-01 22:51:09.949764+00:00,61.881209,54540.0,A Route
17625,5,2025-10-01 22:56:16.875864+00:00,2025-10-01 22:56:43.488994+00:00,26.61313,54540.0,A Route
17625,6,2025-10-01 22:58:55.997041+00:00,2025-10-01 23:00:49.904143+00:00,113.907102,54540.0,A Route
17625,9,2025-10-01 23:03:19.646849+00:00,2025-10-01 23:04:12.417252+00:00,52.770403,54540.0,A Route
17625,10,2025-10-01 23:07:09.434475+00:00,2025-10-01 23:10:22.900942+00:00,193.466467,54540.0,A Route
17625,11,2025-10-01 23:12:25.954327+00:00,2025-10-01 23:13:09.868404+00:00,43.914077,54540.0,A Route
17625,1,2025-10-01 23:20:10.034991+00:00,2025-10-01 23:21:38.801049+00:00,88.766058,54540.0,A Route
17625,2,2025-10-01 23:24:42.438082+00:00,2025-10-01 23:25:00.350540+00:00,17.912458,54540.0,A Route
17625,3,2025-10-01 23:28:31.861608+00:00,2025-10-01 23:29:59.576348+00:00,87.71474,54540.0,A Route
17625,5,2025-10-01 23:35:17.205456+00:00,2025-10-01 23:35:34.937968+00:00,17.732512,54540.0,A Route
17625,6,2025-10-01 23:38:05.118179+00:00,2025-10-01 23:38:48.879639+00:00,43.76146,54540.0,A Route
17625,9,2025-10-01 23:39:50.344186+00:00,2025-10-01 23:40:51.345533+00:00,61.001347,54540.0,A Route
17625,10,2025-10-01 23:43:22.074234+00:00,2025-10-01 23:45:43.741861+00:00,141.667627,54540.0,A Route
17625,11,2025-10-01 23:47:38.608408+00:00,2025-10-01 23:48:13.391827+00:00,34.783419,54540.0,A Route
17625,1,2025-10-01 23:52:37.132132+00:00,2025-10-01 23:54:13.655651+00:00,96.523519,54540.0,A Route
17625,2,2025-10-01 23:56:58.921900+00:00,2025-10-01 23:57:25.255584+00:00,26.333684,54540.0,A Route
17625,3,2025-10-02 00:01:13.228203+00:00,2025-10-02 00:02:23.138230+00:00,69.910027,54540.0,A Route
17625,5,2025-10-02 00:07:27.369681+00:00,2025-10-02 00:08:02.719545+00:00,35.349864,54540.0,A Route
17625,6,2025-10-02 00:10:08.879813+00:00,2025-10-02 00:10:35.213065+00:00,26.333252,54540.0,A Route
17626,17,2025-10-01 11:11:06.512798+00:00,2025-10-01 11:12:06.791437+00:00,60.278639,54544.0,F Route
17626,18,2025-10-01 11:12:41.398337+00:00,2025-10-01 11:12:50.162587+00:00,8.76425,54544.0,F Route
17626,17,2025-10-01 11:19:44.600943+00:00,2025-10-01 11:20:36.307804+00:00,51.706861,54544.0,F Route
17626,18,2025-10-01 11:21:19.400549+00:00,2025-10-01 11:21:45.662898+00:00,26.262349,54544.0,F Route
17626,16,2025-10-01 11:24:55.929822+00:00,2025-10-01 11:25:04.773944+00:00,8.844122,54544.0,F Route
17626,3,2025-10-01 11:29:24.746023+00:00,2025-10-01 11:30:08.387898+00:00,43.641875,54544.0,F Route
17626,17,2025-10-01 11:44:44.019223+00:00,2025-10-01 11:45:10.321090+00:00,26.301867,54544.0,F Route
17626,18,2025-10-01 11:46:02.567503+00:00,2025-10-01 11:46:28.666837+00:00,26.099334,54544.0,F Route
17626,16,2025-10-01 11:50:05.052554+00:00,2025-10-01 11:50:13.795303+00:00,8.742749,54544.0,F Route
17626,3,2025-10-01 11:56:44.549914+00:00,2025-10-01 11:57:27.865323+00:00,43.315409,54544.0,F Route
17626,2,2025-10-01 12:00:55.426391+00:00,2025-10-01 12:01:30.186350+00:00,34.759959,54544.0,F Route
17626,17,2025-10-01 12:09:53.622595+00:00,2025-10-01 12:14:29.993397+00:00,276.370802,54544.0,F Route
17626,18,2025-10-01 12:15:21.460369+00:00,2025-10-01 12:15:55.992706+00:00,34.532337,54544.0,F Route
17626,16,2025-10-01 12:19:05.924990+00:00,2025-10-01 12:19:14.725518+00:00,8.800528,54544.0,F Route
17626,3,2025-10-01 12:27:11.075470+00:00,2025-10-01 12:28:11.846751+00:00,60.771281,54544.0,F Route
17626,2,2025-10-01 12:31:48.422661+00:00,2025-10-01 12:32:32.121800+00:00,43.699139,54544.0,F Route
17626,17,2025-10-01 12:40:19.304474+00:00,2025-10-01 12:41:29.169755+00:00,69.865281,54544.0,F Route
17626,18,2025-10-01 12:42:12.858872+00:00,2025-10-01 12:42:38.974343+00:00,26.115471,54544.0,F Route
17626,16,2025-10-01 12:47:08.589590+00:00,2025-10-01 12:47:17.378564+00:00,8.788974,54544.0,F Route
17626,3,2025-10-01 12:52:20.120360+00:00,2025-10-01 12:52:55.202605+00:00,35.082245,54544.0,F Route
17626,2,2025-10-01 12:56:57.661386+00:00,2025-10-01 12:57:40.939866+00:00,43.27848,54544.0,F Route
17626,17,2025-10-01 13:05:02.969128+00:00,2025-10-01 13:14:27.455437+00:00,564.486309,54544.0,F Route
17626,18,2025-10-01 13:15:10.787656+00:00,2025-10-01 13:15:28.550305+00:00,17.762649,54544.0,F Route
17626,16,2025-10-01 13:18:04.521991+00:00,2025-10-01 13:18:13.391830+00:00,8.869839,54544.0,F Route
17626,3,2025-10-01 13:24:54.118228+00:00,2025-10-01 13:25:37.731632+00:00,43.613404,54544.0,F Route
17626,2,2025-10-01 13:29:15.700966+00:00,2025-10-01 13:29:41.569695+00:00,25.868729,54544.0,F Route
17626,17,2025-10-01 13:38:17.187690+00:00,2025-10-01 13:38:52.266155+00:00,35.078465,54544.0,F Route
17626,18,2025-10-01 13:39:36.203881+00:00,2025-10-01 13:40:11.330729+00:00,35.126848,54544.0,F Route
17626,16,2025-10-01 13:42:12.325104+00:00,2025-10-01 13:42:21.228655+00:00,8.903551,54544.0,F Route
17626,3,2025-10-01 13:47:52.941389+00:00,2025-10-01 13:48:45.580369+00:00,52.63898,54544.0,F Route
17626,2,2025-10-01 13:53:23.973000+00:00,2025-10-01 13:53:41.288758+00:00,17.315758,54544.0,F Route
17626,17,2025-10-01 14:02:50.549838+00:00,2025-10-01 14:03:25.558182+00:00,35.008344,54544.0,F Route
17626,18,2025-10-01 14:04:17.681315+00:00,2025-10-01 14:04:44.003216+00:00,26.321901,54544.0,F Route
17626,16,2025-10-01 14:08:04.159350+00:00,2025-10-01 14:08:13.095486+00:00,8.936136,54544.0,F Route
17626,3,2025-10-01 14:13:09.659334+00:00,2025-10-01 14:14:19.486297+00:00,69.826963,54544.0,F Route
17626,2,2025-10-01 14:18:06.387701+00:00,2025-10-01 14:18:15.374789+00:00,8.987088,54544.0,F Route
17626,17,2025-10-01 14:26:05.771360+00:00,2025-10-01 14:28:16.586962+00:00,130.815602,54544.0,F Route
17626,18,2025-10-01 14:28:51.152020+00:00,2025-10-01 14:29:08.832645+00:00,17.680625,54544.0,F Route
17626,16,2025-10-01 14:32:12.013296+00:00,2025-10-01 14:32:20.901910+00:00,8.888614,54544.0,F Route
17626,3,2025-10-01 14:35:59.092148+00:00,2025-10-01 14:37:00.242671+00:00,61.150523,54544.0,F Route
17626,2,2025-10-01 14:40:12.610055+00:00,2025-10-01 14:41:04.901114+00:00,52.291059,54544.0,F Route
17626,17,2025-10-01 14:46:54.728927+00:00,2025-10-01 14:54:29.740135+00:00,455.011208,54544.0,F Route
17626,18,2025-10-01 14:55:30.974749+00:00,2025-10-01 14:55:57.351018+00:00,26.376269,54544.0,F Route
17626,16,2025-10-01 14:58:08.534577+00:00,2025-10-01 14:58:17.325960+00:00,8.791383,54544.0,F Route
17626,3,2025-10-01 15:03:57.888584+00:00,2025-10-01 15:04:41.853374+00:00,43.96479,54544.0,F Route
17626,2,2025-10-01 15:08:54.444723+00:00,2025-10-01 15:09:38.180678+00:00,43.735955,54544.0,F Route
17626,17,2025-10-01 15:15:18.518328+00:00,2025-10-01 15:17:30.910659+00:00,132.392331,54544.0,F Route
17626,18,2025-10-01 15:18:32.333537+00:00,2025-10-01 15:18:59.107730+00:00,26.774193,54544.0,F Route
17626,16,2025-10-01 15:22:21.161723+00:00,2025-10-01 15:22:29.844979+00:00,8.683256,54544.0,F Route
17626,2,2025-10-01 15:33:09.308379+00:00,2025-10-01 15:34:28.104699+00:00,78.79632,54544.0,F Route
17626,17,2025-10-01 15:41:11.066680+00:00,2025-10-01 15:42:03.057576+00:00,51.990896,54544.0,F Route
17626,18,2025-10-01 15:42:38.333630+00:00,2025-10-01 15:43:13.226130+00:00,34.8925,54544.0,F Route
17626,16,2025-10-01 15:46:33.770271+00:00,2025-10-01 15:46:42.565665+00:00,8.795394,54544.0,F Route
17626,3,2025-10-01 15:53:58.724161+00:00,2025-10-01 15:55:44.088900+00:00,105.364739,54544.0,F Route
17626,2,2025-10-01 16:00:49.982375+00:00,2025-10-01 16:01:33.930944+00:00,43.948569,54544.0,F Route
17626,17,2025-10-01 16:09:19.392613+00:00,2025-10-01 16:11:31.252786+00:00,131.860173,54544.0,F Route
17626,18,2025-10-01 16:12:23.377753+00:00,2025-10-01 16:12:58.925603+00:00,35.54785,54544.0,F Route
17626,16,2025-10-01 16:16:03.224236+00:00,2025-10-01 16:16:12.072301+00:00,8.848065,54544.0,F Route
17626,3,2025-10-01 16:22:46.926233+00:00,2025-10-01 16:23:39.079601+00:00,52.153368,54544.0,F Route
17626,2,2025-10-01 16:28:10.353910+00:00,2025-10-01 16:28:27.731800+00:00,17.37789,54544.0,F Route
17626,17,2025-10-01 16:35:55.065446+00:00,2025-10-01 16:51:59.158989+00:00,964.093543,54544.0,F Route
17626,18,2025-10-01 16:52:51.590150+00:00,2025-10-01 16:53:09.185656+00:00,17.595506,54544.0,F Route
17626,16,2025-10-01 16:55:30.693657+00:00,2025-10-01 16:55:39.571652+00:00,8.877995,54544.0,F Route
17626,3,2025-10-01 16:59:27.488991+00:00,2025-10-01 17:01:12.961170+00:00,105.472179,54544.0,F Route
17626,2,2025-10-01 17:06:02.984714+00:00,2025-10-01 17:06:12.204769+00:00,9.220055,54544.0,F Route
17626,17,2025-10-01 17:12:49.756739+00:00,2025-10-01 17:14:00.337539+00:00,70.5808,54544.0,F Route
17626,18,2025-10-01 17:14:35.299712+00:00,2025-10-01 17:15:10.450276+00:00,35.150564,54544.0,F Route
17626,16,2025-10-01 17:17:57.828609+00:00,2025-10-01 17:18:06.669419+00:00,8.84081,54544.0,F Route
17626,3,2025-10-01 17:24:59.506014+00:00,2025-10-01 17:26:09.798172+00:00,70.292158,54544.0,F Route
17626,2,2025-10-01 17:33:02.205078+00:00,2025-10-01 17:33:54.544263+00:00,52.339185,54544.0,F Route
17626,17,2025-10-01 17:43:49.161648+00:00,2025-10-01 17:44:50.340545+00:00,61.178897,54544.0,F Route
17626,18,2025-10-01 17:45:43.328655+00:00,2025-10-01 17:46:28.009864+00:00,44.681209,54544.0,F Route
17626,16,2025-10-01 17:49:32.180304+00:00,2025-10-01 17:49:41.010966+00:00,8.830662,54544.0,F Route
17626,3,2025-10-01 17:56:58.168573+00:00,2025-10-01 17:58:25.614248+00:00,87.445675,54544.0,F Route
17626,2,2025-10-01 18:05:33.259348+00:00,2025-10-01 18:05:42.371416+00:00,9.112068,54544.0,F Route
17626,17,2025-10-01 18:14:08.274739+00:00,2025-10-01 18:21:30.307367+00:00,442.032628,54544.0,F Route
17626,18,2025-10-01 18:22:31.906241+00:00,2025-10-01 18:23:06.950317+00:00,35.044076,54544.0,F Route
17626,16,2025-10-01 18:26:46.239522+00:00,2025-10-01 18:26:55.110092+00:00,8.87057,54544.0,F Route
17626,3,2025-10-01 18:32:11.396259+00:00,2025-10-01 18:33:03.886630+00:00,52.490371,54544.0,F Route
17626,2,2025-10-01 18:37:45.898377+00:00,2025-10-01 18:39:32.039714+00:00,106.141337,54544.0,F Route
17626,17,2025-10-01 18:49:05.306256+00:00,2025-10-01 18:51:17.838929+00:00,132.532673,54544.0,F Route
17626,18,2025-10-01 18:53:21.056367+00:00,2025-10-01 18:54:13.733258+00:00,52.676891,54544.0,F Route
17626,16,2025-10-01 18:56:43.119649+00:00,2025-10-01 18:56:51.972991+00:00,8.853342,54544.0,F Route
17626,3,2025-10-01 19:00:59.016771+00:00,2025-10-01 19:02:01.209123+00:00,62.192352,54544.0,F Route
17626,2,2025-10-01 19:06:09.080484+00:00,2025-10-01 19:10:44.089356+00:00,275.008872,54544.0,F Route
17626,17,2025-10-01 19:23:03.660289+00:00,2025-10-01 19:26:25.140140+00:00,201.479851,54544.0,F Route
17626,18,2025-10-01 19:27:26.305062+00:00,2025-10-01 19:27:35.021586+00:00,8.716524,54544.0,F Route
17626,16,2025-10-01 19:33:51.401752+00:00,2025-10-01 19:34:00.424135+00:00,9.022383,54544.0,F Route
17626,3,2025-10-01 19:44:33.961169+00:00,2025-10-01 19:46:10.938475+00:00,96.977306,54544.0,F Route
17626,2,2025-10-01 19:53:10.442960+00:00,2025-10-01 19:55:30.931823+00:00,140.488863,54544.0,F Route
17626,17,2025-10-01 20:15:08.594399+00:00,2025-10-01 20:16:10.750479+00:00,62.15608,54544.0,F Route
17626,18,2025-10-01 20:17:22.416962+00:00,2025-10-01 20:18:06.575098+00:00,44.158136,54544.0,F Route
17626,16,2025-10-01 20:21:50.540930+00:00,2025-10-01 20:21:59.347631+00:00,8.806701,54544.0,F Route
17626,3,2025-10-01 20:28:29.305320+00:00,2025-10-01 20:29:39.972531+00:00,70.667211,54544.0,F Route
17626,2,2025-10-01 20:44:59.659237+00:00,2025-10-01 20:45:52.530561+00:00,52.871324,54544.0,F Route
17626,17,2025-10-01 21:00:43.972906+00:00,2025-10-01 21:01:44.913173+00:00,60.940267,54544.0,F Route
17626,18,2025-10-01 21:02:28.487054+00:00,2025-10-01 21:02:37.271016+00:00,8.783962,54544.0,F Route
17626,16,2025-10-01 21:06:08.626315+00:00,2025-10-01 21:06:17.377960+00:00,8.751645,54544.0,F Route
17626,3,2025-10-01 21:14:01.340181+00:00,2025-10-01 21:16:12.154946+00:00,130.814765,54544.0,F Route
17626,2,2025-10-01 21:25:40.407279+00:00,2025-10-01 21:25:49.385904+00:00,8.978625,54544.0,F Route
17626,17,2025-10-01 21:49:47.987889+00:00,2025-10-01 21:51:06.196846+00:00,78.208957,54544.0,F Route
17626,18,2025-10-01 21:51:49.324285+00:00,2025-10-01 21:53:08.046824+00:00,78.722539,54544.0,F Route
17626,16,2025-10-01 21:55:54.834231+00:00,2025-10-01 21:56:03.689873+00:00,8.855642,54544.0,F Route
17626,3,2025-10-01 22:01:01.528810+00:00,2025-10-01 22:03:03.884239+00:00,122.355429,54544.0,F Route
17626,2,2025-10-01 22:10:34.009254+00:00,2025-10-01 22:11:18.500472+00:00,44.491218,54544.0,F Route
17626,17,2025-10-01 22:27:35.243256+00:00,2025-10-01 22:28:10.272243+00:00,35.028987,54544.0,F Route
17626,18,2025-10-01 22:28:54.142958+00:00,2025-10-01 22:30:04.270455+00:00,70.127497,54544.0,F Route
17626,16,2025-10-01 22:33:00.772182+00:00,2025-10-01 22:33:09.668561+00:00,8.896379,54544.0,F Route
17626,3,2025-10-01 22:40:45.475509+00:00,2025-10-01 22:41:20.732031+00:00,35.256522,54544.0,F Route
17626,2,2025-10-01 22:52:37.487057+00:00,2025-10-01 22:53:12.649295+00:00,35.162238,54544.0,F Route
17626,17,2025-10-01 23:02:53.080555+00:00,2025-10-01 23:05:05.450876+00:00,132.370321,54544.0,F Route
17626,18,2025-10-01 23:06:07.117523+00:00,2025-10-01 23:06:25.365106+00:00,18.247583,54544.0,F Route
17626,16,2025-10-01 23:10:22.903651+00:00,2025-10-01 23:10:31.891076+00:00,8.987425,54544.0,F Route
17626,3,2025-10-01 23:18:33.838630+00:00,2025-10-01 23:19:34.693419+00:00,60.854789,54544.0,F Route
17626,2,2025-10-01 23:25:53.100907+00:00,2025-10-01 23:26:02.014212+00:00,8.913305,54544.0,F Route
17626,17,2025-10-01 23:38:13.865838+00:00,2025-10-01 23:39:58.988507+00:00,105.122669,54544.0,F Route
17626,18,2025-10-01 23:40:51.347654+00:00,2025-10-01 23:41:35.847266+00:00,44.499612,54544.0,F Route
17626,16,2025-10-01 23:44:05.713517+00:00,2025-10-01 23:44:14.781965+00:00,9.068448,54544.0,F Route
17626,3,2025-10-01 23:49:49.713526+00:00,2025-10-01 23:51:36.026542+00:00,106.313016,54544.0,F Route
17626,2,2025-10-01 23:57:51.246883+00:00,2025-10-01 23:58:17.444260+00:00,26.197377,54544.0,F Route
17626,17,2025-10-02 00:04:54.175359+00:00,2025-10-02 00:06:42.269590+00:00,108.094231,54544.0,F Route
17626,18,2025-10-02 00:07:27.450573+00:00,2025-10-02 00:07:36.240611+00:00,8.790038,54544.0,F Route
17626,16,2025-10-02 00:12:30.175231+00:00,2025-10-02 00:12:39.085753+00:00,8.910522,54544.0,F Route
13212,1,2025-10-01 13:31:08.428205+00:00,2025-10-01 13:32:44.342581+00:00,95.914376,59451.0,B/L Loop
13212,2,2025-10-01 13:33:54.546930+00:00,2025-10-01 13:34:03.509220+00:00,8.96229,59451.0,B/L Loop
13212,3,2025-10-01 13:36:41.673502+00:00,2025-10-01 13:37:33.683856+00:00,52.010354,59451.0,B/L Loop
13212,12,2025-10-01 13:42:29.952239+00:00,2025-10-01 13:43:21.994691+00:00,52.042452,59451.0,B/L Loop
13212,13,2025-10-01 13:44:15.496437+00:00,2025-10-01 13:44:59.138198+00:00,43.641761,59451.0,B/L Loop
13212,14,2025-10-01 13:46:34.526136+00:00,2025-10-01 13:47:26.820282+00:00,52.294146,59451.0,B/L Loop
13212,1,2025-10-01 13:56:17.661841+00:00,2025-10-01 13:57:27.739875+00:00,70.078034,59451.0,B/L Loop
13212,2,2025-10-01 13:59:20.367110+00:00,2025-10-01 14:00:03.754958+00:00,43.387848,59451.0,B/L Loop
13212,3,2025-10-01 14:03:16.752333+00:00,2025-10-01 14:04:44.071365+00:00,87.319032,59451.0,B/L Loop
13212,12,2025-10-01 14:09:49.469965+00:00,2025-10-01 14:10:58.944702+00:00,69.474737,59451.0,B/L Loop
13212,13,2025-10-01 14:11:51.433826+00:00,2025-10-01 14:13:09.816918+00:00,78.383092,59451.0,B/L Loop
13212,14,2025-10-01 14:14:45.827529+00:00,2025-10-01 14:15:11.946320+00:00,26.118791,59451.0,B/L Loop
13212,1,2025-10-01 14:22:45.315173+00:00,2025-10-01 14:24:03.423550+00:00,78.108377,59451.0,B/L Loop
13212,2,2025-10-01 14:25:12.908114+00:00,2025-10-01 14:25:48.257644+00:00,35.34953,59451.0,B/L Loop
13212,3,2025-10-01 14:27:41.840426+00:00,2025-10-01 14:28:42.427542+00:00,60.587116,59451.0,B/L Loop
13212,12,2025-10-01 14:33:30.544848+00:00,2025-10-01 14:34:14.328622+00:00,43.783774,59451.0,B/L Loop
13212,13,2025-10-01 14:35:32.929940+00:00,2025-10-01 14:36:25.331292+00:00,52.401352,59451.0,B/L Loop
13212,14,2025-10-01 14:37:53.184907+00:00,2025-10-01 14:39:11.784999+00:00,78.600092,59451.0,B/L Loop
13212,1,2025-10-01 14:46:28.633971+00:00,2025-10-01 14:59:09.629501+00:00,760.99553,59451.0,B/L Loop
13212,2,2025-10-01 15:00:28.329214+00:00,2025-10-01 15:01:02.921491+00:00,34.592277,59451.0,B/L Loop
13212,3,2025-10-01 15:04:50.511619+00:00,2025-10-01 15:05:34.251483+00:00,43.739864,59451.0,B/L Loop
13212,12,2025-10-01 15:10:56.638251+00:00,2025-10-01 15:11:05.388623+00:00,8.750372,59451.0,B/L Loop
13212,13,2025-10-01 15:12:06.450713+00:00,2025-10-01 15:12:50.156660+00:00,43.705947,59451.0,B/L Loop
13212,14,2025-10-01 15:14:25.967336+00:00,2025-10-01 15:15:27.371221+00:00,61.403885,59451.0,B/L Loop
13212,1,2025-10-01 15:23:22.230326+00:00,2025-10-01 15:24:23.309578+00:00,61.079252,59451.0,B/L Loop
13212,2,2025-10-01 15:25:33.187418+00:00,2025-10-01 15:27:36.174275+00:00,122.986857,59451.0,B/L Loop
13212,3,2025-10-01 15:29:29.794708+00:00,2025-10-01 15:30:13.768412+00:00,43.973704,59451.0,B/L Loop
13212,12,2025-10-01 15:35:11.604886+00:00,2025-10-01 15:36:22.044148+00:00,70.439262,59451.0,B/L Loop
13212,13,2025-10-01 15:37:32.194024+00:00,2025-10-01 15:38:50.909375+00:00,78.715351,59451.0,B/L Loop
13212,14,2025-10-01 15:40:27.123739+00:00,2025-10-01 15:41:45.852079+00:00,78.72834,59451.0,B/L Loop
13212,1,2025-10-01 15:49:54.260560+00:00,2025-10-01 15:51:13.245672+00:00,78.985112,59451.0,B/L Loop
13212,2,2025-10-01 15:54:51.450755+00:00,2025-10-01 15:55:53.013613+00:00,61.562858,59451.0,B/L Loop
13212,3,2025-10-01 15:59:22.976742+00:00,2025-10-01 16:00:15.057555+00:00,52.080813,59451.0,B/L Loop
13212,12,2025-10-01 16:04:55.253232+00:00,2025-10-01 16:06:32.050941+00:00,96.797709,59451.0,B/L Loop
13212,13,2025-10-01 16:07:24.738567+00:00,2025-10-01 16:08:26.830699+00:00,62.092132,59451.0,B/L Loop
13212,14,2025-10-01 16:10:03.460250+00:00,2025-10-01 16:10:30.058616+00:00,26.598366,59451.0,B/L Loop
13212,1,2025-10-01 16:18:23.272707+00:00,2025-10-01 16:32:06.342103+00:00,823.069396,59451.0,B/L Loop
13212,2,2025-10-01 16:33:43.079370+00:00,2025-10-01 16:34:26.865037+00:00,43.785667,59451.0,B/L Loop
13212,3,2025-10-01 16:37:23.376965+00:00,2025-10-01 16:38:07.195541+00:00,43.818576,59451.0,B/L Loop
13212,12,2025-10-01 16:43:04.448796+00:00,2025-10-01 16:44:15.066181+00:00,70.617385,59451.0,B/L Loop
13212,13,2025-10-01 16:44:59.256657+00:00,2025-10-01 16:46:27.277197+00:00,88.02054,59451.0,B/L Loop
13212,14,2025-10-01 16:48:03.279735+00:00,2025-10-01 16:48:29.355036+00:00,26.075301,59451.0,B/L Loop
13212,1,2025-10-01 16:57:06.928182+00:00,2025-10-01 16:58:34.982518+00:00,88.054336,59451.0,B/L Loop
13212,2,2025-10-01 17:00:11.770735+00:00,2025-10-01 17:00:47.029454+00:00,35.258719,59451.0,B/L Loop
13212,3,2025-10-01 17:04:00.249630+00:00,2025-10-01 17:05:01.555864+00:00,61.306234,59451.0,B/L Loop
13212,12,2025-10-01 17:09:52.287810+00:00,2025-10-01 17:11:38.154381+00:00,105.866571,59451.0,B/L Loop
13212,13,2025-10-01 17:12:40.993607+00:00,2025-10-01 17:13:42.499733+00:00,61.506126,59451.0,B/L Loop
13212,14,2025-10-01 17:15:36.715213+00:00,2025-10-01 17:16:11.970468+00:00,35.255255,59451.0,B/L Loop
13212,1,2025-10-01 17:25:17.190903+00:00,2025-10-01 17:26:53.678321+00:00,96.487418,59451.0,B/L Loop
13212,2,2025-10-01 17:29:40.543907+00:00,2025-10-01 17:30:24.600854+00:00,44.056947,59451.0,B/L Loop
13212,3,2025-10-01 17:37:05.982688+00:00,2025-10-01 17:37:58.810562+00:00,52.827874,59451.0,B/L Loop
13212,12,2025-10-01 17:44:50.342985+00:00,2025-10-01 17:46:54.568375+00:00,124.22539,59451.0,B/L Loop
13212,13,2025-10-01 17:47:46.992947+00:00,2025-10-01 17:50:07.637998+00:00,140.645051,59451.0,B/L Loop
13212,14,2025-10-01 17:52:09.317271+00:00,2025-10-01 17:52:43.891180+00:00,34.573909,59451.0,B/L Loop
13212,1,2025-10-01 18:00:46.928903+00:00,2025-10-01 18:02:24.435719+00:00,97.506816,59451.0,B/L Loop
13212,2,2025-10-01 18:04:48.866805+00:00,2025-10-01 18:05:51.486761+00:00,62.619956,59451.0,B/L Loop
13212,3,2025-10-01 18:09:15.441796+00:00,2025-10-01 18:09:51.301496+00:00,35.8597,59451.0,B/L Loop
13212,12,2025-10-01 18:14:17.053121+00:00,2025-10-01 18:15:19.197334+00:00,62.144213,59451.0,B/L Loop
13212,13,2025-10-01 18:20:01.562834+00:00,2025-10-01 18:20:45.557697+00:00,43.994863,59451.0,B/L Loop
13212,14,2025-10-01 18:22:23.063501+00:00,2025-10-01 18:22:49.418504+00:00,26.355003,59451.0,B/L Loop
13212,1,2025-10-01 18:31:35.741564+00:00,2025-10-01 18:44:23.598852+00:00,767.857288,59451.0,B/L Loop
13212,2,2025-10-01 18:46:00.600856+00:00,2025-10-01 18:46:35.438809+00:00,34.837953,59451.0,B/L Loop
13212,3,2025-10-01 18:49:14.143893+00:00,2025-10-01 18:49:58.318015+00:00,44.174122,59451.0,B/L Loop
13212,12,2025-10-01 18:55:06.063928+00:00,2025-10-01 18:56:17.053048+00:00,70.98912,59451.0,B/L Loop
13212,13,2025-10-01 18:57:53.603461+00:00,2025-10-01 18:58:20.067979+00:00,26.464518,59451.0,B/L Loop
13212,14,2025-10-01 19:00:05.748221+00:00,2025-10-01 19:00:32.650589+00:00,26.902368,59451.0,B/L Loop
13212,1,2025-10-01 19:10:16.101681+00:00,2025-10-01 19:11:46.621335+00:00,90.519654,59451.0,B/L Loop
13212,2,2025-10-01 19:13:50.306249+00:00,2025-10-01 19:15:01.136915+00:00,70.830666,59451.0,B/L Loop
13212,3,2025-10-01 19:24:30.972229+00:00,2025-10-01 19:25:32.307795+00:00,61.335566,59451.0,B/L Loop
13212,12,2025-10-01 19:32:41.076036+00:00,2025-10-01 19:33:51.533133+00:00,70.457097,59451.0,B/L Loop
13212,13,2025-10-01 19:35:01.753709+00:00,2025-10-01 19:36:20.959534+00:00,79.205825,59451.0,B/L Loop
13212,14,2025-10-01 19:38:24.063843+00:00,2025-10-01 19:39:08.661897+00:00,44.598054,59451.0,B/L Loop
13212,1,2025-10-01 19:57:24.951715+00:00,2025-10-01 19:58:35.299956+00:00,70.348241,59451.0,B/L Loop
13212,2,2025-10-01 19:59:45.555882+00:00,2025-10-01 20:00:48.555377+00:00,62.999495,59451.0,B/L Loop
13212,3,2025-10-01 20:06:13.834676+00:00,2025-10-01 20:06:58.330447+00:00,44.495771,59451.0,B/L Loop
13212,12,2025-10-01 20:11:52.566095+00:00,2025-10-01 20:13:04.479910+00:00,71.913815,59451.0,B/L Loop
13212,13,2025-10-01 20:13:58.131258+00:00,2025-10-01 20:15:08.729800+00:00,70.598542,59451.0,B/L Loop
13212,14,2025-10-01 20:16:29.070650+00:00,2025-10-01 20:16:56.082348+00:00,27.011698,59451.0,B/L Loop
13212,1,2025-10-01 20:24:40.029468+00:00,2025-10-01 20:42:47.849044+00:00,1087.819576,59451.0,B/L Loop
13212,2,2025-10-01 20:44:24.419477+00:00,2025-10-01 20:45:17.467837+00:00,53.04836,59451.0,B/L Loop
13212,3,2025-10-01 20:48:03.628491+00:00,2025-10-01 20:48:47.511293+00:00,43.882802,59451.0,B/L Loop
13212,12,2025-10-01 20:54:02.400570+00:00,2025-10-01 20:55:39.089720+00:00,96.68915,59451.0,B/L Loop
13212,13,2025-10-01 20:56:39.716160+00:00,2025-10-01 20:58:15.146301+00:00,95.430141,59451.0,B/L Loop
13212,14,2025-10-01 20:59:59.876032+00:00,2025-10-01 21:01:01.583145+00:00,61.707113,59451.0,B/L Loop
13212,1,2025-10-01 21:16:55.303709+00:00,2025-10-01 21:18:31.143065+00:00,95.839356,59451.0,B/L Loop
13212,2,2025-10-01 21:20:59.459342+00:00,2025-10-01 21:21:44.218753+00:00,44.759411,59451.0,B/L Loop
13212,3,2025-10-01 21:39:21.119963+00:00,2025-10-01 21:40:31.466105+00:00,70.346142,59451.0,B/L Loop
13212,12,2025-10-01 21:46:36.320136+00:00,2025-10-01 21:48:46.914005+00:00,130.593869,59451.0,B/L Loop
13212,13,2025-10-01 21:49:48.061211+00:00,2025-10-01 21:51:31.992395+00:00,103.931184,59451.0,B/L Loop
13212,14,2025-10-01 21:53:25.794944+00:00,2025-10-01 21:54:09.658219+00:00,43.863275,59451.0,B/L Loop
13212,1,2025-10-01 22:07:01.821962+00:00,2025-10-01 22:27:52.785196+00:00,1250.963234,59451.0,B/L Loop
13212,2,2025-10-01 22:29:11.854637+00:00,2025-10-01 22:29:55.423111+00:00,43.568474,59451.0,B/L Loop
13212,3,2025-10-01 22:33:18.541502+00:00,2025-10-01 22:33:53.544920+00:00,35.003418,59451.0,B/L Loop
13212,12,2025-10-01 22:38:16.455895+00:00,2025-10-01 22:39:00.258519+00:00,43.802624,59451.0,B/L Loop
13212,13,2025-10-01 22:39:44.316951+00:00,2025-10-01 22:40:45.631216+00:00,61.314265,59451.0,B/L Loop
13212,14,2025-10-01 22:42:04.562916+00:00,2025-10-01 22:42:39.881280+00:00,35.318364,59451.0,B/L Loop
13212,1,2025-10-01 22:51:18.556693+00:00,2025-10-01 22:53:03.684299+00:00,105.127606,59451.0,B/L Loop
13212,2,2025-10-01 22:54:22.489925+00:00,2025-10-01 22:54:57.651040+00:00,35.161115,59451.0,B/L Loop
13212,3,2025-10-01 22:58:29.395222+00:00,2025-10-01 22:59:22.408599+00:00,53.013377,59451.0,B/L Loop
13212,12,2025-10-01 23:05:23.004398+00:00,2025-10-01 23:07:45.442172+00:00,142.437774,59451.0,B/L Loop
13212,13,2025-10-01 23:08:37.671347+00:00,2025-10-01 23:10:05.636845+00:00,87.965498,59451.0,B/L Loop
13212,14,2025-10-01 23:12:08.587967+00:00,2025-10-01 23:13:01.176143+00:00,52.588176,59451.0,B/L Loop
13212,1,2025-10-01 23:24:25.063580+00:00,2025-10-01 23:25:53.250358+00:00,88.186778,59451.0,B/L Loop
13212,2,2025-10-01 23:27:39.092404+00:00,2025-10-01 23:28:32.017891+00:00,52.925487,59451.0,B/L Loop
13212,3,2025-10-01 23:32:55.862889+00:00,2025-10-01 23:33:57.935708+00:00,62.072819,59451.0,B/L Loop
13212,12,2025-10-01 23:39:32.879748+00:00,2025-10-01 23:40:25.252494+00:00,52.372746,59451.0,B/L Loop
13212,13,2025-10-01 23:41:09.208992+00:00,2025-10-01 23:42:46.554881+00:00,97.345889,59451.0,B/L Loop
13212,14,2025-10-01 23:44:42.243706+00:00,2025-10-01 23:45:08.735518+00:00,26.491812,59451.0,B/L Loop
13212,1,2025-10-01 23:53:21.121845+00:00,2025-10-02 00:01:30.761427+00:00,489.639582,59451.0,B/L Loop
13212,2,2025-10-02 00:03:06.974255+00:00,2025-10-02 00:03:51.035556+00:00,44.061301,59451.0,B/L Loop
13212,3,2025-10-02 00:06:24.648291+00:00,2025-10-02 00:07:09.848056+00:00,45.199765,59451.0,B/L Loop
13210,13,2025-10-01 10:15:14.092373+00:00,2025-10-01 10:17:47.021486+00:00,152.929113,54541.0,B Route
13210,14,2025-10-01 10:19:20.491364+00:00,2025-10-01 10:19:46.135365+00:00,25.644001,54541.0,B Route
13210,1,2025-10-01 10:26:41.268078+00:00,2025-10-01 10:28:48.398263+00:00,127.130185,54541.0,B Route
13210,2,2025-10-01 10:29:47.846950+00:00,2025-10-01 10:30:47.299916+00:00,59.452966,54541.0,B Route
13210,3,2025-10-01 10:32:54.447918+00:00,2025-10-01 10:33:20.066951+00:00,25.619033,54541.0,B Route
13210,12,2025-10-01 10:37:18.573073+00:00,2025-10-01 10:37:52.497001+00:00,33.923928,54541.0,B Route
13210,13,2025-10-01 10:38:51.647123+00:00,2025-10-01 10:43:40.117675+00:00,288.470552,54541.0,B Route
13210,14,2025-10-01 10:45:04.553723+00:00,2025-10-01 10:45:30.112456+00:00,25.558733,54541.0,B Route
13210,1,2025-10-01 10:51:26.682309+00:00,2025-10-01 10:55:16.040078+00:00,229.357769,54541.0,B Route
13210,2,2025-10-01 10:56:24.017493+00:00,2025-10-01 10:57:15.025533+00:00,51.00804,54541.0,B Route
13210,3,2025-10-01 10:59:31.134823+00:00,2025-10-01 11:00:13.971691+00:00,42.836868,54541.0,B Route
13210,12,2025-10-01 11:04:39.118344+00:00,2025-10-01 11:05:22.330024+00:00,43.21168,54541.0,B Route
13210,13,2025-10-01 11:06:05.473550+00:00,2025-10-01 11:16:34.657746+00:00,629.184196,54541.0,B Route
13210,14,2025-10-01 11:18:09.355394+00:00,2025-10-01 11:18:35.554711+00:00,26.199317,54541.0,B Route
13210,1,2025-10-01 11:25:22.067923+00:00,2025-10-01 11:32:00.915834+00:00,398.847911,54541.0,B Route
13210,2,2025-10-01 11:33:27.576880+00:00,2025-10-01 11:33:36.522524+00:00,8.945644,54541.0,B Route
13210,3,2025-10-01 11:37:21.039324+00:00,2025-10-01 11:38:04.688127+00:00,43.648803,54541.0,B Route
13210,12,2025-10-01 11:42:07.066563+00:00,2025-10-01 11:42:50.127352+00:00,43.060789,54541.0,B Route
13210,13,2025-10-01 11:43:35.198503+00:00,2025-10-01 11:49:39.132537+00:00,363.934034,54541.0,B Route
13210,14,2025-10-01 11:50:48.351746+00:00,2025-10-01 11:51:14.684894+00:00,26.333148,54541.0,B Route
13210,1,2025-10-01 11:58:54.140432+00:00,2025-10-01 12:00:38.158018+00:00,104.017586,54541.0,B Route
13210,2,2025-10-01 12:01:21.362427+00:00,2025-10-01 12:02:21.995876+00:00,60.633449,54541.0,B Route
13210,3,2025-10-01 12:05:24.948015+00:00,2025-10-01 12:06:17.261318+00:00,52.313303,54541.0,B Route
13210,12,2025-10-01 12:10:28.188891+00:00,2025-10-01 12:11:20.476269+00:00,52.287378,54541.0,B Route
13210,13,2025-10-01 12:12:20.852080+00:00,2025-10-01 12:21:32.557495+00:00,551.705415,54541.0,B Route
13210,14,2025-10-01 12:22:50.293853+00:00,2025-10-01 12:23:16.264313+00:00,25.97046,54541.0,B Route
13210,1,2025-10-01 12:29:29.738610+00:00,2025-10-01 12:30:30.279910+00:00,60.5413,54541.0,B Route
13210,2,2025-10-01 12:31:31.058962+00:00,2025-10-01 12:31:57.259932+00:00,26.20097,54541.0,B Route
13210,3,2025-10-01 12:35:33.466081+00:00,2025-10-01 12:36:16.945777+00:00,43.479696,54541.0,B Route
13210,12,2025-10-01 12:40:54.192144+00:00,2025-10-01 12:41:46.588353+00:00,52.396209,54541.0,B Route
13210,13,2025-10-01 12:42:30.271242+00:00,2025-10-01 12:45:23.784325+00:00,173.513083,54541.0,B Route
13210,14,2025-10-01 12:46:59.792070+00:00,2025-10-01 12:47:17.435505+00:00,17.643435,54541.0,B Route
13210,1,2025-10-01 12:53:56.009480+00:00,2025-10-01 12:56:49.140752+00:00,173.131272,54541.0,B Route
13210,2,2025-10-01 12:58:15.555484+00:00,2025-10-01 12:58:50.592540+00:00,35.037056,54541.0,B Route
13210,3,2025-10-01 13:02:43.960366+00:00,2025-10-01 13:03:27.083422+00:00,43.123056,54541.0,B Route
13210,12,2025-10-01 13:08:05.320460+00:00,2025-10-01 13:08:57.785601+00:00,52.465141,54541.0,B Route
13210,13,2025-10-01 13:09:32.740477+00:00,2025-10-01 13:15:54.572427+00:00,381.83195,54541.0,B Route
13210,14,2025-10-01 13:17:20.626360+00:00,2025-10-01 13:17:55.711340+00:00,35.08498,54541.0,B Route
13210,1,2025-10-01 13:24:19.239043+00:00,2025-10-01 13:26:38.357078+00:00,139.118035,54541.0,B Route
13210,2,2025-10-01 13:30:50.849870+00:00,2025-10-01 13:32:18.391197+00:00,87.541327,54541.0,B Route
13210,3,2025-10-01 13:34:12.269081+00:00,2025-10-01 13:34:47.728617+00:00,35.459536,54541.0,B Route
13210,12,2025-10-01 13:39:27.468111+00:00,2025-10-01 13:40:54.488535+00:00,87.020424,54541.0,B Route
13210,13,2025-10-01 13:41:55.061389+00:00,2025-10-01 13:43:39.861010+00:00,104.799621,54541.0,B Route
13210,14,2025-10-01 13:45:24.885107+00:00,2025-10-01 13:46:08.409788+00:00,43.524681,54541.0,B Route
13210,1,2025-10-01 13:53:24.069326+00:00,2025-10-01 13:54:33.184364+00:00,69.115038,54541.0,B Route
13210,2,2025-10-01 13:55:34.060901+00:00,2025-10-01 13:57:01.297676+00:00,87.236775,54541.0,B Route
13210,3,2025-10-01 14:02:06.648492+00:00,2025-10-01 14:03:16.861656+00:00,70.213164,54541.0,B Route
13210,12,2025-10-01 14:08:48.130064+00:00,2025-10-01 14:09:05.757091+00:00,17.627027,54541.0,B Route
13210,13,2025-10-01 14:10:15.577412+00:00,2025-10-01 14:11:42.872481+00:00,87.295069,54541.0,B Route
13210,14,2025-10-01 14:13:36.004753+00:00,2025-10-01 14:14:10.825837+00:00,34.821084,54541.0,B Route
13210,1,2025-10-01 14:21:27.254087+00:00,2025-10-01 14:37:17.968928+00:00,950.714841,54541.0,B Route
13210,2,2025-10-01 14:38:28.358780+00:00,2025-10-01 14:39:20.457204+00:00,52.098424,54541.0,B Route
13210,3,2025-10-01 14:41:39.739076+00:00,2025-10-01 14:42:15.171225+00:00,35.432149,54541.0,B Route
13210,12,2025-10-01 14:46:54.802638+00:00,2025-10-01 14:47:47.012544+00:00,52.209906,54541.0,B Route
13210,13,2025-10-01 14:49:05.508497+00:00,2025-10-01 14:52:27.330159+00:00,201.821662,54541.0,B Route
13210,14,2025-10-01 14:54:29.747513+00:00,2025-10-01 14:54:56.276465+00:00,26.528952,54541.0,B Route
13210,1,2025-10-01 15:02:03.743100+00:00,2025-10-01 15:04:24.337677+00:00,140.594577,54541.0,B Route
13210,2,2025-10-01 15:06:00.415543+00:00,2025-10-01 15:07:19.102013+00:00,78.68647,54541.0,B Route
13210,12,2025-10-01 15:15:00.866279+00:00,2025-10-01 15:15:53.870936+00:00,53.004657,54541.0,B Route
13210,13,2025-10-01 15:16:37.522689+00:00,2025-10-01 15:28:46.542013+00:00,729.019324,54541.0,B Route
13210,14,2025-10-01 15:30:49.111680+00:00,2025-10-01 15:32:07.706708+00:00,78.595028,54541.0,B Route
13210,1,2025-10-01 15:38:50.910739+00:00,2025-10-01 15:39:52.366006+00:00,61.455267,54541.0,B Route
13210,2,2025-10-01 15:40:53.388205+00:00,2025-10-01 15:42:03.116727+00:00,69.728522,54541.0,B Route
13210,3,2025-10-01 15:45:41.533398+00:00,2025-10-01 15:47:00.374113+00:00,78.840715,54541.0,B Route
13210,12,2025-10-01 15:52:05.061238+00:00,2025-10-01 15:53:23.965161+00:00,78.903923,54541.0,B Route
13210,13,2025-10-01 15:54:33.936561+00:00,2025-10-01 15:56:01.741440+00:00,87.804879,54541.0,B Route
13210,14,2025-10-01 15:57:37.729590+00:00,2025-10-01 15:58:21.329645+00:00,43.600055,54541.0,B Route
13210,1,2025-10-01 16:05:03.837895+00:00,2025-10-01 16:06:58.339681+00:00,114.501786,54541.0,B Route
13210,2,2025-10-01 16:08:17.976366+00:00,2025-10-01 16:09:36.998153+00:00,79.021787,54541.0,B Route
13210,3,2025-10-01 16:12:58.931786+00:00,2025-10-01 16:13:51.490234+00:00,52.558448,54541.0,B Route
13210,12,2025-10-01 16:18:32.157543+00:00,2025-10-01 16:19:33.984427+00:00,61.826884,54541.0,B Route
13210,13,2025-10-01 16:20:26.393834+00:00,2025-10-01 16:30:38.972373+00:00,612.578539,54541.0,B Route
13210,14,2025-10-01 16:32:23.720142+00:00,2025-10-01 16:32:59.335052+00:00,35.61491,54541.0,B Route
13210,1,2025-10-01 16:40:17.677143+00:00,2025-10-01 16:42:02.687052+00:00,105.009909,54541.0,B Route
13210,2,2025-10-01 16:43:21.814798+00:00,2025-10-01 16:45:08.179819+00:00,106.365021,54541.0,B Route
13210,3,2025-10-01 16:47:45.837976+00:00,2025-10-01 16:48:29.433160+00:00,43.595184,54541.0,B Route
13210,12,2025-10-01 16:52:51.675525+00:00,2025-10-01 16:54:10.553864+00:00,78.878339,54541.0,B Route
13210,13,2025-10-01 16:55:12.552493+00:00,2025-10-01 17:09:08.476137+00:00,835.923644,54541.0,B Route
13210,14,2025-10-01 17:10:36.056779+00:00,2025-10-01 17:11:20.315066+00:00,44.258287,54541.0,B Route
13210,1,2025-10-01 17:19:16.551933+00:00,2025-10-01 17:21:11.433433+00:00,114.8815,54541.0,B Route
13210,2,2025-10-01 17:22:56.921679+00:00,2025-10-01 17:24:07.105235+00:00,70.183556,54541.0,B Route
13210,3,2025-10-01 17:30:24.607647+00:00,2025-10-01 17:32:01.021316+00:00,96.413669,54541.0,B Route
13210,12,2025-10-01 17:37:23.561778+00:00,2025-10-01 17:39:18.486636+00:00,114.924858,54541.0,B Route
13210,13,2025-10-01 17:40:11.094193+00:00,2025-10-01 17:41:47.509029+00:00,96.414836,54541.0,B Route
13210,14,2025-10-01 17:43:40.463445+00:00,2025-10-01 17:44:06.848771+00:00,26.385326,54541.0,B Route
13210,1,2025-10-01 17:53:19.189055+00:00,2025-10-01 17:54:55.619317+00:00,96.430262,54541.0,B Route
13210,2,2025-10-01 17:58:25.618781+00:00,2025-10-01 17:59:18.102184+00:00,52.483403,54541.0,B Route
13210,3,2025-10-01 18:01:48.657364+00:00,2025-10-01 18:02:51.731459+00:00,63.074095,54541.0,B Route
13210,12,2025-10-01 18:08:13.505621+00:00,2025-10-01 18:11:10.526906+00:00,177.021285,54541.0,B Route
13210,13,2025-10-01 18:11:47.167004+00:00,2025-10-01 18:13:15.444029+00:00,88.277025,54541.0,B Route
13210,14,2025-10-01 18:14:43.476349+00:00,2025-10-01 18:15:19.278840+00:00,35.802491,54541.0,B Route
13210,1,2025-10-01 18:23:41.415095+00:00,2025-10-01 18:24:42.835275+00:00,61.42018,54541.0,B Route
13210,2,2025-10-01 18:26:10.805652+00:00,2025-10-01 18:26:46.362855+00:00,35.557203,54541.0,B Route
13210,3,2025-10-01 18:28:57.701470+00:00,2025-10-01 18:29:33.035810+00:00,35.33434,54541.0,B Route
13210,12,2025-10-01 18:34:31.951280+00:00,2025-10-01 18:35:07.417678+00:00,35.466398,54541.0,B Route
13210,13,2025-10-01 18:35:51.028500+00:00,2025-10-01 18:47:36.934550+00:00,705.90605,54541.0,B Route
13210,14,2025-10-01 18:49:14.216169+00:00,2025-10-01 18:49:58.390761+00:00,44.174592,54541.0,B Route
13210,1,2025-10-01 18:58:11.267124+00:00,2025-10-01 19:01:08.031894+00:00,176.76477,54541.0,B Route
13210,2,2025-10-01 19:03:03.362760+00:00,2025-10-01 19:03:21.143846+00:00,17.781086,54541.0,B Route
13210,3,2025-10-01 19:06:18.085441+00:00,2025-10-01 19:07:29.047385+00:00,70.961944,54541.0,B Route
13210,12,2025-10-01 19:12:30.931066+00:00,2025-10-01 19:14:43.148124+00:00,132.217058,54541.0,B Route
13210,13,2025-10-01 19:17:21.913760+00:00,2025-10-01 19:18:41.370043+00:00,79.456283,54541.0,B Route
13210,14,2025-10-01 19:20:43.908677+00:00,2025-10-01 19:21:27.686929+00:00,43.778252,54541.0,B Route
13210,1,2025-10-01 19:31:05.103935+00:00,2025-10-01 19:34:35.237558+00:00,210.133623,54541.0,B Route
13210,2,2025-10-01 19:39:08.663448+00:00,2025-10-01 19:39:17.486258+00:00,8.82281,54541.0,B Route
13210,3,2025-10-01 19:49:05.691391+00:00,2025-10-01 19:49:49.550058+00:00,43.858667,54541.0,B Route
13210,12,2025-10-01 19:55:30.934661+00:00,2025-10-01 19:56:23.837464+00:00,52.902803,54541.0,B Route
13210,13,2025-10-01 19:57:07.434890+00:00,2025-10-01 19:58:08.846214+00:00,61.411324,54541.0,B Route
13210,14,2025-10-01 19:59:36.682714+00:00,2025-10-01 20:00:13.276791+00:00,36.594077,54541.0,B Route
13210,1,2025-10-01 20:10:22.720157+00:00,2025-10-01 20:11:52.699736+00:00,89.979579,54541.0,B Route
13210,2,2025-10-01 20:13:40.361756+00:00,2025-10-01 20:14:24.534194+00:00,44.172438,54541.0,B Route
13210,3,2025-10-01 20:17:57.446201+00:00,2025-10-01 20:18:34.525630+00:00,37.079429,54541.0,B Route
13210,12,2025-10-01 20:23:37.929822+00:00,2025-10-01 20:24:22.737507+00:00,44.807685,54541.0,B Route
13210,13,2025-10-01 20:25:42.796307+00:00,2025-10-01 20:30:58.700301+00:00,315.903994,54541.0,B Route
13210,14,2025-10-01 20:32:52.403368+00:00,2025-10-01 20:33:36.088695+00:00,43.685327,54541.0,B Route
13210,1,2025-10-01 20:44:41.873368+00:00,2025-10-01 20:46:27.217439+00:00,105.344071,54541.0,B Route
13210,2,2025-10-01 20:48:03.694915+00:00,2025-10-01 20:48:56.159824+00:00,52.464909,54541.0,B Route
13210,3,2025-10-01 20:54:02.483695+00:00,2025-10-01 20:54:55.391672+00:00,52.907977,54541.0,B Route
13210,12,2025-10-01 21:00:44.065741+00:00,2025-10-01 21:02:11.064511+00:00,86.99877,54541.0,B Route
13210,13,2025-10-01 21:03:03.124325+00:00,2025-10-01 21:04:13.442335+00:00,70.31801,54541.0,B Route
13210,14,2025-10-01 21:05:58.766611+00:00,2025-10-01 21:06:35.083741+00:00,36.31713,54541.0,B Route
13210,1,2025-10-01 21:26:41.847345+00:00,2025-10-01 21:28:09.459944+00:00,87.612599,54541.0,B Route
13210,2,2025-10-01 21:32:14.149228+00:00,2025-10-01 21:34:07.552072+00:00,113.402844,54541.0,B Route
13210,3,2025-10-01 21:47:45.916607+00:00,2025-10-01 21:48:38.234007+00:00,52.3174,54541.0,B Route
13210,12,2025-10-01 21:53:43.420595+00:00,2025-10-01 21:55:19.377436+00:00,95.956841,54541.0,B Route
13210,13,2025-10-01 21:56:12.518146+00:00,2025-10-01 21:57:05.199307+00:00,52.681161,54541.0,B Route
13210,14,2025-10-01 21:58:41.488419+00:00,2025-10-01 21:59:16.371324+00:00,34.882905,54541.0,B Route
13210,1,2025-10-01 22:10:51.826305+00:00,2025-10-01 22:12:20.797964+00:00,88.971659,54541.0,B Route
13210,2,2025-10-01 22:13:39.683866+00:00,2025-10-01 22:14:32.605251+00:00,52.921385,54541.0,B Route
13210,3,2025-10-01 22:18:12.059958+00:00,2025-10-01 22:20:06.378508+00:00,114.31855,54541.0,B Route
13210,12,2025-10-01 22:25:40.456873+00:00,2025-10-01 22:26:33.278380+00:00,52.821507,54541.0,B Route
13210,13,2025-10-01 22:29:02.968891+00:00,2025-10-01 22:29:55.475839+00:00,52.506948,54541.0,B Route
13210,14,2025-10-01 22:31:59.433786+00:00,2025-10-01 22:33:09.729528+00:00,70.295742,54541.0,B Route
13210,1,2025-10-01 22:42:04.639805+00:00,2025-10-01 22:43:41.723587+00:00,97.083782,54541.0,B Route
13210,2,2025-10-01 22:45:17.601771+00:00,2025-10-01 22:46:28.398585+00:00,70.796814,54541.0,B Route
13210,3,2025-10-01 22:51:18.631668+00:00,2025-10-01 22:52:20.052272+00:00,61.420604,54541.0,B Route
13210,12,2025-10-01 22:58:29.494273+00:00,2025-10-01 22:59:40.025848+00:00,70.531575,54541.0,B Route
13210,13,2025-10-01 23:00:58.786692+00:00,2025-10-01 23:04:56.432977+00:00,237.646285,54541.0,B Route
13210,14,2025-10-01 23:06:51.765039+00:00,2025-10-01 23:07:36.677347+00:00,44.912308,54541.0,B Route
13210,1,2025-10-01 23:18:42.632206+00:00,2025-10-01 23:20:45.380105+00:00,122.747899,54541.0,B Route
13210,2,2025-10-01 23:23:40.933760+00:00,2025-10-01 23:24:16.456969+00:00,35.523209,54541.0,B Route
13210,3,2025-10-01 23:28:14.077222+00:00,2025-10-01 23:29:15.468146+00:00,61.390924,54541.0,B Route
13210,12,2025-10-01 23:34:50.767224+00:00,2025-10-01 23:36:28.958816+00:00,98.191592,54541.0,B Route
13210,13,2025-10-01 23:37:12.600336+00:00,2025-10-01 23:38:57.691884+00:00,105.091548,54541.0,B Route
13210,14,2025-10-01 23:41:09.287464+00:00,2025-10-01 23:41:53.862689+00:00,44.575225,54541.0,B Route
13210,1,2025-10-01 23:51:18.196920+00:00,2025-10-01 23:53:12.540498+00:00,114.343578,54541.0,B Route
13210,2,2025-10-01 23:55:05.767517+00:00,2025-10-01 23:56:06.550991+00:00,60.783474,54541.0,B Route
13210,3,2025-10-01 23:58:43.797882+00:00,2025-10-02 00:00:55.689963+00:00,131.892081,54541.0,B Route
13210,12,2025-10-02 00:06:42.275944+00:00,2025-10-02 00:07:45.356222+00:00,63.080278,54541.0,B Route
13210,13,2025-10-02 00:08:57.408331+00:00,2025-10-02 00:10:26.317643+00:00,88.909312,54541.0,B Route
13210,14,2025-10-02 00:12:21.378090+00:00,2025-10-02 00:13:05.179679+00:00,43.801589,54541.0,B Route
13214,1,2025-10-01 11:11:40.766639+00:00,2025-10-01 11:11:49.552922+00:00,8.786283,4088.0,Campus Connect Express
13214,2,2025-10-01 11:21:45.664750+00:00,2025-10-01 11:22:02.958940+00:00,17.29419,4088.0,Campus Connect Express
13214,4,2025-10-01 11:23:20.650542+00:00,2025-10-01 11:23:29.380848+00:00,8.730306,4088.0,Campus Connect Express
13214,8,2025-10-01 11:30:34.254721+00:00,2025-10-01 11:32:35.570158+00:00,121.315437,4088.0,Campus Connect Express
13214,9,2025-10-01 11:37:55.869130+00:00,2025-10-01 11:38:13.285358+00:00,17.416228,4088.0,Campus Connect Express
13214,10,2025-10-01 11:41:49.522111+00:00,2025-10-01 11:49:30.405553+00:00,460.883442,4088.0,Campus Connect Express
13214,11,2025-10-01 11:50:22.597717+00:00,2025-10-01 11:50:48.482181+00:00,25.884464,4088.0,Campus Connect Express
13214,1,2025-10-01 11:55:43.275147+00:00,2025-10-01 11:56:09.521894+00:00,26.246747,4088.0,Campus Connect Express
13214,2,2025-10-01 11:57:53.661740+00:00,2025-10-01 11:58:11.051219+00:00,17.389479,4088.0,Campus Connect Express
13214,4,2025-10-01 11:59:20.229753+00:00,2025-10-01 11:59:37.779144+00:00,17.549391,4088.0,Campus Connect Express
13214,6,2025-10-01 12:02:56.458220+00:00,2025-10-01 12:03:05.186942+00:00,8.728722,4088.0,Campus Connect Express
13214,8,2025-10-01 12:08:10.047406+00:00,2025-10-01 12:12:55.410158+00:00,285.362752,4088.0,Campus Connect Express
13214,9,2025-10-01 12:18:48.542687+00:00,2025-10-01 12:18:57.263161+00:00,8.720474,4088.0,Campus Connect Express
13214,10,2025-10-01 12:21:40.997804+00:00,2025-10-01 12:31:05.115777+00:00,564.117973,4088.0,Campus Connect Express
13214,11,2025-10-01 12:31:57.260178+00:00,2025-10-01 12:32:32.190112+00:00,34.929934,4088.0,Campus Connect Express
13214,1,2025-10-01 12:38:00.684020+00:00,2025-10-01 12:38:18.205123+00:00,17.521103,4088.0,Campus Connect Express
13214,2,2025-10-01 12:41:29.176017+00:00,2025-10-01 12:41:46.643086+00:00,17.467069,4088.0,Campus Connect Express
13214,4,2025-10-01 12:43:22.475070+00:00,2025-10-01 12:44:06.000419+00:00,43.525349,4088.0,Campus Connect Express
13214,6,2025-10-01 12:46:15.881499+00:00,2025-10-01 12:49:10.117175+00:00,174.235676,4088.0,Campus Connect Express
13214,8,2025-10-01 12:53:30.004333+00:00,2025-10-01 12:57:23.640909+00:00,233.636576,4088.0,Campus Connect Express
13214,9,2025-10-01 13:03:53.261141+00:00,2025-10-01 13:04:10.739122+00:00,17.477981,4088.0,Campus Connect Express
13214,10,2025-10-01 13:10:16.190773+00:00,2025-10-01 13:13:43.931376+00:00,207.740603,4088.0,Campus Connect Express
13214,11,2025-10-01 13:14:53.324319+00:00,2025-10-01 13:15:28.615755+00:00,35.291436,4088.0,Campus Connect Express
13214,1,2025-10-01 13:21:24.888068+00:00,2025-10-01 13:21:51.225935+00:00,26.337867,4088.0,Campus Connect Express
13214,2,2025-10-01 13:24:54.196094+00:00,2025-10-01 13:25:46.333927+00:00,52.137833,4088.0,Campus Connect Express
13214,4,2025-10-01 13:28:15.066488+00:00,2025-10-01 13:28:32.488242+00:00,17.421754,4088.0,Campus Connect Express
13214,8,2025-10-01 13:37:07.571788+00:00,2025-10-01 13:39:27.595179+00:00,140.023391,4088.0,Campus Connect Express
13214,9,2025-10-01 13:43:58.007684+00:00,2025-10-01 13:44:15.624193+00:00,17.616509,4088.0,Campus Connect Express
13214,10,2025-10-01 13:47:00.778101+00:00,2025-10-01 13:47:53.063293+00:00,52.285192,4088.0,Campus Connect Express
13214,11,2025-10-01 13:48:45.583951+00:00,2025-10-01 13:49:20.605852+00:00,35.021901,4088.0,Campus Connect Express
13214,1,2025-10-01 13:56:08.927551+00:00,2025-10-01 13:56:35.200162+00:00,26.272611,4088.0,Campus Connect Express
13214,2,2025-10-01 14:00:55.923193+00:00,2025-10-01 14:02:06.779247+00:00,70.856054,4088.0,Campus Connect Express
13214,4,2025-10-01 14:03:34.329313+00:00,2025-10-01 14:03:51.821751+00:00,17.492438,4088.0,Campus Connect Express
13214,6,2025-10-01 14:05:45.263338+00:00,2025-10-01 14:06:02.754784+00:00,17.491446,4088.0,Campus Connect Express
13214,8,2025-10-01 14:12:26.461646+00:00,2025-10-01 14:20:43.937238+00:00,497.475592,4088.0,Campus Connect Express
13214,9,2025-10-01 14:25:30.478565+00:00,2025-10-01 14:25:48.351972+00:00,17.873407,4088.0,Campus Connect Express
13214,10,2025-10-01 14:29:26.500498+00:00,2025-10-01 14:30:01.278551+00:00,34.778053,4088.0,Campus Connect Express
13214,11,2025-10-01 14:32:20.908069+00:00,2025-10-01 14:32:47.027695+00:00,26.119626,4088.0,Campus Connect Express
13214,1,2025-10-01 14:38:02.057682+00:00,2025-10-01 14:38:19.585986+00:00,17.528304,4088.0,Campus Connect Express
13214,2,2025-10-01 14:39:46.465242+00:00,2025-10-01 14:40:12.766234+00:00,26.300992,4088.0,Campus Connect Express
13214,4,2025-10-01 14:41:13.643934+00:00,2025-10-01 14:41:22.382873+00:00,8.738939,4088.0,Campus Connect Express
13214,8,2025-10-01 14:45:35.869457+00:00,2025-10-01 14:51:08.966817+00:00,333.09736,4088.0,Campus Connect Express
13214,9,2025-10-01 14:54:47.581557+00:00,2025-10-01 14:55:04.861035+00:00,17.279478,4088.0,Campus Connect Express
13214,10,2025-10-01 14:58:34.649734+00:00,2025-10-01 14:58:52.139944+00:00,17.49021,4088.0,Campus Connect Express
13214,11,2025-10-01 14:59:09.634745+00:00,2025-10-01 14:59:27.251793+00:00,17.617048,4088.0,Campus Connect Express
13214,1,2025-10-01 15:03:39.783784+00:00,2025-10-01 15:04:15.505574+00:00,35.72179,4088.0,Campus Connect Express
13214,2,2025-10-01 15:11:22.832771+00:00,2025-10-01 15:11:48.882206+00:00,26.049435,4088.0,Campus Connect Express
13214,4,2025-10-01 15:13:16.047427+00:00,2025-10-01 15:13:33.836354+00:00,17.788927,4088.0,Campus Connect Express
13214,8,2025-10-01 15:20:09.035146+00:00,2025-10-01 15:23:57.203472+00:00,228.168326,4088.0,Campus Connect Express
13214,9,2025-10-01 15:27:36.177289+00:00,2025-10-01 15:28:11.638418+00:00,35.461129,4088.0,Campus Connect Express
13214,10,2025-10-01 15:31:32.848029+00:00,2025-10-01 15:32:16.914885+00:00,44.066856,4088.0,Campus Connect Express
13214,11,2025-10-01 15:33:35.459600+00:00,2025-10-01 15:34:10.733114+00:00,35.273514,4088.0,Campus Connect Express
13214,1,2025-10-01 15:39:17.191053+00:00,2025-10-01 15:39:26.172291+00:00,8.981238,4088.0,Campus Connect Express
13214,2,2025-10-01 15:45:50.178658+00:00,2025-10-01 15:46:16.569191+00:00,26.390533,4088.0,Campus Connect Express
13214,4,2025-10-01 15:48:01.182319+00:00,2025-10-01 15:48:18.439037+00:00,17.256718,4088.0,Campus Connect Express
13214,8,2025-10-01 15:56:10.592186+00:00,2025-10-01 16:01:07.807169+00:00,297.214983,4088.0,Campus Connect Express
13214,9,2025-10-01 16:05:03.931455+00:00,2025-10-01 16:05:30.661923+00:00,26.730468,4088.0,Campus Connect Express
13214,10,2025-10-01 16:09:10.526350+00:00,2025-10-01 16:11:39.968313+00:00,149.441963,4088.0,Campus Connect Express
13214,1,2025-10-01 16:17:04.575912+00:00,2025-10-01 16:17:30.713117+00:00,26.137205,4088.0,Campus Connect Express
13214,2,2025-10-01 16:19:07.367577+00:00,2025-10-01 16:22:55.589614+00:00,228.222037,4088.0,Campus Connect Express
13214,4,2025-10-01 16:23:47.738145+00:00,2025-10-01 16:23:56.613205+00:00,8.87506,4088.0,Campus Connect Express
13214,8,2025-10-01 16:32:50.373015+00:00,2025-10-01 16:34:00.630160+00:00,70.257145,4088.0,Campus Connect Express
13214,9,2025-10-01 16:38:07.202297+00:00,2025-10-01 16:38:24.927443+00:00,17.725146,4088.0,Campus Connect Express
13214,10,2025-10-01 16:42:11.342350+00:00,2025-10-01 16:42:55.711227+00:00,44.368877,4088.0,Campus Connect Express
13214,11,2025-10-01 16:44:06.282329+00:00,2025-10-01 16:44:24.131765+00:00,17.849436,4088.0,Campus Connect Express
13214,1,2025-10-01 16:50:40.469475+00:00,2025-10-01 16:51:50.488611+00:00,70.019136,4088.0,Campus Connect Express
13214,2,2025-10-01 16:54:54.671423+00:00,2025-10-01 16:55:21.441076+00:00,26.769653,4088.0,Campus Connect Express
13214,4,2025-10-01 16:59:18.761767+00:00,2025-10-01 16:59:27.620183+00:00,8.858416,4088.0,Campus Connect Express
13214,8,2025-10-01 17:06:21.275691+00:00,2025-10-01 17:12:23.303218+00:00,362.027527,4088.0,Campus Connect Express
13214,9,2025-10-01 17:16:56.094287+00:00,2025-10-01 17:17:05.269332+00:00,9.175045,4088.0,Campus Connect Express
13214,10,2025-10-01 17:20:53.741917+00:00,2025-10-01 17:21:11.518643+00:00,17.776726,4088.0,Campus Connect Express
13214,11,2025-10-01 17:21:37.761858+00:00,2025-10-01 17:21:55.641851+00:00,17.879993,4088.0,Campus Connect Express
13214,1,2025-10-01 17:28:39.149683+00:00,2025-10-01 17:28:56.515876+00:00,17.366193,4088.0,Campus Connect Express
13214,2,2025-10-01 17:32:27.215587+00:00,2025-10-01 17:32:44.543687+00:00,17.3281,4088.0,Campus Connect Express
13214,4,2025-10-01 17:38:25.149239+00:00,2025-10-01 17:38:42.719494+00:00,17.570255,4088.0,Campus Connect Express
13214,8,2025-10-01 17:45:34.596158+00:00,2025-10-01 17:46:18.898098+00:00,44.30194,4088.0,Campus Connect Express
13214,9,2025-10-01 17:49:49.906927+00:00,2025-10-01 17:50:07.722917+00:00,17.81599,4088.0,Campus Connect Express
13214,10,2025-10-01 17:53:54.561984+00:00,2025-10-01 17:55:30.473425+00:00,95.911441,4088.0,Campus Connect Express
13214,11,2025-10-01 17:55:48.304538+00:00,2025-10-01 17:56:14.648415+00:00,26.343877,4088.0,Campus Connect Express
13214,1,2025-10-01 18:03:54.036604+00:00,2025-10-01 18:04:29.931236+00:00,35.894632,4088.0,Campus Connect Express
13214,2,2025-10-01 18:07:02.895083+00:00,2025-10-01 18:07:20.656192+00:00,17.761109,4088.0,Campus Connect Express
13214,4,2025-10-01 18:09:15.510380+00:00,2025-10-01 18:09:24.622887+00:00,9.112507,4088.0,Campus Connect Express
13214,8,2025-10-01 18:17:05.127841+00:00,2025-10-01 18:21:39.267442+00:00,274.139601,4088.0,Campus Connect Express
13214,9,2025-10-01 18:26:19.606620+00:00,2025-10-01 18:26:28.628775+00:00,9.022155,4088.0,Campus Connect Express
13214,10,2025-10-01 18:30:34.304819+00:00,2025-10-01 18:32:02.615726+00:00,88.310907,4088.0,Campus Connect Express
13214,11,2025-10-01 18:32:46.294731+00:00,2025-10-01 18:33:03.962475+00:00,17.667744,4088.0,Campus Connect Express
13214,1,2025-10-01 18:39:58.868017+00:00,2025-10-01 18:40:34.451907+00:00,35.58389,4088.0,Campus Connect Express
13214,2,2025-10-01 18:43:04.432882+00:00,2025-10-01 18:43:22.259375+00:00,17.826493,4088.0,Campus Connect Express
13214,8,2025-10-01 18:51:44.341785+00:00,2025-10-01 18:53:03.590829+00:00,79.249044,4088.0,Campus Connect Express
13214,9,2025-10-01 18:57:44.745804+00:00,2025-10-01 18:57:53.780740+00:00,9.034936,4088.0,Campus Connect Express
13214,10,2025-10-01 19:01:34.557261+00:00,2025-10-01 19:02:36.787562+00:00,62.230301,4088.0,Campus Connect Express
13214,11,2025-10-01 19:03:38.781429+00:00,2025-10-01 19:04:14.374773+00:00,35.593344,4088.0,Campus Connect Express
13214,1,2025-10-01 19:11:11.204565+00:00,2025-10-01 19:11:37.810284+00:00,26.605719,4088.0,Campus Connect Express
13214,2,2025-10-01 19:14:25.630311+00:00,2025-10-01 19:14:52.180724+00:00,26.550413,4088.0,Campus Connect Express
13214,4,2025-10-01 19:16:29.368291+00:00,2025-10-01 19:16:46.774016+00:00,17.405725,4088.0,Campus Connect Express
13214,6,2025-10-01 19:21:44.911274+00:00,2025-10-01 19:21:53.715121+00:00,8.803847,4088.0,Campus Connect Express
13214,8,2025-10-01 19:26:07.417519+00:00,2025-10-01 19:32:41.267479+00:00,393.84996,4088.0,Campus Connect Express
13214,9,2025-10-01 19:39:43.456835+00:00,2025-10-01 19:40:10.674955+00:00,27.21812,4088.0,Campus Connect Express
13214,10,2025-10-01 19:50:24.420771+00:00,2025-10-01 19:53:01.644491+00:00,157.22372,4088.0,Campus Connect Express
13214,11,2025-10-01 19:54:02.640496+00:00,2025-10-01 19:54:38.377550+00:00,35.737054,4088.0,Campus Connect Express
13214,1,2025-10-01 20:01:26.117020+00:00,2025-10-01 20:01:43.916602+00:00,17.799582,4088.0,Campus Connect Express
13214,2,2025-10-01 20:04:08.224488+00:00,2025-10-01 20:04:35.321906+00:00,27.097418,4088.0,Campus Connect Express
13214,4,2025-10-01 20:06:04.763287+00:00,2025-10-01 20:06:14.002032+00:00,9.238745,4088.0,Campus Connect Express
13214,8,2025-10-01 20:15:44.197084+00:00,2025-10-01 20:17:22.557421+00:00,98.360337,4088.0,Campus Connect Express
13214,9,2025-10-01 20:23:37.995784+00:00,2025-10-01 20:23:56.390571+00:00,18.394787,4088.0,Campus Connect Express
13214,10,2025-10-01 20:29:22.286332+00:00,2025-10-01 20:31:07.450067+00:00,105.163735,4088.0,Campus Connect Express
13214,11,2025-10-01 20:33:53.441083+00:00,2025-10-01 20:35:56.427928+00:00,122.986845,4088.0,Campus Connect Express
13214,1,2025-10-01 20:50:58.301823+00:00,2025-10-01 20:54:46.485195+00:00,228.183372,4088.0,Campus Connect Express
13214,2,2025-10-01 21:03:55.687085+00:00,2025-10-01 21:04:04.569906+00:00,8.882821,4088.0,Campus Connect Express
13214,4,2025-10-01 21:10:50.140090+00:00,2025-10-01 21:10:59.182791+00:00,9.042701,4088.0,Campus Connect Express
13214,6,2025-10-01 21:15:19.672083+00:00,2025-10-01 21:15:37.208199+00:00,17.536116,4088.0,Campus Connect Express
13214,8,2025-10-01 21:23:12.323098+00:00,2025-10-01 21:25:49.450713+00:00,157.127615,4088.0,Campus Connect Express
13214,9,2025-10-01 21:31:47.695623+00:00,2025-10-01 21:32:05.450219+00:00,17.754596,4088.0,Campus Connect Express
13214,10,2025-10-01 21:39:47.311498+00:00,2025-10-01 21:41:32.529392+00:00,105.217894,4088.0,Campus Connect Express
13214,11,2025-10-01 21:47:45.990018+00:00,2025-10-01 21:50:14.265673+00:00,148.275655,4088.0,Campus Connect Express
13214,1,2025-10-01 22:00:44.118135+00:00,2025-10-01 22:01:27.919956+00:00,43.801821,4088.0,Campus Connect Express
13214,2,2025-10-01 22:07:27.923770+00:00,2025-10-01 22:07:54.665579+00:00,26.741809,4088.0,Campus Connect Express
13214,4,2025-10-01 22:12:03.258542+00:00,2025-10-01 22:12:12.175397+00:00,8.916855,4088.0,Campus Connect Express
13214,8,2025-10-01 22:22:00.960514+00:00,2025-10-01 22:23:29.286617+00:00,88.326103,4088.0,Campus Connect Express
13214,9,2025-10-01 22:27:52.787341+00:00,2025-10-01 22:28:10.353148+00:00,17.565807,4088.0,Campus Connect Express
13214,10,2025-10-01 22:33:00.851811+00:00,2025-10-01 22:33:44.794352+00:00,43.942541,4088.0,Campus Connect Express
13214,11,2025-10-01 22:35:29.830968+00:00,2025-10-01 22:36:14.098689+00:00,44.267721,4088.0,Campus Connect Express
13214,1,2025-10-01 22:42:39.888631+00:00,2025-10-01 22:43:06.393997+00:00,26.505366,4088.0,Campus Connect Express
13214,2,2025-10-01 22:45:53.027773+00:00,2025-10-01 22:46:19.634586+00:00,26.606813,4088.0,Campus Connect Express
13214,4,2025-10-01 22:48:04.068305+00:00,2025-10-01 22:48:12.848478+00:00,8.780173,4088.0,Campus Connect Express
13214,6,2025-10-01 22:52:11.235800+00:00,2025-10-01 22:52:20.113270+00:00,8.87747,4088.0,Campus Connect Express
13214,8,2025-10-01 22:56:16.955472+00:00,2025-10-01 22:57:36.376501+00:00,79.421029,4088.0,Campus Connect Express
13214,9,2025-10-01 23:03:46.466276+00:00,2025-10-01 23:04:21.230129+00:00,34.763853,4088.0,Campus Connect Express
13214,10,2025-10-01 23:07:45.444775+00:00,2025-10-01 23:08:20.141295+00:00,34.69652,4088.0,Campus Connect Express
13214,11,2025-10-01 23:09:39.157093+00:00,2025-10-01 23:10:23.068521+00:00,43.911428,4088.0,Campus Connect Express
13214,1,2025-10-01 23:21:20.996106+00:00,2025-10-01 23:21:29.994776+00:00,8.99867,4088.0,Campus Connect Express
13214,2,2025-10-01 23:25:00.359215+00:00,2025-10-01 23:25:26.628585+00:00,26.26937,4088.0,Campus Connect Express
13214,4,2025-10-01 23:26:54.697565+00:00,2025-10-01 23:27:12.383852+00:00,17.686287,4088.0,Campus Connect Express
13214,6,2025-10-01 23:31:27.941223+00:00,2025-10-01 23:31:45.792404+00:00,17.851181,4088.0,Campus Connect Express
13214,8,2025-10-01 23:35:34.947091+00:00,2025-10-01 23:37:30.098624+00:00,115.151533,4088.0,Campus Connect Express
13214,9,2025-10-01 23:41:17.988296+00:00,2025-10-01 23:41:26.934974+00:00,8.946678,4088.0,Campus Connect Express
13214,10,2025-10-01 23:45:08.738753+00:00,2025-10-01 23:45:43.801641+00:00,35.062888,4088.0,Campus Connect Express
13214,11,2025-10-01 23:46:10.416405+00:00,2025-10-01 23:46:36.847444+00:00,26.431039,4088.0,Campus Connect Express
13214,1,2025-10-01 23:54:39.536675+00:00,2025-10-01 23:55:23.425930+00:00,43.889255,4088.0,Campus Connect Express
13214,2,2025-10-01 23:57:59.973827+00:00,2025-10-01 23:58:34.974225+00:00,35.000398,4088.0,Campus Connect Express
13214,4,2025-10-02 00:00:02.884775+00:00,2025-10-02 00:00:20.421412+00:00,17.536637,4088.0,Campus Connect Express
13214,6,2025-10-02 00:03:42.011204+00:00,2025-10-02 00:03:51.088174+00:00,9.07697,4088.0,Campus Connect Express
13214,8,2025-10-02 00:07:09.862366+00:00,2025-10-02 00:10:44.929973+00:00,215.067607,4088.0,Campus Connect Express
13213,17,2025-10-01 10:55:16.040846+00:00,2025-10-01 10:55:58.709929+00:00,42.669083,54550.0,REXB Route
13213,18,2025-10-01 10:59:05.614648+00:00,2025-10-01 10:59:14.224605+00:00,8.609957,54550.0,REXB Route
13213,19,2025-10-01 11:00:30.985780+00:00,2025-10-01 11:00:56.695282+00:00,25.709502,54550.0,REXB Route
13213,20,2025-10-01 11:02:13.707057+00:00,2025-10-01 11:02:30.880279+00:00,17.173222,54550.0,REXB Route
13213,3,2025-10-01 11:12:41.461286+00:00,2025-10-01 11:14:50.996003+00:00,129.534717,54550.0,REXB Route
13213,1,2025-10-01 11:16:51.932239+00:00,2025-10-01 11:20:27.618669+00:00,215.68643,54550.0,REXB Route
13213,2,2025-10-01 11:22:02.960622+00:00,2025-10-01 11:22:28.945826+00:00,25.985204,54550.0,REXB Route
13213,23,2025-10-01 11:26:22.925522+00:00,2025-10-01 11:26:31.726683+00:00,8.801161,54550.0,REXB Route
13213,17,2025-10-01 11:31:26.198504+00:00,2025-10-01 11:32:35.642174+00:00,69.44367,54550.0,REXB Route
13213,18,2025-10-01 11:33:18.968272+00:00,2025-10-01 11:33:36.579882+00:00,17.61161,54550.0,REXB Route
13213,19,2025-10-01 11:34:45.698324+00:00,2025-10-01 11:35:20.258670+00:00,34.560346,54550.0,REXB Route
13213,20,2025-10-01 11:36:20.229338+00:00,2025-10-01 11:36:55.130830+00:00,34.901492,54550.0,REXB Route
13213,21,2025-10-01 11:38:04.690239+00:00,2025-10-01 11:38:56.342085+00:00,51.651846,54550.0,REXB Route
13213,16,2025-10-01 11:40:05.849827+00:00,2025-10-01 11:40:14.556949+00:00,8.707122,54550.0,REXB Route
13213,22,2025-10-01 11:44:35.436579+00:00,2025-10-01 11:44:44.173911+00:00,8.737332,54550.0,REXB Route
13213,3,2025-10-01 11:47:37.999963+00:00,2025-10-01 11:50:48.544500+00:00,190.544537,54550.0,REXB Route
13213,1,2025-10-01 11:52:14.728437+00:00,2025-10-01 11:54:59.342820+00:00,164.614383,54550.0,REXB Route
13213,2,2025-10-01 11:56:00.590437+00:00,2025-10-01 11:56:35.864350+00:00,35.273913,54550.0,REXB Route
13213,23,2025-10-01 12:03:57.001248+00:00,2025-10-01 12:04:06.782876+00:00,9.781628,54550.0,REXB Route
13213,17,2025-10-01 12:08:10.126827+00:00,2025-10-01 12:17:22.165503+00:00,552.038676,54550.0,REXB Route
13213,18,2025-10-01 12:18:13.964127+00:00,2025-10-01 12:18:39.877348+00:00,25.913221,54550.0,REXB Route
13213,19,2025-10-01 12:20:05.744340+00:00,2025-10-01 12:20:40.303123+00:00,34.558783,54550.0,REXB Route
13213,20,2025-10-01 12:21:23.876767+00:00,2025-10-01 12:21:58.349799+00:00,34.473032,54550.0,REXB Route
13213,21,2025-10-01 12:23:07.578943+00:00,2025-10-01 12:23:33.730746+00:00,26.151803,54550.0,REXB Route
13213,16,2025-10-01 12:25:18.430962+00:00,2025-10-01 12:25:27.264241+00:00,8.833279,54550.0,REXB Route
13213,22,2025-10-01 12:31:05.116364+00:00,2025-10-01 12:31:13.770157+00:00,8.653793,54550.0,REXB Route
13213,3,2025-10-01 12:34:50.150709+00:00,2025-10-01 12:35:50.772381+00:00,60.621672,54550.0,REXB Route
13213,1,2025-10-01 12:37:34.437968+00:00,2025-10-01 12:38:26.836891+00:00,52.398923,54550.0,REXB Route
13213,2,2025-10-01 12:39:18.571895+00:00,2025-10-01 12:39:53.375898+00:00,34.804003,54550.0,REXB Route
13213,23,2025-10-01 12:46:15.962376+00:00,2025-10-01 12:46:24.947305+00:00,8.984929,54550.0,REXB Route
13213,17,2025-10-01 12:51:02.412890+00:00,2025-10-01 12:51:28.390229+00:00,25.977339,54550.0,REXB Route
13213,18,2025-10-01 12:52:20.247395+00:00,2025-10-01 12:52:46.498923+00:00,26.251528,54550.0,REXB Route
13213,19,2025-10-01 12:54:13.098756+00:00,2025-10-01 12:54:47.633181+00:00,34.534425,54550.0,REXB Route
13213,21,2025-10-01 12:58:15.629003+00:00,2025-10-01 12:58:41.781879+00:00,26.152876,54550.0,REXB Route
13213,16,2025-10-01 13:00:08.262854+00:00,2025-10-01 13:00:17.130988+00:00,8.868134,54550.0,REXB Route
13213,22,2025-10-01 13:03:53.332216+00:00,2025-10-01 13:04:02.142625+00:00,8.810409,54550.0,REXB Route
13213,3,2025-10-01 13:06:55.936517+00:00,2025-10-01 13:09:06.751371+00:00,130.814854,54550.0,REXB Route
13213,1,2025-10-01 13:11:08.513703+00:00,2025-10-01 13:12:09.104410+00:00,60.590707,54550.0,REXB Route
13213,2,2025-10-01 13:13:18.067450+00:00,2025-10-01 13:13:52.538012+00:00,34.470562,54550.0,REXB Route
13213,23,2025-10-01 13:18:39.520747+00:00,2025-10-01 13:18:48.261998+00:00,8.741251,54550.0,REXB Route
13213,17,2025-10-01 13:22:00.128226+00:00,2025-10-01 13:23:26.636190+00:00,86.507964,54550.0,REXB Route
13213,18,2025-10-01 13:24:10.421046+00:00,2025-10-01 13:24:45.486230+00:00,35.065184,54550.0,REXB Route
13213,19,2025-10-01 13:26:12.397347+00:00,2025-10-01 13:27:21.876472+00:00,69.479125,54550.0,REXB Route
13213,20,2025-10-01 13:26:12.397347+00:00,2025-10-01 13:28:15.219644+00:00,122.822297,54550.0,REXB Route
13213,21,2025-10-01 13:29:32.896440+00:00,2025-10-01 13:29:59.046614+00:00,26.150174,54550.0,REXB Route
13213,16,2025-10-01 13:31:08.461434+00:00,2025-10-01 13:31:17.240170+00:00,8.778736,54550.0,REXB Route
13213,22,2025-10-01 13:35:05.251063+00:00,2025-10-01 13:35:14.170874+00:00,8.919811,54550.0,REXB Route
13213,3,2025-10-01 13:38:17.270903+00:00,2025-10-01 13:38:52.342128+00:00,35.071225,54550.0,REXB Route
13213,1,2025-10-01 13:40:45.760709+00:00,2025-10-01 13:41:20.647145+00:00,34.886436,54550.0,REXB Route
13213,2,2025-10-01 13:42:38.535731+00:00,2025-10-01 13:43:31.077609+00:00,52.541878,54550.0,REXB Route
13213,23,2025-10-01 13:49:11.818869+00:00,2025-10-01 13:49:20.697931+00:00,8.879062,54550.0,REXB Route
13213,17,2025-10-01 13:53:58.379532+00:00,2025-10-01 13:54:33.242193+00:00,34.862661,54550.0,REXB Route
13213,18,2025-10-01 13:55:16.679644+00:00,2025-10-01 13:56:00.216347+00:00,43.536703,54550.0,REXB Route
13213,19,2025-10-01 13:57:09.967266+00:00,2025-10-01 13:58:02.511332+00:00,52.544066,54550.0,REXB Route
13213,20,2025-10-01 13:59:28.985151+00:00,2025-10-01 14:00:29.626807+00:00,60.641656,54550.0,REXB Route
13213,21,2025-10-01 14:01:57.648107+00:00,2025-10-01 14:02:24.468249+00:00,26.820142,54550.0,REXB Route
13213,16,2025-10-01 14:04:44.076659+00:00,2025-10-01 14:04:52.893278+00:00,8.816619,54550.0,REXB Route
13213,22,2025-10-01 14:07:55.422088+00:00,2025-10-01 14:08:04.313509+00:00,8.891421,54550.0,REXB Route
13213,3,2025-10-01 14:11:16.203914+00:00,2025-10-01 14:12:26.588843+00:00,70.384929,54550.0,REXB Route
13213,1,2025-10-01 14:13:36.094797+00:00,2025-10-01 14:25:39.371559+00:00,723.276762,54550.0,REXB Route
13213,2,2025-10-01 14:26:49.307979+00:00,2025-10-01 14:27:06.800444+00:00,17.492465,54550.0,REXB Route
13213,23,2025-10-01 14:31:54.544732+00:00,2025-10-01 14:32:03.432162+00:00,8.88743,54550.0,REXB Route
13213,17,2025-10-01 14:36:07.921677+00:00,2025-10-01 14:37:18.037933+00:00,70.116256,54550.0,REXB Route
13213,18,2025-10-01 14:38:10.862781+00:00,2025-10-01 14:38:37.164497+00:00,26.301716,54550.0,REXB Route
13213,19,2025-10-01 14:39:55.263045+00:00,2025-10-01 14:40:38.922195+00:00,43.65915,54550.0,REXB Route
13213,20,2025-10-01 14:42:06.128464+00:00,2025-10-01 14:42:23.774071+00:00,17.645607,54550.0,REXB Route
13213,21,2025-10-01 14:43:24.672183+00:00,2025-10-01 14:43:59.611512+00:00,34.939329,54550.0,REXB Route
13213,16,2025-10-01 14:46:10.928291+00:00,2025-10-01 14:46:19.828703+00:00,8.900412,54550.0,REXB Route
13213,22,2025-10-01 14:49:05.595884+00:00,2025-10-01 14:49:14.404951+00:00,8.809067,54550.0,REXB Route
13213,3,2025-10-01 14:52:53.802833+00:00,2025-10-01 14:53:45.987489+00:00,52.184656,54550.0,REXB Route
13213,1,2025-10-01 14:55:22.032806+00:00,2025-10-01 14:56:23.712550+00:00,61.679744,54550.0,REXB Route
13213,2,2025-10-01 14:57:42.141725+00:00,2025-10-01 14:58:25.891159+00:00,43.749434,54550.0,REXB Route
13213,23,2025-10-01 15:03:31.034827+00:00,2025-10-01 15:03:39.943970+00:00,8.909143,54550.0,REXB Route
13213,17,2025-10-01 15:08:02.568348+00:00,2025-10-01 15:09:11.902487+00:00,69.334139,54550.0,REXB Route
13213,18,2025-10-01 15:09:55.741649+00:00,2025-10-01 15:10:21.923930+00:00,26.182281,54550.0,REXB Route
13213,19,2025-10-01 15:11:40.071021+00:00,2025-10-01 15:12:23.866079+00:00,43.795058,54550.0,REXB Route
13213,21,2025-10-01 15:15:00.940513+00:00,2025-10-01 15:15:27.452511+00:00,26.511998,54550.0,REXB Route
13213,16,2025-10-01 15:17:48.258781+00:00,2025-10-01 15:17:57.050691+00:00,8.79191,54550.0,REXB Route
13213,22,2025-10-01 15:20:27.117111+00:00,2025-10-01 15:20:36.065895+00:00,8.948784,54550.0,REXB Route
13213,3,2025-10-01 15:24:05.849564+00:00,2025-10-01 15:25:06.899566+00:00,61.050002,54550.0,REXB Route
13213,1,2025-10-01 15:26:52.834212+00:00,2025-10-01 15:27:45.068285+00:00,52.234073,54550.0,REXB Route
13213,2,2025-10-01 15:28:46.543181+00:00,2025-10-01 15:29:29.941792+00:00,43.398611,54550.0,REXB Route
13213,23,2025-10-01 15:33:53.119986+00:00,2025-10-01 15:34:01.827057+00:00,8.707071,54550.0,REXB Route
13213,17,2025-10-01 15:39:52.367450+00:00,2025-10-01 15:40:44.732783+00:00,52.365333,54550.0,REXB Route
13213,18,2025-10-01 15:41:19.878809+00:00,2025-10-01 15:42:03.178498+00:00,43.299689,54550.0,REXB Route
13213,19,2025-10-01 15:43:21.828196+00:00,2025-10-01 15:44:14.228645+00:00,52.400449,54550.0,REXB Route
13213,20,2025-10-01 15:45:23.771494+00:00,2025-10-01 15:46:07.756629+00:00,43.985135,54550.0,REXB Route
13213,21,2025-10-01 15:47:26.686765+00:00,2025-10-01 15:48:27.309511+00:00,60.622746,54550.0,REXB Route
13213,16,2025-10-01 15:49:28.281903+00:00,2025-10-01 15:49:37.049672+00:00,8.767769,54550.0,REXB Route
13213,22,2025-10-01 15:52:57.486096+00:00,2025-10-01 15:53:06.432366+00:00,8.94627,54550.0,REXB Route
13213,3,2025-10-01 15:57:11.244729+00:00,2025-10-01 15:58:03.975406+00:00,52.730677,54550.0,REXB Route
13213,1,2025-10-01 15:59:57.482310+00:00,2025-10-01 16:00:58.991651+00:00,61.509341,54550.0,REXB Route
13213,2,2025-10-01 16:02:34.730160+00:00,2025-10-01 16:03:10.077562+00:00,35.347402,54550.0,REXB Route
13213,23,2025-10-01 16:07:51.345728+00:00,2025-10-01 16:08:00.331478+00:00,8.98575,54550.0,REXB Route
13213,17,2025-10-01 16:13:07.877246+00:00,2025-10-01 16:14:09.277730+00:00,61.400484,54550.0,REXB Route
13213,18,2025-10-01 16:14:52.786117+00:00,2025-10-01 16:15:36.969872+00:00,44.183755,54550.0,REXB Route
13213,19,2025-10-01 16:16:55.854498+00:00,2025-10-01 16:17:39.431532+00:00,43.577034,54550.0,REXB Route
13213,20,2025-10-01 16:18:41.045756+00:00,2025-10-01 16:19:07.506771+00:00,26.461015,54550.0,REXB Route
13213,21,2025-10-01 16:20:17.774863+00:00,2025-10-01 16:20:35.227551+00:00,17.452688,54550.0,REXB Route
13213,16,2025-10-01 16:21:54.573709+00:00,2025-10-01 16:22:03.532069+00:00,8.95836,54550.0,REXB Route
13213,22,2025-10-01 16:24:39.998300+00:00,2025-10-01 16:24:48.954024+00:00,8.955724,54550.0,REXB Route
13213,1,2025-10-01 16:31:14.051532+00:00,2025-10-01 16:43:30.772777+00:00,736.721245,54550.0,REXB Route
13213,2,2025-10-01 16:45:34.265632+00:00,2025-10-01 16:45:43.410765+00:00,9.145133,54550.0,REXB Route
13213,23,2025-10-01 16:50:40.559231+00:00,2025-10-01 16:50:49.289594+00:00,8.730363,54550.0,REXB Route
13213,17,2025-10-01 16:55:21.445651+00:00,2025-10-01 16:56:23.235454+00:00,61.789803,54550.0,REXB Route
13213,18,2025-10-01 16:57:07.004441+00:00,2025-10-01 16:57:50.911397+00:00,43.906956,54550.0,REXB Route
13213,19,2025-10-01 16:59:09.980168+00:00,2025-10-01 17:03:06.952925+00:00,236.972757,54550.0,REXB Route
13213,20,2025-10-01 17:05:01.562988+00:00,2025-10-01 17:05:27.802611+00:00,26.239623,54550.0,REXB Route
13213,21,2025-10-01 17:06:38.802786+00:00,2025-10-01 17:07:23.196917+00:00,44.394131,54550.0,REXB Route
13213,16,2025-10-01 17:08:59.811809+00:00,2025-10-01 17:09:08.539053+00:00,8.727244,54550.0,REXB Route
13213,22,2025-10-01 17:13:33.689262+00:00,2025-10-01 17:13:42.557077+00:00,8.867815,54550.0,REXB Route
13213,3,2025-10-01 17:17:22.750094+00:00,2025-10-01 17:19:07.884782+00:00,105.134688,54550.0,REXB Route
13213,1,2025-10-01 17:21:11.522683+00:00,2025-10-01 17:22:21.793481+00:00,70.270798,54550.0,REXB Route
13213,2,2025-10-01 17:23:58.247861+00:00,2025-10-01 17:24:50.893997+00:00,52.646136,54550.0,REXB Route
13213,23,2025-10-01 17:29:13.998805+00:00,2025-10-01 17:29:22.918356+00:00,8.919551,54550.0,REXB Route
13213,17,2025-10-01 17:34:38.004164+00:00,2025-10-01 17:35:38.712750+00:00,60.708586,54550.0,REXB Route
13213,18,2025-10-01 17:45:34.675300+00:00,2025-10-01 17:46:10.005359+00:00,35.330059,54550.0,REXB Route
13213,19,2025-10-01 17:47:47.067762+00:00,2025-10-01 17:49:05.837962+00:00,78.7702,54550.0,REXB Route
13213,20,2025-10-01 17:50:25.167547+00:00,2025-10-01 17:51:08.936159+00:00,43.768612,54550.0,REXB Route
13213,21,2025-10-01 17:52:26.572959+00:00,2025-10-01 17:53:54.704478+00:00,88.131519,54550.0,REXB Route
13213,16,2025-10-01 17:55:30.475006+00:00,2025-10-01 17:55:39.520806+00:00,9.0458,54550.0,REXB Route
13213,22,2025-10-01 18:00:19.940596+00:00,2025-10-01 18:00:28.774039+00:00,8.833443,54550.0,REXB Route
13213,3,2025-10-01 18:04:29.932403+00:00,2025-10-01 18:05:42.449194+00:00,72.516791,54550.0,REXB Route
13213,1,2025-10-01 18:07:55.765022+00:00,2025-10-01 18:09:33.425237+00:00,97.660215,54550.0,REXB Route
13213,2,2025-10-01 18:11:29.221395+00:00,2025-10-01 18:12:40.453022+00:00,71.231627,54550.0,REXB Route
13213,23,2025-10-01 18:17:31.604732+00:00,2025-10-01 18:17:40.707960+00:00,9.103228,54550.0,REXB Route
13213,17,2025-10-01 18:21:47.926899+00:00,2025-10-01 18:22:49.485996+00:00,61.559097,54550.0,REXB Route
13213,18,2025-10-01 18:23:41.485907+00:00,2025-10-01 18:24:16.336733+00:00,34.850826,54550.0,REXB Route
13213,19,2025-10-01 18:25:44.338701+00:00,2025-10-01 18:28:13.748695+00:00,149.409994,54550.0,REXB Route
13213,20,2025-10-01 18:29:15.440159+00:00,2025-10-01 18:29:59.176640+00:00,43.736481,54550.0,REXB Route
13213,21,2025-10-01 18:31:18.317494+00:00,2025-10-01 18:31:53.674994+00:00,35.3575,54550.0,REXB Route
13213,16,2025-10-01 18:32:54.961297+00:00,2025-10-01 18:33:04.041620+00:00,9.080323,54550.0,REXB Route
13213,22,2025-10-01 18:37:19.157699+00:00,2025-10-01 18:37:28.120734+00:00,8.963035,54550.0,REXB Route
13213,3,2025-10-01 18:40:43.275406+00:00,2025-10-01 18:41:36.139196+00:00,52.86379,54550.0,REXB Route
13213,1,2025-10-01 18:44:06.115405+00:00,2025-10-01 18:50:42.626346+00:00,396.510941,54550.0,REXB Route
13213,2,2025-10-01 18:58:02.529001+00:00,2025-10-01 18:59:30.242178+00:00,87.713177,54550.0,REXB Route
13213,23,2025-10-01 19:04:40.874202+00:00,2025-10-01 19:04:49.900261+00:00,9.026059,54550.0,REXB Route
13213,17,2025-10-01 19:11:55.513134+00:00,2025-10-01 19:12:13.088974+00:00,17.57584,54550.0,REXB Route
13213,18,2025-10-01 19:13:06.231091+00:00,2025-10-01 19:13:23.917199+00:00,17.686108,54550.0,REXB Route
13213,19,2025-10-01 19:15:28.145980+00:00,2025-10-01 19:16:55.579219+00:00,87.433239,54550.0,REXB Route
13213,20,2025-10-01 19:17:30.886198+00:00,2025-10-01 19:18:58.966437+00:00,88.080239,54550.0,REXB Route
13213,21,2025-10-01 19:20:00.053410+00:00,2025-10-01 19:21:18.929128+00:00,78.875718,54550.0,REXB Route
13213,16,2025-10-01 19:22:54.617998+00:00,2025-10-01 19:23:03.793171+00:00,9.175173,54550.0,REXB Route
13213,22,2025-10-01 19:28:53.809401+00:00,2025-10-01 19:29:02.768068+00:00,8.958667,54550.0,REXB Route
13213,3,2025-10-01 19:35:01.845842+00:00,2025-10-01 19:36:29.732738+00:00,87.886896,54550.0,REXB Route
13213,1,2025-10-01 19:39:34.792356+00:00,2025-10-01 19:41:11.887362+00:00,97.095006,54550.0,REXB Route
13213,2,2025-10-01 19:44:16.297929+00:00,2025-10-01 19:45:53.584410+00:00,97.286481,54550.0,REXB Route
13213,23,2025-10-01 19:54:20.663840+00:00,2025-10-01 19:54:29.402576+00:00,8.738736,54550.0,REXB Route
13213,17,2025-10-01 20:02:11.092263+00:00,2025-10-01 20:03:15.326936+00:00,64.234673,54550.0,REXB Route
13213,18,2025-10-01 20:04:35.331283+00:00,2025-10-01 20:04:53.188767+00:00,17.857484,54550.0,REXB Route
13213,19,2025-10-01 20:06:14.004684+00:00,2025-10-01 20:10:40.950089+00:00,266.945405,54550.0,REXB Route
13213,20,2025-10-01 20:12:37.252469+00:00,2025-10-01 20:13:40.509915+00:00,63.257446,54550.0,REXB Route
13213,21,2025-10-01 20:15:26.462602+00:00,2025-10-01 20:16:20.246605+00:00,53.784003,54550.0,REXB Route
13213,16,2025-10-01 20:18:34.527943+00:00,2025-10-01 20:18:43.505573+00:00,8.97763,54550.0,REXB Route
13213,22,2025-10-01 20:22:35.373160+00:00,2025-10-01 20:22:44.742871+00:00,9.369711,54550.0,REXB Route
13213,3,2025-10-01 20:26:52.977826+00:00,2025-10-01 20:27:37.122839+00:00,44.145013,54550.0,REXB Route
13213,1,2025-10-01 20:31:42.305180+00:00,2025-10-01 20:41:54.699604+00:00,612.394424,54550.0,REXB Route
13213,2,2025-10-01 20:43:14.024582+00:00,2025-10-01 20:44:06.902065+00:00,52.877483,54550.0,REXB Route
13213,23,2025-10-01 20:51:24.852635+00:00,2025-10-01 20:51:33.733711+00:00,8.881076,54550.0,REXB Route
13213,17,2025-10-01 20:58:23.923998+00:00,2025-10-01 20:59:42.399558+00:00,78.47556,54550.0,REXB Route
13213,18,2025-10-01 21:01:01.595370+00:00,2025-10-01 21:01:10.279911+00:00,8.684541,54550.0,REXB Route
13213,19,2025-10-01 21:02:37.278078+00:00,2025-10-01 21:03:47.085942+00:00,69.807864,54550.0,REXB Route
13213,20,2025-10-01 21:04:39.463494+00:00,2025-10-01 21:05:59.066885+00:00,79.603391,54550.0,REXB Route
13213,21,2025-10-01 21:07:36.837509+00:00,2025-10-01 21:08:30.080306+00:00,53.242797,54550.0,REXB Route
13213,16,2025-10-01 21:13:52.612889+00:00,2025-10-01 21:14:01.498466+00:00,8.885577,54550.0,REXB Route
13213,3,2025-10-01 21:32:14.236753+00:00,2025-10-01 21:33:24.004916+00:00,69.768163,54550.0,REXB Route
13213,1,2025-10-01 21:36:09.767525+00:00,2025-10-01 21:37:45.563749+00:00,95.796224,54550.0,REXB Route
13213,2,2025-10-01 21:39:03.715017+00:00,2025-10-01 21:40:04.813791+00:00,61.098774,54550.0,REXB Route
13213,23,2025-10-01 21:58:05.966041+00:00,2025-10-01 21:58:15.124443+00:00,9.158402,54550.0,REXB Route
13213,17,2025-10-01 22:03:03.890325+00:00,2025-10-01 22:04:05.472345+00:00,61.58202,54550.0,REXB Route
13213,18,2025-10-01 22:04:49.502348+00:00,2025-10-01 22:05:24.869607+00:00,35.367259,54550.0,REXB Route
13213,19,2025-10-01 22:06:44.081190+00:00,2025-10-01 22:07:45.861321+00:00,61.780131,54550.0,REXB Route
13213,20,2025-10-01 22:08:12.078720+00:00,2025-10-01 22:08:47.171231+00:00,35.092511,54550.0,REXB Route
13213,21,2025-10-01 22:10:06.957899+00:00,2025-10-01 22:10:43.046656+00:00,36.088757,54550.0,REXB Route
13213,16,2025-10-01 22:11:45.261002+00:00,2025-10-01 22:11:54.246678+00:00,8.985676,54550.0,REXB Route
13213,22,2025-10-01 22:16:52.913169+00:00,2025-10-01 22:17:01.898418+00:00,8.985249,54550.0,REXB Route
13213,3,2025-10-01 22:21:43.359705+00:00,2025-10-01 22:22:27.536605+00:00,44.1769,54550.0,REXB Route
13213,1,2025-10-01 22:25:05.238600+00:00,2025-10-01 22:38:16.602764+00:00,791.364164,54550.0,REXB Route
13213,2,2025-10-01 22:41:03.205756+00:00,2025-10-01 22:41:55.829855+00:00,52.624099,54550.0,REXB Route
13213,23,2025-10-01 22:51:44.628832+00:00,2025-10-01 22:51:53.850755+00:00,9.221923,54550.0,REXB Route
13213,17,2025-10-01 22:57:27.559840+00:00,2025-10-01 22:57:53.989387+00:00,26.429547,54550.0,REXB Route
13213,18,2025-10-01 22:58:46.989090+00:00,2025-10-01 22:59:22.492211+00:00,35.503121,54550.0,REXB Route
13213,19,2025-10-01 23:00:49.907213+00:00,2025-10-01 23:04:56.505224+00:00,246.598011,54550.0,REXB Route
13213,20,2025-10-01 23:05:58.421708+00:00,2025-10-01 23:06:34.153405+00:00,35.731697,54550.0,REXB Route
13213,21,2025-10-01 23:07:45.514156+00:00,2025-10-01 23:08:46.629619+00:00,61.115463,54550.0,REXB Route
13213,16,2025-10-01 23:12:26.059587+00:00,2025-10-01 23:12:34.917820+00:00,8.858233,54550.0,REXB Route
13213,22,2025-10-01 23:16:31.944659+00:00,2025-10-01 23:16:40.780553+00:00,8.835894,54550.0,REXB Route
13213,3,2025-10-01 23:20:18.727330+00:00,2025-10-01 23:20:54.155070+00:00,35.42774,54550.0,REXB Route
13213,1,2025-10-01 23:26:28.327545+00:00,2025-10-01 23:28:05.358446+00:00,97.030901,54550.0,REXB Route
13213,2,2025-10-01 23:29:24.340095+00:00,2025-10-01 23:30:08.289736+00:00,43.949641,54550.0,REXB Route
13213,23,2025-10-01 23:37:03.838386+00:00,2025-10-01 23:37:12.756305+00:00,8.917919,54550.0,REXB Route
13213,17,2025-10-01 23:42:02.552099+00:00,2025-10-01 23:43:22.218405+00:00,79.666306,54550.0,REXB Route
13213,18,2025-10-01 23:44:05.813404+00:00,2025-10-01 23:44:42.367132+00:00,36.553728,54550.0,REXB Route
13213,19,2025-10-01 23:46:01.731935+00:00,2025-10-01 23:46:54.814416+00:00,53.082481,54550.0,REXB Route
13213,20,2025-10-01 23:48:22.102571+00:00,2025-10-01 23:48:48.690688+00:00,26.588117,54550.0,REXB Route
13213,21,2025-10-01 23:49:58.636247+00:00,2025-10-01 23:50:34.319614+00:00,35.683367,54550.0,REXB Route
13213,16,2025-10-01 23:52:19.729083+00:00,2025-10-01 23:52:28.418343+00:00,8.68926,54550.0,REXB Route
13213,22,2025-10-01 23:54:57.143986+00:00,2025-10-01 23:55:05.899437+00:00,8.755451,54550.0,REXB Route
13213,3,2025-10-01 23:58:00.068248+00:00,2025-10-01 23:59:01.513645+00:00,61.445397,54550.0,REXB Route
13208,17,2025-10-01 11:00:31.059875+00:00,2025-10-01 11:01:48.212505+00:00,77.15263,54543.0,EE Route
13208,18,2025-10-01 11:02:30.881499+00:00,2025-10-01 11:04:39.278533+00:00,128.397034,54543.0,EE Route
13208,16,2025-10-01 11:07:05.673750+00:00,2025-10-01 11:07:14.509505+00:00,8.835755,54543.0,EE Route
13208,3,2025-10-01 11:13:15.904150+00:00,2025-10-01 11:13:59.162389+00:00,43.258239,54543.0,EE Route
13208,2,2025-10-01 11:16:52.001747+00:00,2025-10-01 11:18:27.000637+00:00,94.99889,54543.0,EE Route
13208,17,2025-10-01 11:25:30.803350+00:00,2025-10-01 11:27:23.817359+00:00,113.014009,54543.0,EE Route
13208,18,2025-10-01 11:28:23.920476+00:00,2025-10-01 11:29:07.641511+00:00,43.721035,54543.0,EE Route
13208,16,2025-10-01 11:31:17.598323+00:00,2025-10-01 11:31:26.370905+00:00,8.772582,54543.0,EE Route
13208,3,2025-10-01 11:37:03.794931+00:00,2025-10-01 11:37:55.987185+00:00,52.192254,54543.0,EE Route
13208,2,2025-10-01 11:40:57.711824+00:00,2025-10-01 11:42:41.476604+00:00,103.76478,54543.0,EE Route
13208,17,2025-10-01 11:49:47.743699+00:00,2025-10-01 11:52:49.398065+00:00,181.654366,54543.0,EE Route
13208,18,2025-10-01 11:53:32.460048+00:00,2025-10-01 11:54:50.596546+00:00,78.136498,54543.0,EE Route
13208,16,2025-10-01 11:58:36.820682+00:00,2025-10-01 11:58:45.546220+00:00,8.725538,54543.0,EE Route
13208,3,2025-10-01 12:04:58.808265+00:00,2025-10-01 12:05:42.353664+00:00,43.545399,54543.0,EE Route
13208,2,2025-10-01 12:10:02.231509+00:00,2025-10-01 12:11:11.863903+00:00,69.632394,54543.0,EE Route
13208,17,2025-10-01 12:21:58.349920+00:00,2025-10-01 12:22:41.588773+00:00,43.238853,54543.0,EE Route
13208,18,2025-10-01 12:24:08.437061+00:00,2025-10-01 12:24:43.281278+00:00,34.844217,54543.0,EE Route
13208,16,2025-10-01 12:28:29.096121+00:00,2025-10-01 12:28:37.821097+00:00,8.724976,54543.0,EE Route
13208,3,2025-10-01 12:35:59.403668+00:00,2025-10-01 12:36:51.515333+00:00,52.111665,54543.0,EE Route
13208,2,2025-10-01 12:40:36.713450+00:00,2025-10-01 12:41:29.346631+00:00,52.633181,54543.0,EE Route
13208,17,2025-10-01 12:48:00.669507+00:00,2025-10-01 12:48:52.713453+00:00,52.043946,54543.0,EE Route
13208,18,2025-10-01 12:57:14.943226+00:00,2025-10-01 12:58:24.539297+00:00,69.596071,54543.0,EE Route
13208,16,2025-10-01 13:01:26.115314+00:00,2025-10-01 13:01:34.870237+00:00,8.754923,54543.0,EE Route
13208,2,2025-10-01 13:10:16.252352+00:00,2025-10-01 13:10:59.920402+00:00,43.66805,54543.0,EE Route
13208,17,2025-10-01 13:16:46.227535+00:00,2025-10-01 13:17:29.537866+00:00,43.310331,54543.0,EE Route
13208,18,2025-10-01 13:18:04.594321+00:00,2025-10-01 13:19:23.094893+00:00,78.500572,54543.0,EE Route
13208,16,2025-10-01 13:21:33.698368+00:00,2025-10-01 13:21:42.520814+00:00,8.822446,54543.0,EE Route
13208,3,2025-10-01 13:26:55.568505+00:00,2025-10-01 13:27:39.270491+00:00,43.701986,54543.0,EE Route
13208,2,2025-10-01 13:32:00.719895+00:00,2025-10-01 13:32:44.397779+00:00,43.677884,54543.0,EE Route
13208,17,2025-10-01 13:40:28.501382+00:00,2025-10-01 13:42:38.680760+00:00,130.179378,54543.0,EE Route
13208,18,2025-10-01 13:43:13.277993+00:00,2025-10-01 13:44:15.691671+00:00,62.413678,54543.0,EE Route
13208,16,2025-10-01 13:47:44.287195+00:00,2025-10-01 13:47:53.134797+00:00,8.847602,54543.0,EE Route
13208,3,2025-10-01 13:54:07.151399+00:00,2025-10-01 13:55:34.227398+00:00,87.075999,54543.0,EE Route
13208,2,2025-10-01 13:59:54.847667+00:00,2025-10-01 14:00:47.208856+00:00,52.361189,54543.0,EE Route
13208,17,2025-10-01 14:08:57.084628+00:00,2025-10-01 14:10:06.811953+00:00,69.727325,54543.0,EE Route
13208,18,2025-10-01 14:11:07.530371+00:00,2025-10-01 14:12:17.696113+00:00,70.165742,54543.0,EE Route
13208,16,2025-10-01 14:15:47.099455+00:00,2025-10-01 14:15:55.875004+00:00,8.775549,54543.0,EE Route
13208,3,2025-10-01 14:21:01.337828+00:00,2025-10-01 14:22:10.718873+00:00,69.381045,54543.0,EE Route
13208,2,2025-10-01 14:25:48.354978+00:00,2025-10-01 14:26:31.766946+00:00,43.411968,54543.0,EE Route
13208,17,2025-10-01 14:33:56.858669+00:00,2025-10-01 14:34:23.263661+00:00,26.404992,54543.0,EE Route
13208,18,2025-10-01 14:41:31.148357+00:00,2025-10-01 14:42:06.325759+00:00,35.177402,54543.0,EE Route
13208,16,2025-10-01 14:45:18.381704+00:00,2025-10-01 14:45:27.292824+00:00,8.91112,54543.0,EE Route
13208,3,2025-10-01 14:50:15.931623+00:00,2025-10-01 14:51:17.954178+00:00,62.022555,54543.0,EE Route
13208,2,2025-10-01 14:54:47.650405+00:00,2025-10-01 14:56:06.397175+00:00,78.74677,54543.0,EE Route
13208,17,2025-10-01 15:03:39.947976+00:00,2025-10-01 15:04:50.663544+00:00,70.715568,54543.0,EE Route
13208,18,2025-10-01 15:06:00.500562+00:00,2025-10-01 15:07:19.162302+00:00,78.66174,54543.0,EE Route
13208,16,2025-10-01 15:11:13.971378+00:00,2025-10-01 15:11:22.946920+00:00,8.975542,54543.0,EE Route
13208,3,2025-10-01 15:16:11.276661+00:00,2025-10-01 15:17:21.862986+00:00,70.586325,54543.0,EE Route
13208,2,2025-10-01 15:21:46.271381+00:00,2025-10-01 15:22:56.387283+00:00,70.115902,54543.0,EE Route
13208,17,2025-10-01 15:30:13.848103+00:00,2025-10-01 15:31:32.975181+00:00,79.127078,54543.0,EE Route
13208,18,2025-10-01 15:32:16.916175+00:00,2025-10-01 15:33:44.243088+00:00,87.326913,54543.0,EE Route
13208,16,2025-10-01 15:37:23.553450+00:00,2025-10-01 15:37:32.417612+00:00,8.864162,54543.0,EE Route
13208,3,2025-10-01 15:43:48.252737+00:00,2025-10-01 15:45:15.223156+00:00,86.970419,54543.0,EE Route
13208,2,2025-10-01 15:50:46.667694+00:00,2025-10-01 15:52:22.695919+00:00,96.028225,54543.0,EE Route
13208,17,2025-10-01 16:01:42.614283+00:00,2025-10-01 16:03:01.078441+00:00,78.464158,54543.0,EE Route
13208,18,2025-10-01 16:03:53.798785+00:00,2025-10-01 16:05:12.970682+00:00,79.171897,54543.0,EE Route
13208,16,2025-10-01 16:08:26.841275+00:00,2025-10-01 16:08:35.713115+00:00,8.87184,54543.0,EE Route
13208,3,2025-10-01 16:14:17.939589+00:00,2025-10-01 16:15:01.617560+00:00,43.677971,54543.0,EE Route
13208,2,2025-10-01 16:19:33.992857+00:00,2025-10-01 16:20:26.578685+00:00,52.585828,54543.0,EE Route
13208,17,2025-10-01 16:27:43.949900+00:00,2025-10-01 16:33:34.443992+00:00,350.494092,54543.0,EE Route
13208,18,2025-10-01 16:38:59.520394+00:00,2025-10-01 16:40:00.514655+00:00,60.994261,54543.0,EE Route
13208,16,2025-10-01 16:44:15.079036+00:00,2025-10-01 16:44:24.189933+00:00,9.110897,54543.0,EE Route
13208,3,2025-10-01 16:49:12.696479+00:00,2025-10-01 16:50:22.873239+00:00,70.17676,54543.0,EE Route
13208,2,2025-10-01 16:54:10.562242+00:00,2025-10-01 16:55:12.691020+00:00,62.128778,54543.0,EE Route
13208,17,2025-10-01 17:02:57.906343+00:00,2025-10-01 17:03:42.388421+00:00,44.482078,54543.0,EE Route
13208,18,2025-10-01 17:04:26.540734+00:00,2025-10-01 17:05:36.704578+00:00,70.163844,54543.0,EE Route
13208,16,2025-10-01 17:08:33.412321+00:00,2025-10-01 17:08:42.378921+00:00,8.9666,54543.0,EE Route
13208,3,2025-10-01 17:14:44.284059+00:00,2025-10-01 17:16:03.253832+00:00,78.969773,54543.0,EE Route
13208,2,2025-10-01 17:20:18.073605+00:00,2025-10-01 17:21:37.894436+00:00,79.820831,54543.0,EE Route
13208,17,2025-10-01 17:29:14.087739+00:00,2025-10-01 17:30:33.611782+00:00,79.524043,54543.0,EE Route
13208,18,2025-10-01 17:31:17.409437+00:00,2025-10-01 17:32:53.370982+00:00,95.961545,54543.0,EE Route
13208,16,2025-10-01 17:36:22.267438+00:00,2025-10-01 17:36:31.058208+00:00,8.79077,54543.0,EE Route
13208,3,2025-10-01 17:44:59.082621+00:00,2025-10-01 17:46:10.094656+00:00,71.012035,54543.0,EE Route
13208,2,2025-10-01 17:50:16.461478+00:00,2025-10-01 17:51:34.923610+00:00,78.462132,54543.0,EE Route
13208,17,2025-10-01 18:01:39.540351+00:00,2025-10-01 18:03:18.311853+00:00,98.771502,54543.0,EE Route
13208,18,2025-10-01 18:12:04.861358+00:00,2025-10-01 18:12:40.520420+00:00,35.659062,54543.0,EE Route
13208,16,2025-10-01 18:15:37.361892+00:00,2025-10-01 18:15:46.169955+00:00,8.808063,54543.0,EE Route
13208,3,2025-10-01 18:20:27.909003+00:00,2025-10-01 18:21:56.798639+00:00,88.889636,54543.0,EE Route
13208,2,2025-10-01 18:28:22.473978+00:00,2025-10-01 18:29:06.409551+00:00,43.935573,54543.0,EE Route
13208,17,2025-10-01 18:37:54.717868+00:00,2025-10-01 18:38:12.653614+00:00,17.935746,54543.0,EE Route
13208,18,2025-10-01 18:49:58.396856+00:00,2025-10-01 18:50:42.699906+00:00,44.30305,54543.0,EE Route
13208,16,2025-10-01 18:53:03.607311+00:00,2025-10-01 18:53:12.367378+00:00,8.760067,54543.0,EE Route
13208,3,2025-10-01 19:00:05.838831+00:00,2025-10-01 19:02:45.804252+00:00,159.965421,54543.0,EE Route
13208,2,2025-10-01 19:07:46.488980+00:00,2025-10-01 19:09:05.539666+00:00,79.050686,54543.0,EE Route
13208,17,2025-10-01 19:21:44.995419+00:00,2025-10-01 19:23:21.286338+00:00,96.290919,54543.0,EE Route
13208,18,2025-10-01 19:24:57.004042+00:00,2025-10-01 19:26:07.584768+00:00,70.580726,54543.0,EE Route
13208,16,2025-10-01 19:31:48.604410+00:00,2025-10-01 19:31:57.448928+00:00,8.844518,54543.0,EE Route
13208,3,2025-10-01 19:41:55.864785+00:00,2025-10-01 19:43:06.256188+00:00,70.391403,54543.0,EE Route
13208,2,2025-10-01 19:50:15.628961+00:00,2025-10-01 19:50:24.534023+00:00,8.905062,54543.0,EE Route
13208,17,2025-10-01 20:11:16.565939+00:00,2025-10-01 20:13:31.296440+00:00,134.730501,54543.0,EE Route
13208,18,2025-10-01 20:14:24.537409+00:00,2025-10-01 20:15:17.617343+00:00,53.079934,54543.0,EE Route
13208,16,2025-10-01 20:19:54.327718+00:00,2025-10-01 20:20:03.245791+00:00,8.918073,54543.0,EE Route
13208,3,2025-10-01 20:25:07.110724+00:00,2025-10-01 20:25:51.696422+00:00,44.585698,54543.0,EE Route
13208,2,2025-10-01 20:47:11.243385+00:00,2025-10-01 20:47:54.857002+00:00,43.613617,54543.0,EE Route
13208,17,2025-10-01 21:03:20.657723+00:00,2025-10-01 21:03:29.412502+00:00,8.754779,54543.0,EE Route
13208,18,2025-10-01 21:04:48.286085+00:00,2025-10-01 21:05:32.153577+00:00,43.867492,54543.0,EE Route
13208,16,2025-10-01 21:09:48.877649+00:00,2025-10-01 21:09:57.979226+00:00,9.101577,54543.0,EE Route
13208,3,2025-10-01 21:18:04.913261+00:00,2025-10-01 21:19:05.968143+00:00,61.054882,54543.0,EE Route
13208,2,2025-10-01 21:28:52.618159+00:00,2025-10-01 21:31:56.562109+00:00,183.94395,54543.0,EE Route
13208,17,2025-10-01 21:59:51.190842+00:00,2025-10-01 22:01:01.673758+00:00,70.482916,54543.0,EE Route
13208,18,2025-10-01 22:02:02.913763+00:00,2025-10-01 22:03:04.029521+00:00,61.115758,54543.0,EE Route
13208,16,2025-10-01 22:06:44.162909+00:00,2025-10-01 22:06:53.048952+00:00,8.886043,54543.0,EE Route
13208,3,2025-10-01 22:11:18.607938+00:00,2025-10-01 22:12:03.377834+00:00,44.769896,54543.0,EE Route
13208,2,2025-10-01 22:39:53.073109+00:00,2025-10-01 22:40:36.894818+00:00,43.821709,54543.0,EE Route
13208,17,2025-10-01 22:53:56.263322+00:00,2025-10-01 22:54:48.912472+00:00,52.64915,54543.0,EE Route
13208,18,2025-10-01 22:55:50.286709+00:00,2025-10-01 22:56:07.953335+00:00,17.666626,54543.0,EE Route
13208,16,2025-10-01 22:58:56.099390+00:00,2025-10-01 22:59:04.884622+00:00,8.785232,54543.0,EE Route
13208,3,2025-10-01 23:05:23.087092+00:00,2025-10-01 23:06:34.294716+00:00,71.207624,54543.0,EE Route
13208,2,2025-10-01 23:11:33.170856+00:00,2025-10-01 23:12:26.222205+00:00,53.051349,54543.0,EE Route
13208,17,2025-10-01 23:26:19.550535+00:00,2025-10-01 23:27:12.525103+00:00,52.974568,54543.0,EE Route
13208,18,2025-10-01 23:28:14.150711+00:00,2025-10-01 23:29:15.526002+00:00,61.375291,54543.0,EE Route
13208,16,2025-10-01 23:32:38.157626+00:00,2025-10-01 23:32:47.050465+00:00,8.892839,54543.0,EE Route
13208,3,2025-10-01 23:37:47.540636+00:00,2025-10-01 23:38:48.945695+00:00,61.405059,54543.0,EE Route
13208,2,2025-10-01 23:46:10.517359+00:00,2025-10-01 23:46:45.609432+00:00,35.092073,54543.0,EE Route
13208,17,2025-10-01 23:54:22.229115+00:00,2025-10-01 23:56:24.152002+00:00,121.922887,54543.0,EE Route
13208,18,2025-10-01 23:57:07.753354+00:00,2025-10-01 23:57:42.636697+00:00,34.883343,54543.0,EE Route
13208,16,2025-10-02 00:00:20.423999+00:00,2025-10-02 00:00:29.187448+00:00,8.763449,54543.0,EE Route
13208,3,2025-10-02 00:06:06.774491+00:00,2025-10-02 00:06:51.047961+00:00,44.27347,54543.0,EE Route
13209,8,2025-10-01 19:43:41.226941+00:00,2025-10-01 19:47:11.810040+00:00,210.583099,,
13209,16,2025-10-01 19:49:40.684112+00:00,2025-10-01 19:50:15.799169+00:00,35.115057,,
13209,17,2025-10-01 19:51:16.555848+00:00,2025-10-01 19:51:34.143413+00:00,17.587565,,
13209,18,2025-10-01 19:52:00.240380+00:00,2025-10-01 19:55:57.235241+00:00,236.994861,,
13209,5,2025-10-01 19:58:26.480627+00:00,2025-10-01 19:58:44.132470+00:00,17.651843,,
13209,3,2025-10-01 19:59:45.642911+00:00,2025-10-01 20:00:48.620130+00:00,62.977219,,
13209,19,2025-10-01 20:02:48.537636+00:00,2025-10-01 20:02:57.582671+00:00,9.045035,,
13209,8,2025-10-01 20:36:40.067420+00:00,2025-10-01 20:37:50.031859+00:00,69.964439,,
13209,16,2025-10-01 20:39:25.769175+00:00,2025-10-01 20:40:35.675079+00:00,69.905904,,
13209,17,2025-10-01 20:42:03.430276+00:00,2025-10-01 20:42:21.422894+00:00,17.992618,,
13209,18,2025-10-01 20:42:47.851701+00:00,2025-10-01 20:43:49.127647+00:00,61.275946,,
13209,5,2025-10-01 20:44:50.928886+00:00,2025-10-01 20:45:17.552148+00:00,26.623262,,
13209,3,2025-10-01 20:47:54.866015+00:00,2025-10-01 20:48:03.898497+00:00,9.032482,,
13209,19,2025-10-01 20:50:40.774144+00:00,2025-10-01 20:51:24.972121+00:00,44.197977,,
13209,8,2025-10-01 21:31:47.762474+00:00,2025-10-01 21:32:23.140560+00:00,35.378086,,
13209,16,2025-10-01 21:34:59.932776+00:00,2025-10-01 21:35:26.499232+00:00,26.566456,,
13209,17,2025-10-01 21:36:36.106336+00:00,2025-10-01 21:36:44.868055+00:00,8.761719,,
13209,18,2025-10-01 21:37:02.257048+00:00,2025-10-01 21:37:36.832712+00:00,34.575664,,
13209,5,2025-10-01 21:41:23.735951+00:00,2025-10-01 21:41:41.268044+00:00,17.532093,,
13209,3,2025-10-01 21:42:50.660861+00:00,2025-10-01 21:43:08.019208+00:00,17.358347,,
13209,19,2025-10-01 21:44:43.485369+00:00,2025-10-01 21:44:52.299824+00:00,8.814455,,
13209,8,2025-10-01 22:03:12.638005+00:00,2025-10-01 22:05:24.941622+00:00,132.303617,,
13209,16,2025-10-01 22:07:28.030779+00:00,2025-10-01 22:07:54.726758+00:00,26.695979,,
13209,18,2025-10-01 22:09:13.466195+00:00,2025-10-01 22:10:51.983709+00:00,98.517514,,
13209,5,2025-10-01 22:12:55.767269+00:00,2025-10-01 22:13:04.691063+00:00,8.923794,,
13209,3,2025-10-01 22:15:33.787843+00:00,2025-10-01 22:16:00.157978+00:00,26.370135,,
13209,19,2025-10-01 22:18:20.827042+00:00,2025-10-01 22:18:47.330736+00:00,26.503694,,
13209,8,2025-10-01 22:38:07.581330+00:00,2025-10-01 22:44:34.098404+00:00,386.517074,,
13209,16,2025-10-01 22:46:37.251318+00:00,2025-10-01 22:49:06.250372+00:00,148.999054,,
13209,17,2025-10-01 22:49:32.419475+00:00,2025-10-01 22:49:41.365431+00:00,8.945956,,
13209,18,2025-10-01 22:51:44.714701+00:00,2025-10-01 22:55:15.310415+00:00,210.595714,,
13209,5,2025-10-01 22:56:17.028143+00:00,2025-10-01 22:56:43.579660+00:00,26.551517,,
13209,3,2025-10-01 22:58:02.755778+00:00,2025-10-01 22:58:20.509352+00:00,17.753574,,
13209,19,2025-10-01 22:59:40.036945+00:00,2025-10-01 23:01:51.716666+00:00,131.679721,,
13209,8,2025-10-01 23:50:07.688211+00:00,2025-10-01 23:55:14.711361+00:00,307.02315,,
13209,16,2025-10-01 23:57:16.576552+00:00,2025-10-01 23:57:42.701906+00:00,26.125354,,
13209,7,2025-10-01 23:59:27.546222+00:00,2025-10-02 00:00:29.245982+00:00,61.69976,,
13209,17,2025-10-02 00:02:14.318769+00:00,2025-10-02 00:02:23.196501+00:00,8.877732,,
13209,18,2025-10-02 00:02:58.120615+00:00,2025-10-02 00:03:51.143188+00:00,53.022573,,
13209,5,2025-10-02 00:05:02.975275+00:00,2025-10-02 00:05:21.399885+00:00,18.42461,,
13209,3,2025-10-02 00:06:33.442416+00:00,2025-10-02 00:07:00.568921+00:00,27.126505,,
13209,19,2025-10-02 00:09:06.902637+00:00,2025-10-02 00:09:42.660212+00:00,35.757575,,
4862,17,2025-10-01 11:07:22.949286+00:00,2025-10-01 11:08:14.526790+00:00,51.577504,54543.0,EE Route
4862,18,2025-10-01 11:09:14.402823+00:00,2025-10-01 11:09:31.821989+00:00,17.419166,54543.0,EE Route
4862,19,2025-10-01 11:10:57.984625+00:00,2025-10-01 11:11:58.165720+00:00,60.181095,54543.0,EE Route
4862,20,2025-10-01 11:13:50.399411+00:00,2025-10-01 11:14:25.137238+00:00,34.737827,54543.0,EE Route
4862,21,2025-10-01 11:15:42.881503+00:00,2025-10-01 11:16:08.618766+00:00,25.737263,54543.0,EE Route
4862,16,2025-10-01 11:18:00.589250+00:00,2025-10-01 11:18:09.512537+00:00,8.923287,54543.0,EE Route
4862,22,2025-10-01 11:22:20.327552+00:00,2025-10-01 11:22:29.089504+00:00,8.761952,54543.0,EE Route
4862,3,2025-10-01 11:25:56.813319+00:00,2025-10-01 11:26:23.056136+00:00,26.242817,54543.0,EE Route
4862,1,2025-10-01 11:28:41.166274+00:00,2025-10-01 11:31:52.414703+00:00,191.248429,54543.0,EE Route
4862,2,2025-10-01 11:33:01.740186+00:00,2025-10-01 11:33:27.738453+00:00,25.998267,54543.0,EE Route
4862,23,2025-10-01 11:39:22.375368+00:00,2025-10-01 11:39:31.194763+00:00,8.819395,54543.0,EE Route
4862,17,2025-10-01 11:43:15.763306+00:00,2025-10-01 11:44:52.817394+00:00,97.054088,54543.0,EE Route
4862,18,2025-10-01 11:45:53.721649+00:00,2025-10-01 11:46:46.237935+00:00,52.516286,54543.0,EE Route
4862,19,2025-10-01 11:48:12.670039+00:00,2025-10-01 11:49:21.612925+00:00,68.942886,54543.0,EE Route
4862,20,2025-10-01 11:51:05.828943+00:00,2025-10-01 11:52:06.082904+00:00,60.253961,54543.0,EE Route
4862,21,2025-10-01 11:53:49.798095+00:00,2025-10-01 11:54:33.108423+00:00,43.310328,54543.0,EE Route
4862,16,2025-10-01 11:57:10.442356+00:00,2025-10-01 11:57:19.373822+00:00,8.931466,54543.0,EE Route
4862,22,2025-10-01 12:02:04.528707+00:00,2025-10-01 12:02:13.212199+00:00,8.683492,54543.0,EE Route
4862,3,2025-10-01 12:06:17.263852+00:00,2025-10-01 12:07:17.944733+00:00,60.680881,54543.0,EE Route
4862,1,2025-10-01 12:09:53.699289+00:00,2025-10-01 12:10:45.671775+00:00,51.972486,54543.0,EE Route
4862,2,2025-10-01 12:12:03.631801+00:00,2025-10-01 12:12:55.484618+00:00,51.852817,54543.0,EE Route
4862,23,2025-10-01 12:17:39.346631+00:00,2025-10-01 12:17:48.106717+00:00,8.760086,54543.0,EE Route
4862,17,2025-10-01 12:22:24.087094+00:00,2025-10-01 12:23:33.793446+00:00,69.706352,54543.0,EE Route
4862,18,2025-10-01 12:24:17.203338+00:00,2025-10-01 12:25:09.818272+00:00,52.614934,54543.0,EE Route
4862,19,2025-10-01 12:27:02.388181+00:00,2025-10-01 12:28:29.236280+00:00,86.848099,54543.0,EE Route
4862,20,2025-10-01 12:29:20.986506+00:00,2025-10-01 12:29:38.668193+00:00,17.681687,54543.0,EE Route
4862,21,2025-10-01 12:31:13.771804+00:00,2025-10-01 12:31:48.618248+00:00,34.846444,54543.0,EE Route
4862,16,2025-10-01 12:33:32.652026+00:00,2025-10-01 12:33:41.364078+00:00,8.712052,54543.0,EE Route
4862,22,2025-10-01 12:39:18.691179+00:00,2025-10-01 12:39:27.382637+00:00,8.691458,54543.0,EE Route
4862,3,2025-10-01 12:42:56.334108+00:00,2025-10-01 12:43:48.601387+00:00,52.267279,54543.0,EE Route
4862,1,2025-10-01 12:45:49.823364+00:00,2025-10-01 12:53:56.145463+00:00,486.322099,54543.0,EE Route
4862,2,2025-10-01 12:55:31.267625+00:00,2025-10-01 12:55:57.214046+00:00,25.946421,54543.0,EE Route
4862,23,2025-10-01 13:04:36.904583+00:00,2025-10-01 13:04:45.598221+00:00,8.693638,54543.0,EE Route
4862,17,2025-10-01 13:09:15.499278+00:00,2025-10-01 13:10:25.008949+00:00,69.509671,54543.0,EE Route
4862,18,2025-10-01 13:11:17.147402+00:00,2025-10-01 13:12:00.445225+00:00,43.297823,54543.0,EE Route
4862,19,2025-10-01 13:13:35.212759+00:00,2025-10-01 13:14:53.460524+00:00,78.247765,54543.0,EE Route
4862,20,2025-10-01 13:15:54.580926+00:00,2025-10-01 13:16:20.634800+00:00,26.053874,54543.0,EE Route
4862,21,2025-10-01 13:17:38.236192+00:00,2025-10-01 13:18:13.456510+00:00,35.220318,54543.0,EE Route
4862,16,2025-10-01 13:19:14.345369+00:00,2025-10-01 13:19:23.156562+00:00,8.811193,54543.0,EE Route
4862,22,2025-10-01 13:23:44.250132+00:00,2025-10-01 13:23:53.125628+00:00,8.875496,54543.0,EE Route
4862,3,2025-10-01 13:27:57.523738+00:00,2025-10-01 13:29:07.051712+00:00,69.527974,54543.0,EE Route
4862,1,2025-10-01 13:31:25.902099+00:00,2025-10-01 13:32:53.258423+00:00,87.356324,54543.0,EE Route
4862,2,2025-10-01 13:34:21.491586+00:00,2025-10-01 13:35:22.993946+00:00,61.50236,54543.0,EE Route
4862,23,2025-10-01 13:39:36.294329+00:00,2025-10-01 13:39:45.070949+00:00,8.77662,54543.0,EE Route
4862,17,2025-10-01 13:44:24.234097+00:00,2025-10-01 13:45:16.223080+00:00,51.988983,54543.0,EE Route
4862,18,2025-10-01 13:46:17.140537+00:00,2025-10-01 13:47:18.226104+00:00,61.085567,54543.0,EE Route
4862,19,2025-10-01 13:49:03.206425+00:00,2025-10-01 13:50:30.941885+00:00,87.73546,54543.0,EE Route
4862,20,2025-10-01 13:52:14.328632+00:00,2025-10-01 13:53:15.394910+00:00,61.066278,54543.0,EE Route
4862,21,2025-10-01 13:54:41.768967+00:00,2025-10-01 13:56:00.291875+00:00,78.522908,54543.0,EE Route
4862,16,2025-10-01 13:57:27.751459+00:00,2025-10-01 13:57:36.466140+00:00,8.714681,54543.0,EE Route
4862,22,2025-10-01 14:01:13.537592+00:00,2025-10-01 14:01:22.773463+00:00,9.235871,54543.0,EE Route
4862,3,2025-10-01 14:05:19.289662+00:00,2025-10-01 14:06:55.032501+00:00,95.742839,54543.0,EE Route
4862,1,2025-10-01 14:09:05.770445+00:00,2025-10-01 14:10:59.004029+00:00,113.233584,54543.0,EE Route
4862,2,2025-10-01 14:13:27.119180+00:00,2025-10-01 14:14:37.162366+00:00,70.043186,54543.0,EE Route
4862,23,2025-10-01 14:19:07.819400+00:00,2025-10-01 14:19:16.732423+00:00,8.913023,54543.0,EE Route
4862,17,2025-10-01 14:24:55.698899+00:00,2025-10-01 14:25:39.428135+00:00,43.729236,54543.0,EE Route
4862,18,2025-10-01 14:26:40.476373+00:00,2025-10-01 14:27:15.497988+00:00,35.021615,54543.0,EE Route
4862,19,2025-10-01 14:28:51.326920+00:00,2025-10-01 14:30:10.103852+00:00,78.776932,54543.0,EE Route
4862,20,2025-10-01 14:31:02.248193+00:00,2025-10-01 14:31:28.450830+00:00,26.202637,54543.0,EE Route
4862,21,2025-10-01 14:32:47.033565+00:00,2025-10-01 14:33:39.408972+00:00,52.375407,54543.0,EE Route
4862,16,2025-10-01 14:35:41.742810+00:00,2025-10-01 14:35:50.547764+00:00,8.804954,54543.0,EE Route
4862,22,2025-10-01 14:40:47.556764+00:00,2025-10-01 14:40:56.281781+00:00,8.725017,54543.0,EE Route
4862,3,2025-10-01 14:44:17.331892+00:00,2025-10-01 14:45:09.533751+00:00,52.201859,54543.0,EE Route
4862,1,2025-10-01 14:47:29.520627+00:00,2025-10-01 14:55:22.250009+00:00,472.729382,54543.0,EE Route
4862,2,2025-10-01 14:56:49.714955+00:00,2025-10-01 14:57:33.386644+00:00,43.671689,54543.0,EE Route
4862,23,2025-10-01 15:03:31.140555+00:00,2025-10-01 15:03:40.105129+00:00,8.964574,54543.0,EE Route
4862,17,2025-10-01 15:08:37.334242+00:00,2025-10-01 15:09:47.012932+00:00,69.67869,54543.0,EE Route
4862,18,2025-10-01 15:11:05.391325+00:00,2025-10-01 15:12:41.493149+00:00,96.101824,54543.0,EE Route
4862,19,2025-10-01 15:14:34.760253+00:00,2025-10-01 15:15:53.949957+00:00,79.189704,54543.0,EE Route
4862,20,2025-10-01 15:16:46.529416+00:00,2025-10-01 15:17:13.275890+00:00,26.746474,54543.0,EE Route
4862,21,2025-10-01 15:18:50.181645+00:00,2025-10-01 15:19:34.176838+00:00,43.995193,54543.0,EE Route
4862,16,2025-10-01 15:21:02.533209+00:00,2025-10-01 15:21:11.457152+00:00,8.923943,54543.0,EE Route
4862,22,2025-10-01 15:28:28.997552+00:00,2025-10-01 15:28:37.851336+00:00,8.853784,54543.0,EE Route
4862,3,2025-10-01 15:32:25.718196+00:00,2025-10-01 15:33:53.260707+00:00,87.542511,54543.0,EE Route
4862,1,2025-10-01 15:36:22.046339+00:00,2025-10-01 15:37:41.194839+00:00,79.1485,54543.0,EE Route
4862,2,2025-10-01 15:39:43.463753+00:00,2025-10-01 15:40:53.562460+00:00,70.098707,54543.0,EE Route
4862,23,2025-10-01 15:46:33.886113+00:00,2025-10-01 15:46:42.640637+00:00,8.754524,54543.0,EE Route
4862,17,2025-10-01 15:52:31.413691+00:00,2025-10-01 15:53:49.945258+00:00,78.531567,54543.0,EE Route
4862,18,2025-10-01 15:54:42.671316+00:00,2025-10-01 15:55:44.177696+00:00,61.50638,54543.0,EE Route
4862,19,2025-10-01 15:57:11.455243+00:00,2025-10-01 15:58:47.573338+00:00,96.118095,54543.0,EE Route
4862,20,2025-10-01 16:00:15.073163+00:00,2025-10-01 16:00:59.065722+00:00,43.992559,54543.0,EE Route
4862,21,2025-10-01 16:02:43.702986+00:00,2025-10-01 16:04:02.703787+00:00,79.000801,54543.0,EE Route
4862,16,2025-10-01 16:05:48.289608+00:00,2025-10-01 16:05:57.067375+00:00,8.777767,54543.0,EE Route
4862,22,2025-10-01 16:10:38.969048+00:00,2025-10-01 16:10:47.839258+00:00,8.87021,54543.0,EE Route
4862,3,2025-10-01 16:14:35.352317+00:00,2025-10-01 16:15:45.932824+00:00,70.580507,54543.0,EE Route
4862,1,2025-10-01 16:18:41.124826+00:00,2025-10-01 16:20:09.156050+00:00,88.031224,54543.0,EE Route
4862,2,2025-10-01 16:22:12.171690+00:00,2025-10-01 16:23:39.154299+00:00,86.982609,54543.0,EE Route
4862,23,2025-10-01 16:29:02.885164+00:00,2025-10-01 16:29:11.654862+00:00,8.769698,54543.0,EE Route
4862,17,2025-10-01 16:33:43.191169+00:00,2025-10-01 16:34:52.986004+00:00,69.794835,54543.0,EE Route
4862,18,2025-10-01 16:35:46.011175+00:00,2025-10-01 16:36:30.731164+00:00,44.719989,54543.0,EE Route
4862,19,2025-10-01 16:38:07.275915+00:00,2025-10-01 16:39:25.663426+00:00,78.387511,54543.0,EE Route
4862,20,2025-10-01 16:40:17.761107+00:00,2025-10-01 16:40:52.959936+00:00,35.198829,54543.0,EE Route
4862,21,2025-10-01 16:42:11.505070+00:00,2025-10-01 16:42:55.777225+00:00,44.272155,54543.0,EE Route
4862,16,2025-10-01 16:44:50.444492+00:00,2025-10-01 16:44:59.444737+00:00,9.000245,54543.0,EE Route
4862,22,2025-10-01 16:48:55.442917+00:00,2025-10-01 16:49:04.118554+00:00,8.675637,54543.0,EE Route
4862,3,2025-10-01 16:52:16.733425+00:00,2025-10-01 16:53:00.494283+00:00,43.760858,54543.0,EE Route
4862,1,2025-10-01 16:55:12.692924+00:00,2025-10-01 16:56:32.056776+00:00,79.363852,54543.0,EE Route
4862,2,2025-10-01 17:06:47.879079+00:00,2025-10-01 17:07:49.427674+00:00,61.548595,54543.0,EE Route
4862,23,2025-10-01 17:13:16.146404+00:00,2025-10-01 17:13:25.015040+00:00,8.868636,54543.0,EE Route
4862,17,2025-10-01 17:17:57.920339+00:00,2025-10-01 17:24:59.637164+00:00,421.716825,54543.0,EE Route
4862,18,2025-10-01 17:26:00.930045+00:00,2025-10-01 17:26:53.741441+00:00,52.811396,54543.0,EE Route
4862,19,2025-10-01 17:28:21.282699+00:00,2025-10-01 17:29:14.226402+00:00,52.943703,54543.0,EE Route
4862,20,2025-10-01 17:29:58.253156+00:00,2025-10-01 17:30:33.667440+00:00,35.414284,54543.0,EE Route
4862,21,2025-10-01 17:32:01.029448+00:00,2025-10-01 17:32:09.878291+00:00,8.848843,54543.0,EE Route
4862,16,2025-10-01 17:35:21.067538+00:00,2025-10-01 17:35:29.880785+00:00,8.813247,54543.0,EE Route
4862,22,2025-10-01 17:39:09.423995+00:00,2025-10-01 17:39:18.591997+00:00,9.168002,54543.0,EE Route
4862,3,2025-10-01 17:46:54.571558+00:00,2025-10-01 17:47:47.198903+00:00,52.627345,54543.0,EE Route
4862,1,2025-10-01 17:50:07.730646+00:00,2025-10-01 17:51:51.984501+00:00,104.253855,54543.0,EE Route
4862,2,2025-10-01 17:53:01.644588+00:00,2025-10-01 17:53:45.929109+00:00,44.284521,54543.0,EE Route
4862,23,2025-10-01 17:59:35.708515+00:00,2025-10-01 17:59:44.737567+00:00,9.029052,54543.0,EE Route
4862,17,2025-10-01 18:04:12.095242+00:00,2025-10-01 18:05:15.572388+00:00,63.477146,54543.0,EE Route
4862,18,2025-10-01 18:05:51.499107+00:00,2025-10-01 18:06:36.061895+00:00,44.562788,54543.0,EE Route
4862,19,2025-10-01 18:07:55.857615+00:00,2025-10-01 18:09:15.652403+00:00,79.794788,54543.0,EE Route
4862,20,2025-10-01 18:10:26.512652+00:00,2025-10-01 18:11:01.819673+00:00,35.307021,54543.0,EE Route
4862,21,2025-10-01 18:12:04.945429+00:00,2025-10-01 18:12:49.301792+00:00,44.356363,54543.0,EE Route
4862,16,2025-10-01 18:14:52.519148+00:00,2025-10-01 18:15:01.455719+00:00,8.936571,54543.0,EE Route
4862,22,2025-10-01 18:18:51.184721+00:00,2025-10-01 18:19:00.139249+00:00,8.954528,54543.0,EE Route
4862,3,2025-10-01 18:22:05.517373+00:00,2025-10-01 18:22:40.731510+00:00,35.214137,54543.0,EE Route
4862,1,2025-10-01 18:28:04.972316+00:00,2025-10-01 18:28:48.924225+00:00,43.951909,54543.0,EE Route
4862,2,2025-10-01 18:30:34.370291+00:00,2025-10-01 18:34:05.784309+00:00,211.414018,54543.0,EE Route
4862,23,2025-10-01 18:38:12.658925+00:00,2025-10-01 18:38:21.728115+00:00,9.06919,54543.0,EE Route
4862,17,2025-10-01 18:42:11.327529+00:00,2025-10-01 18:44:06.236371+00:00,114.908842,54543.0,EE Route
4862,18,2025-10-01 18:45:07.199410+00:00,2025-10-01 18:45:25.227010+00:00,18.0276,54543.0,EE Route
4862,19,2025-10-01 18:47:01.465081+00:00,2025-10-01 18:47:54.734397+00:00,53.269316,54543.0,EE Route
4862,20,2025-10-01 18:49:40.638574+00:00,2025-10-01 18:50:24.953245+00:00,44.314671,54543.0,EE Route
4862,21,2025-10-01 18:51:35.563127+00:00,2025-10-01 18:52:28.038196+00:00,52.475069,54543.0,EE Route
4862,16,2025-10-01 18:55:23.620243+00:00,2025-10-01 18:55:32.670237+00:00,9.049994,54543.0,EE Route
4862,22,2025-10-01 18:59:38.944814+00:00,2025-10-01 18:59:47.941394+00:00,8.99658,54543.0,EE Route
4862,3,2025-10-01 19:03:47.953779+00:00,2025-10-01 19:07:02.650102+00:00,194.696323,54543.0,EE Route
4862,1,2025-10-01 19:09:49.886217+00:00,2025-10-01 19:11:02.225016+00:00,72.338799,54543.0,EE Route
4862,2,2025-10-01 19:13:41.671115+00:00,2025-10-01 19:14:07.961490+00:00,26.290375,54543.0,EE Route
4862,23,2025-10-01 19:23:55.606223+00:00,2025-10-01 19:24:04.582043+00:00,8.97582,54543.0,EE Route
4862,17,2025-10-01 19:30:47.555022+00:00,2025-10-01 19:30:56.461299+00:00,8.906277,54543.0,EE Route
4862,18,2025-10-01 19:32:32.418354+00:00,2025-10-01 19:33:51.599187+00:00,79.180833,54543.0,EE Route
4862,19,2025-10-01 19:35:37.112757+00:00,2025-10-01 19:36:56.117188+00:00,79.004431,54543.0,EE Route
4862,20,2025-10-01 19:38:15.289021+00:00,2025-10-01 19:38:59.696376+00:00,44.407355,54543.0,EE Route
4862,21,2025-10-01 19:40:19.584933+00:00,2025-10-01 19:41:38.265004+00:00,78.680071,54543.0,EE Route
4862,16,2025-10-01 19:43:32.121013+00:00,2025-10-01 19:43:41.315866+00:00,9.194853,54543.0,EE Route
4862,22,2025-10-01 19:48:47.868212+00:00,2025-10-01 19:48:56.629285+00:00,8.761073,54543.0,EE Route
4862,3,2025-10-01 19:54:02.735672+00:00,2025-10-01 19:55:04.758838+00:00,62.023166,54543.0,EE Route
4862,1,2025-10-01 19:58:44.140032+00:00,2025-10-01 19:59:54.402170+00:00,70.262138,54543.0,EE Route
4862,2,2025-10-01 20:01:06.076540+00:00,2025-10-01 20:02:11.230277+00:00,65.153737,54543.0,EE Route
4862,23,2025-10-01 20:11:34.328787+00:00,2025-10-01 20:11:43.560427+00:00,9.23164,54543.0,EE Route
4862,17,2025-10-01 20:20:12.554964+00:00,2025-10-01 20:20:48.418479+00:00,35.863515,54543.0,EE Route
4862,18,2025-10-01 20:21:50.599643+00:00,2025-10-01 20:23:38.144275+00:00,107.544632,54543.0,EE Route
4862,19,2025-10-01 20:24:40.196688+00:00,2025-10-01 20:25:33.824226+00:00,53.627538,54543.0,EE Route
4862,20,2025-10-01 20:26:26.597460+00:00,2025-10-01 20:27:10.628032+00:00,44.030572,54543.0,EE Route
4862,21,2025-10-01 20:28:20.611400+00:00,2025-10-01 20:29:04.748193+00:00,44.136793,54543.0,EE Route
4862,16,2025-10-01 20:31:07.456228+00:00,2025-10-01 20:31:16.300688+00:00,8.84446,54543.0,EE Route
4862,22,2025-10-01 20:36:40.132121+00:00,2025-10-01 20:36:48.873951+00:00,8.74183,54543.0,EE Route
4862,3,2025-10-01 20:43:57.990850+00:00,2025-10-01 20:44:33.249083+00:00,35.258233,54543.0,EE Route
4862,1,2025-10-01 20:48:03.900286+00:00,2025-10-01 20:49:31.154490+00:00,87.254204,54543.0,EE Route
4862,2,2025-10-01 20:51:59.968026+00:00,2025-10-01 20:52:26.322083+00:00,26.354057,54543.0,EE Route
4862,23,2025-10-01 21:07:28.023828+00:00,2025-10-01 21:07:37.085328+00:00,9.0615,54543.0,EE Route
4862,17,2025-10-01 21:20:24.197467+00:00,2025-10-01 21:21:26.459662+00:00,62.262195,54543.0,EE Route
4862,18,2025-10-01 21:22:10.848272+00:00,2025-10-01 21:23:55.920748+00:00,105.072476,54543.0,EE Route
4862,19,2025-10-01 21:25:31.732402+00:00,2025-10-01 21:27:34.320757+00:00,122.588355,54543.0,EE Route
4862,20,2025-10-01 21:28:35.417518+00:00,2025-10-01 21:29:01.675027+00:00,26.257509,54543.0,EE Route
4862,21,2025-10-01 21:30:55.265650+00:00,2025-10-01 21:31:56.639031+00:00,61.373381,54543.0,EE Route
4862,16,2025-10-01 21:35:17.529323+00:00,2025-10-01 21:35:26.568578+00:00,9.039255,54543.0,EE Route
4862,22,2025-10-01 21:39:47.412460+00:00,2025-10-01 21:39:56.171286+00:00,8.758826,54543.0,EE Route
4862,3,2025-10-01 21:49:13.034797+00:00,2025-10-01 21:49:56.997533+00:00,43.962736,54543.0,EE Route
4862,1,2025-10-01 21:56:30.360635+00:00,2025-10-01 21:57:39.824297+00:00,69.463662,54543.0,EE Route
4862,2,2025-10-01 22:00:26.200498+00:00,2025-10-01 22:02:11.705154+00:00,105.504656,54543.0,EE Route
4862,23,2025-10-01 22:12:55.830593+00:00,2025-10-01 22:13:04.747429+00:00,8.916836,54543.0,EE Route
4862,17,2025-10-01 22:18:12.128137+00:00,2025-10-01 22:18:56.325489+00:00,44.197352,54543.0,EE Route
4862,18,2025-10-01 22:19:31.309723+00:00,2025-10-01 22:19:57.603506+00:00,26.293783,54543.0,EE Route
4862,19,2025-10-01 22:21:16.847556+00:00,2025-10-01 22:25:14.062782+00:00,237.215226,54543.0,EE Route
4862,20,2025-10-01 22:26:24.467611+00:00,2025-10-01 22:26:33.351295+00:00,8.883684,54543.0,EE Route
4862,21,2025-10-01 22:27:44.020047+00:00,2025-10-01 22:28:10.495658+00:00,26.475611,54543.0,EE Route
4862,16,2025-10-01 22:30:30.468136+00:00,2025-10-01 22:30:39.299248+00:00,8.831112,54543.0,EE Route
4862,22,2025-10-01 22:35:47.314506+00:00,2025-10-01 22:35:56.461494+00:00,9.146988,54543.0,EE Route
4862,3,2025-10-01 22:41:46.891897+00:00,2025-10-01 22:42:22.349701+00:00,35.457804,54543.0,EE Route
4862,1,2025-10-01 22:45:26.306383+00:00,2025-10-01 22:56:34.723588+00:00,668.417205,54543.0,EE Route
4862,2,2025-10-01 22:58:56.167688+00:00,2025-10-01 22:59:13.660565+00:00,17.492877,54543.0,EE Route
4862,23,2025-10-01 23:03:19.747999+00:00,2025-10-01 23:03:28.664971+00:00,8.916972,54543.0,EE Route
4862,17,2025-10-01 23:09:12.779861+00:00,2025-10-01 23:09:21.659145+00:00,8.879284,54543.0,EE Route
4862,18,2025-10-01 23:10:49.512484+00:00,2025-10-01 23:11:24.528494+00:00,35.01601,54543.0,EE Route
4862,19,2025-10-01 23:12:43.670948+00:00,2025-10-01 23:13:45.082029+00:00,61.411081,54543.0,EE Route
4862,20,2025-10-01 23:14:38.122033+00:00,2025-10-01 23:15:13.027477+00:00,34.905444,54543.0,EE Route
4862,21,2025-10-01 23:16:40.790907+00:00,2025-10-01 23:17:15.794864+00:00,35.003957,54543.0,EE Route
4862,16,2025-10-01 23:21:47.741439+00:00,2025-10-01 23:21:56.493822+00:00,8.752383,54543.0,EE Route
4862,22,2025-10-01 23:27:03.497340+00:00,2025-10-01 23:27:12.594025+00:00,9.096685,54543.0,EE Route
4862,3,2025-10-01 23:32:20.740616+00:00,2025-10-01 23:33:31.178031+00:00,70.437415,54543.0,EE Route
4862,1,2025-10-01 23:35:53.446205+00:00,2025-10-01 23:36:55.233962+00:00,61.787757,54543.0,EE Route
4862,2,2025-10-01 23:38:48.948188+00:00,2025-10-01 23:39:59.061550+00:00,70.113362,54543.0,EE Route
4862,23,2025-10-01 23:44:05.879218+00:00,2025-10-01 23:44:14.850723+00:00,8.971505,54543.0,EE Route
4862,17,2025-10-01 23:49:15.135395+00:00,2025-10-01 23:50:25.408605+00:00,70.27321,54543.0,EE Route
4862,19,2025-10-01 23:52:46.074826+00:00,2025-10-01 23:53:29.879233+00:00,43.804407,54543.0,EE Route
4862,20,2025-10-01 23:54:13.668298+00:00,2025-10-01 23:54:31.033415+00:00,17.365117,54543.0,EE Route
4862,21,2025-10-01 23:55:57.911722+00:00,2025-10-01 23:59:36.319865+00:00,218.408143,54543.0,EE Route
4862,18,2025-10-02 00:02:40.552071+00:00,2025-10-02 00:02:49.453986+00:00,8.901915,54543.0,EE Route
15185,5,2025-10-01 10:13:48.985907+00:00,2025-10-01 10:15:05.557505+00:00,76.571598,54543.0,EE Route
15185,26,2025-10-01 10:15:47.958925+00:00,2025-10-01 10:15:56.698501+00:00,8.739576,54543.0,EE Route
15185,9,2025-10-01 10:18:20.960573+00:00,2025-10-01 10:18:29.616222+00:00,8.655649,54543.0,EE Route
15185,14,2025-10-01 10:29:05.289043+00:00,2025-10-01 10:31:21.409291+00:00,136.120248,54543.0,EE Route
15185,10,2025-10-01 10:36:19.480839+00:00,2025-10-01 10:36:44.937599+00:00,25.45676,54543.0,EE Route
15185,5,2025-10-01 10:39:59.535522+00:00,2025-10-01 10:40:08.122580+00:00,8.587058,54543.0,EE Route
15185,6,2025-10-01 10:42:15.229874+00:00,2025-10-01 10:42:23.978075+00:00,8.748201,54543.0,EE Route
15185,24,2025-10-01 10:48:53.554787+00:00,2025-10-01 10:49:10.551143+00:00,16.996356,54543.0,EE Route
15185,13,2025-10-01 10:50:18.648963+00:00,2025-10-01 10:50:35.749299+00:00,17.100336,54543.0,EE Route
15185,14,2025-10-01 10:52:17.628551+00:00,2025-10-01 10:53:00.218316+00:00,42.589765,54543.0,EE Route
15185,10,2025-10-01 10:56:57.933459+00:00,2025-10-01 10:57:40.468856+00:00,42.535397,54543.0,EE Route
15185,5,2025-10-01 11:01:05.273885+00:00,2025-10-01 11:01:31.128329+00:00,25.854444,54543.0,EE Route
15185,26,2025-10-01 11:02:05.231805+00:00,2025-10-01 11:02:13.853337+00:00,8.621532,54543.0,EE Route
15185,6,2025-10-01 11:03:30.757305+00:00,2025-10-01 11:03:56.576571+00:00,25.819266,54543.0,EE Route
15185,9,2025-10-01 11:04:30.599498+00:00,2025-10-01 11:04:56.162619+00:00,25.563121,54543.0,EE Route
15185,24,2025-10-01 11:09:57.563890+00:00,2025-10-01 11:10:23.432726+00:00,25.868836,54543.0,EE Route
15185,13,2025-10-01 11:11:40.804726+00:00,2025-10-01 11:20:44.846475+00:00,544.041749,54543.0,EE Route
15185,14,2025-10-01 11:22:03.105680+00:00,2025-10-01 11:22:11.857421+00:00,8.751741,54543.0,EE Route
15185,10,2025-10-01 11:25:56.863651+00:00,2025-10-01 11:26:23.123414+00:00,26.259763,54543.0,EE Route
15185,26,2025-10-01 11:32:44.269019+00:00,2025-10-01 11:32:53.095476+00:00,8.826457,54543.0,EE Route
15185,5,2025-10-01 11:33:45.392834+00:00,2025-10-01 11:33:54.113297+00:00,8.720463,54543.0,EE Route
15185,26,2025-10-01 11:34:36.916617+00:00,2025-10-01 11:34:45.836477+00:00,8.91986,54543.0,EE Route
15185,6,2025-10-01 11:36:02.859382+00:00,2025-10-01 11:36:20.344679+00:00,17.485297,54543.0,EE Route
15185,9,2025-10-01 11:37:21.344782+00:00,2025-10-01 11:37:30.134109+00:00,8.789327,54543.0,EE Route
15185,24,2025-10-01 11:43:24.493380+00:00,2025-10-01 11:49:30.487086+00:00,365.993706,54543.0,EE Route
15185,13,2025-10-01 11:50:57.216364+00:00,2025-10-01 11:51:40.201150+00:00,42.984786,54543.0,EE Route
15185,14,2025-10-01 11:53:06.551252+00:00,2025-10-01 11:53:41.204651+00:00,34.653399,54543.0,EE Route
15185,10,2025-10-01 11:57:53.753693+00:00,2025-10-01 11:59:11.502840+00:00,77.749147,54543.0,EE Route
15185,5,2025-10-01 12:04:58.882768+00:00,2025-10-01 12:05:16.372820+00:00,17.490052,54543.0,EE Route
15185,26,2025-10-01 12:05:59.591851+00:00,2025-10-01 12:06:08.382871+00:00,8.79102,54543.0,EE Route
15185,6,2025-10-01 12:07:35.283674+00:00,2025-10-01 12:08:01.436592+00:00,26.152918,54543.0,EE Route
15185,9,2025-10-01 12:08:53.151093+00:00,2025-10-01 12:09:36.328011+00:00,43.176918,54543.0,EE Route
15185,24,2025-10-01 12:15:47.254648+00:00,2025-10-01 12:20:57.708321+00:00,310.453673,54543.0,EE Route
15185,13,2025-10-01 12:22:41.591730+00:00,2025-10-01 12:30:04.329408+00:00,442.737678,54543.0,EE Route
15185,14,2025-10-01 12:31:39.814798+00:00,2025-10-01 12:32:06.115691+00:00,26.300893,54543.0,EE Route
15185,10,2025-10-01 12:36:51.586883+00:00,2025-10-01 12:38:35.684984+00:00,104.098101,54543.0,EE Route
15185,26,2025-10-01 12:41:46.646767+00:00,2025-10-01 12:41:55.541822+00:00,8.895055,54543.0,EE Route
15185,5,2025-10-01 12:42:56.402886+00:00,2025-10-01 12:43:13.903843+00:00,17.500957,54543.0,EE Route
15185,26,2025-10-01 12:43:57.251161+00:00,2025-10-01 12:44:06.089936+00:00,8.838775,54543.0,EE Route
15185,6,2025-10-01 12:45:23.828026+00:00,2025-10-01 12:45:58.722753+00:00,34.894727,54543.0,EE Route
15185,9,2025-10-01 12:46:59.887712+00:00,2025-10-01 12:47:34.941857+00:00,35.054145,54543.0,EE Route
15185,24,2025-10-01 12:53:30.149095+00:00,2025-10-01 12:55:05.334959+00:00,95.185864,54543.0,EE Route
15185,13,2025-10-01 12:56:40.252483+00:00,2025-10-01 13:03:44.580987+00:00,424.328504,54543.0,EE Route
15185,14,2025-10-01 13:05:20.815458+00:00,2025-10-01 13:05:47.051130+00:00,26.235672,54543.0,EE Route
15185,10,2025-10-01 13:10:25.012642+00:00,2025-10-01 13:11:17.283379+00:00,52.270737,54543.0,EE Route
15185,5,2025-10-01 13:19:40.429308+00:00,2025-10-01 13:19:49.252266+00:00,8.822958,54543.0,EE Route
15185,6,2025-10-01 13:22:34.738649+00:00,2025-10-01 13:23:17.851215+00:00,43.112566,54543.0,EE Route
15185,9,2025-10-01 13:24:01.765726+00:00,2025-10-01 13:24:28.126266+00:00,26.36054,54543.0,EE Route
15185,24,2025-10-01 13:30:24.942834+00:00,2025-10-01 13:34:12.459402+00:00,227.516568,54543.0,EE Route
15185,13,2025-10-01 13:35:57.758435+00:00,2025-10-01 13:37:42.344207+00:00,104.585772,54543.0,EE Route
15185,14,2025-10-01 13:39:27.605712+00:00,2025-10-01 13:39:36.475636+00:00,8.869924,54543.0,EE Route
15185,10,2025-10-01 13:43:58.134353+00:00,2025-10-01 13:44:50.369912+00:00,52.235559,54543.0,EE Route
15185,5,2025-10-01 13:49:29.738970+00:00,2025-10-01 13:49:47.373194+00:00,17.634224,54543.0,EE Route
15185,6,2025-10-01 13:52:14.395156+00:00,2025-10-01 13:52:57.932804+00:00,43.537648,54543.0,EE Route
15185,9,2025-10-01 13:53:58.460041+00:00,2025-10-01 13:54:59.229698+00:00,60.769657,54543.0,EE Route
15185,13,2025-10-01 14:05:19.353312+00:00,2025-10-01 14:06:37.580427+00:00,78.227115,54543.0,EE Route
15185,14,2025-10-01 14:08:30.667974+00:00,2025-10-01 14:09:05.978543+00:00,35.310569,54543.0,EE Route
15185,10,2025-10-01 14:14:19.628898+00:00,2025-10-01 14:15:38.281791+00:00,78.652893,54543.0,EE Route
15185,26,2025-10-01 14:18:59.052328+00:00,2025-10-01 14:19:08.026296+00:00,8.973968,54543.0,EE Route
15185,5,2025-10-01 14:20:09.256141+00:00,2025-10-01 14:20:44.015723+00:00,34.759582,54543.0,EE Route
15185,6,2025-10-01 14:23:11.304948+00:00,2025-10-01 14:23:45.893926+00:00,34.588978,54543.0,EE Route
15185,9,2025-10-01 14:24:38.116654+00:00,2025-10-01 14:25:13.197660+00:00,35.081006,54543.0,EE Route
15185,24,2025-10-01 14:31:54.684811+00:00,2025-10-01 14:32:21.042789+00:00,26.357978,54543.0,EE Route
15185,13,2025-10-01 14:34:05.391172+00:00,2025-10-01 14:35:24.301772+00:00,78.9106,54543.0,EE Route
15185,14,2025-10-01 14:37:00.256021+00:00,2025-10-01 14:37:26.809895+00:00,26.553874,54543.0,EE Route
15185,10,2025-10-01 14:42:06.331908+00:00,2025-10-01 14:55:22.318351+00:00,795.986443,54543.0,EE Route
15185,5,2025-10-01 15:04:06.494922+00:00,2025-10-01 15:04:33.119226+00:00,26.624304,54543.0,EE Route
15185,26,2025-10-01 15:05:16.824025+00:00,2025-10-01 15:05:25.555516+00:00,8.731491,54543.0,EE Route
15185,6,2025-10-01 15:07:01.473566+00:00,2025-10-01 15:07:36.550432+00:00,35.076866,54543.0,EE Route
15185,9,2025-10-01 15:08:19.875693+00:00,2025-10-01 15:09:20.835363+00:00,60.95967,54543.0,EE Route
15185,24,2025-10-01 15:15:36.187264+00:00,2025-10-01 15:17:04.373652+00:00,88.186388,54543.0,EE Route
15185,13,2025-10-01 15:18:59.186003+00:00,2025-10-01 15:23:39.968211+00:00,280.782208,54543.0,EE Route
15185,14,2025-10-01 15:25:24.316625+00:00,2025-10-01 15:25:51.177622+00:00,26.860997,54543.0,EE Route
15185,10,2025-10-01 15:31:06.487103+00:00,2025-10-01 15:32:07.808808+00:00,61.321705,54543.0,EE Route
15185,26,2025-10-01 15:35:29.009962+00:00,2025-10-01 15:35:38.238371+00:00,9.228409,54543.0,EE Route
15185,5,2025-10-01 15:36:48.689795+00:00,2025-10-01 15:37:14.874236+00:00,26.184441,54543.0,EE Route
15185,6,2025-10-01 15:40:01.142603+00:00,2025-10-01 15:41:02.256403+00:00,61.1138,54543.0,EE Route
15185,9,2025-10-01 15:42:03.185069+00:00,2025-10-01 15:43:13.301309+00:00,70.11624,54543.0,EE Route
15185,24,2025-10-01 15:50:46.948463+00:00,2025-10-01 15:51:39.142316+00:00,52.193853,54543.0,EE Route
15185,13,2025-10-01 15:54:34.003122+00:00,2025-10-01 15:55:09.126483+00:00,35.123361,54543.0,EE Route
15185,14,2025-10-01 15:57:11.535073+00:00,2025-10-01 15:57:37.869154+00:00,26.334081,54543.0,EE Route
15185,10,2025-10-01 16:02:17.365737+00:00,2025-10-01 16:07:42.488674+00:00,325.122937,54543.0,EE Route
15185,5,2025-10-01 16:12:05.871129+00:00,2025-10-01 16:12:41.386948+00:00,35.515819,54543.0,EE Route
15185,6,2025-10-01 16:15:01.638151+00:00,2025-10-01 16:15:37.053015+00:00,35.414864,54543.0,EE Route
15185,9,2025-10-01 16:16:20.739443+00:00,2025-10-01 16:16:56.017733+00:00,35.27829,54543.0,EE Route
15185,24,2025-10-01 16:23:04.295180+00:00,2025-10-01 16:30:30.412902+00:00,446.117722,54543.0,EE Route
15185,13,2025-10-01 16:32:23.967783+00:00,2025-10-01 16:33:25.610866+00:00,61.643083,54543.0,EE Route
15185,14,2025-10-01 16:35:37.389991+00:00,2025-10-01 16:36:04.541951+00:00,27.15196,54543.0,EE Route
15185,10,2025-10-01 16:40:44.236929+00:00,2025-10-01 16:44:41.799870+00:00,237.562941,54543.0,EE Route
15185,26,2025-10-01 16:50:31.863488+00:00,2025-10-01 16:50:40.712209+00:00,8.848721,54543.0,EE Route
15185,5,2025-10-01 16:51:32.872791+00:00,2025-10-01 16:52:42.943235+00:00,70.070444,54543.0,EE Route
15185,6,2025-10-01 16:55:12.772786+00:00,2025-10-01 16:56:05.906413+00:00,53.133627,54543.0,EE Route
15185,9,2025-10-01 16:56:40.654256+00:00,2025-10-01 16:57:24.522419+00:00,43.868163,54543.0,EE Route
15185,24,2025-10-01 17:04:00.321522+00:00,2025-10-01 17:08:42.448425+00:00,282.126903,54543.0,EE Route
15185,13,2025-10-01 17:10:54.234211+00:00,2025-10-01 17:20:26.841862+00:00,572.607651,54543.0,EE Route
15185,14,2025-10-01 17:22:12.956686+00:00,2025-10-01 17:22:57.062062+00:00,44.105376,54543.0,EE Route
15185,10,2025-10-01 17:28:21.350686+00:00,2025-10-01 17:29:40.793815+00:00,79.443129,54543.0,EE Route
15185,5,2025-10-01 17:33:36.892454+00:00,2025-10-01 17:34:29.154051+00:00,52.261597,54543.0,EE Route
15185,6,2025-10-01 17:36:57.274771+00:00,2025-10-01 17:37:41.393027+00:00,44.118256,54543.0,EE Route
15185,9,2025-10-01 17:39:18.597953+00:00,2025-10-01 17:40:02.446508+00:00,43.848555,54543.0,EE Route
15185,24,2025-10-01 17:46:18.967827+00:00,2025-10-01 17:47:29.533099+00:00,70.565272,54543.0,EE Route
15185,13,2025-10-01 17:53:01.703035+00:00,2025-10-01 17:54:38.282342+00:00,96.579307,54543.0,EE Route
15185,14,2025-10-01 17:56:40.489908+00:00,2025-10-01 17:57:24.418277+00:00,43.928369,54543.0,EE Route
15185,10,2025-10-01 18:03:27.364815+00:00,2025-10-01 18:10:35.628518+00:00,428.263703,54543.0,EE Route
15185,26,2025-10-01 18:15:19.289438+00:00,2025-10-01 18:15:28.414509+00:00,9.125071,54543.0,EE Route
15185,5,2025-10-01 18:16:47.516332+00:00,2025-10-01 18:17:13.887110+00:00,26.370778,54543.0,EE Route
15185,26,2025-10-01 18:17:58.521374+00:00,2025-10-01 18:18:07.407894+00:00,8.88652,54543.0,EE Route
15185,6,2025-10-01 18:19:34.822679+00:00,2025-10-01 18:20:10.378101+00:00,35.555422,54543.0,EE Route
15185,9,2025-10-01 18:21:03.444125+00:00,2025-10-01 18:21:56.878857+00:00,53.434732,54543.0,EE Route
15185,24,2025-10-01 18:28:22.557102+00:00,2025-10-01 18:33:48.309829+00:00,325.752727,54543.0,EE Route
15185,13,2025-10-01 18:35:33.722380+00:00,2025-10-01 18:36:26.550204+00:00,52.827824,54543.0,EE Route
15185,14,2025-10-01 18:38:03.687090+00:00,2025-10-01 18:38:30.670514+00:00,26.983424,54543.0,EE Route
15185,10,2025-10-01 18:44:14.815410+00:00,2025-10-01 18:45:07.354394+00:00,52.538984,54543.0,EE Route
15185,26,2025-10-01 18:53:38.585685+00:00,2025-10-01 18:53:47.374159+00:00,8.788474,54543.0,EE Route
15185,5,2025-10-01 18:54:40.000720+00:00,2025-10-01 18:55:23.745927+00:00,43.745207,54543.0,EE Route
15185,6,2025-10-01 18:58:02.600570+00:00,2025-10-01 18:58:37.859541+00:00,35.258971,54543.0,EE Route
15185,9,2025-10-01 18:59:39.027238+00:00,2025-10-01 19:00:14.814442+00:00,35.787204,54543.0,EE Route
15185,24,2025-10-01 19:06:44.866940+00:00,2025-10-01 19:08:47.918745+00:00,123.051805,54543.0,EE Route
15185,13,2025-10-01 19:11:02.226484+00:00,2025-10-01 19:12:22.342400+00:00,80.115916,54543.0,EE Route
15185,14,2025-10-01 19:14:25.705800+00:00,2025-10-01 19:15:01.259551+00:00,35.553751,54543.0,EE Route
15185,10,2025-10-01 19:21:01.386074+00:00,2025-10-01 19:28:10.000438+00:00,428.614364,54543.0,EE Route
15185,26,2025-10-01 19:32:06.083024+00:00,2025-10-01 19:32:14.986859+00:00,8.903835,54543.0,EE Route
15185,5,2025-10-01 19:33:07.525809+00:00,2025-10-01 19:33:51.655836+00:00,44.130027,54543.0,EE Route
15185,6,2025-10-01 19:36:38.619856+00:00,2025-10-01 19:37:31.135328+00:00,52.515472,54543.0,EE Route
15185,9,2025-10-01 19:38:50.527997+00:00,2025-10-01 19:39:43.622673+00:00,53.094676,54543.0,EE Route
15185,24,2025-10-01 19:46:54.450357+00:00,2025-10-01 19:50:59.232191+00:00,244.781834,54543.0,EE Route
15185,14,2025-10-01 19:52:17.975169+00:00,2025-10-01 19:52:44.095750+00:00,26.120581,54543.0,EE Route
15185,10,2025-10-01 19:57:33.955493+00:00,2025-10-01 19:58:17.654690+00:00,43.699197,54543.0,EE Route
15185,26,2025-10-01 20:01:14.728442+00:00,2025-10-01 20:01:26.307788+00:00,11.579346,54543.0,EE Route
15185,5,2025-10-01 20:02:11.232736+00:00,2025-10-01 20:02:39.722885+00:00,28.490149,54543.0,EE Route
15185,26,2025-10-01 20:03:15.334595+00:00,2025-10-01 20:03:24.291723+00:00,8.957128,54543.0,EE Route
15185,6,2025-10-01 20:04:44.203341+00:00,2025-10-01 20:05:28.931811+00:00,44.72847,54543.0,EE Route
15185,9,2025-10-01 20:06:22.766963+00:00,2025-10-01 20:06:58.452858+00:00,35.685895,54543.0,EE Route
15185,24,2025-10-01 20:13:13.388333+00:00,2025-10-01 20:18:15.389114+00:00,302.000781,54543.0,EE Route
15185,13,2025-10-01 20:20:30.816488+00:00,2025-10-01 20:21:32.291657+00:00,61.475169,54543.0,EE Route
15185,14,2025-10-01 20:23:28.982741+00:00,2025-10-01 20:24:14.154525+00:00,45.171784,54543.0,EE Route
15185,10,2025-10-01 20:33:44.710791+00:00,2025-10-01 20:34:37.611311+00:00,52.90052,54543.0,EE Route
15185,26,2025-10-01 20:37:58.871681+00:00,2025-10-01 20:38:16.329237+00:00,17.457556,54543.0,EE Route
15185,5,2025-10-01 20:39:08.201675+00:00,2025-10-01 20:39:43.318518+00:00,35.116843,54543.0,EE Route
15185,6,2025-10-01 20:42:21.429469+00:00,2025-10-01 20:42:56.760665+00:00,35.331196,54543.0,EE Route
15185,9,2025-10-01 20:43:49.137489+00:00,2025-10-01 20:44:33.325208+00:00,44.187719,54543.0,EE Route
15185,24,2025-10-01 20:52:00.133655+00:00,2025-10-01 20:52:35.217393+00:00,35.083738,54543.0,EE Route
15185,13,2025-10-01 20:55:21.556574+00:00,2025-10-01 20:56:39.866115+00:00,78.309541,54543.0,EE Route
15185,14,2025-10-01 20:58:58.845646+00:00,2025-10-01 20:59:33.743374+00:00,34.897728,54543.0,EE Route
15185,10,2025-10-01 21:04:30.768856+00:00,2025-10-01 21:06:26.350841+00:00,115.581985,54543.0,EE Route
15185,5,2025-10-01 21:11:07.766338+00:00,2025-10-01 21:11:42.373575+00:00,34.607237,54543.0,EE Route
15185,6,2025-10-01 21:14:27.495861+00:00,2025-10-01 21:15:54.547740+00:00,87.051879,54543.0,EE Route
15185,9,2025-10-01 21:17:03.892098+00:00,2025-10-01 21:18:31.213815+00:00,87.321717,54543.0,EE Route
15185,24,2025-10-01 21:26:15.639298+00:00,2025-10-01 21:26:41.983874+00:00,26.344576,54543.0,EE Route
15185,13,2025-10-01 21:30:28.853221+00:00,2025-10-01 21:32:31.959291+00:00,123.10607,54543.0,EE Route
15185,14,2025-10-01 21:34:33.764183+00:00,2025-10-01 21:35:17.671157+00:00,43.906974,54543.0,EE Route
15185,10,2025-10-01 21:40:22.683421+00:00,2025-10-01 21:43:08.094684+00:00,165.411263,54543.0,EE Route
15185,5,2025-10-01 21:47:19.698757+00:00,2025-10-01 21:48:03.498117+00:00,43.79936,54543.0,EE Route
15185,6,2025-10-01 21:50:48.581338+00:00,2025-10-01 21:51:49.455264+00:00,60.873926,54543.0,EE Route
15185,9,2025-10-01 21:52:41.605316+00:00,2025-10-01 21:53:34.727627+00:00,53.122311,54543.0,EE Route
15185,24,2025-10-01 22:00:35.228497+00:00,2025-10-01 22:01:19.288211+00:00,44.059714,54543.0,EE Route
15185,13,2025-10-01 22:03:56.719270+00:00,2025-10-01 22:05:16.193234+00:00,79.473964,54543.0,EE Route
15185,14,2025-10-01 22:06:53.051491+00:00,2025-10-01 22:07:45.935184+00:00,52.883693,54543.0,EE Route
15185,10,2025-10-01 22:12:38.219607+00:00,2025-10-01 22:14:06.127826+00:00,87.908219,54543.0,EE Route
15185,5,2025-10-01 22:19:13.622006+00:00,2025-10-01 22:19:40.221903+00:00,26.599897,54543.0,EE Route
15185,6,2025-10-01 22:22:09.955568+00:00,2025-10-01 22:22:54.111805+00:00,44.156237,54543.0,EE Route
15185,9,2025-10-01 22:23:55.231772+00:00,2025-10-01 22:24:38.917630+00:00,43.685858,54543.0,EE Route
15185,24,2025-10-01 22:31:24.510232+00:00,2025-10-01 22:31:50.568284+00:00,26.058052,54543.0,EE Route
15185,13,2025-10-01 22:34:11.154285+00:00,2025-10-01 22:35:56.525385+00:00,105.3711,54543.0,EE Route
15185,14,2025-10-01 22:37:32.653446+00:00,2025-10-01 22:38:07.839709+00:00,35.186263,54543.0,EE Route
15185,10,2025-10-01 22:43:15.303382+00:00,2025-10-01 22:44:34.220659+00:00,78.917277,54543.0,EE Route
15185,26,2025-10-01 22:47:46.708788+00:00,2025-10-01 22:47:55.470717+00:00,8.761929,54543.0,EE Route
15185,5,2025-10-01 22:48:48.703626+00:00,2025-10-01 22:49:32.571819+00:00,43.868193,54543.0,EE Route
15185,6,2025-10-01 22:51:53.866774+00:00,2025-10-01 22:52:37.644399+00:00,43.777625,54543.0,EE Route
15185,9,2025-10-01 22:53:38.806976+00:00,2025-10-01 22:54:40.077834+00:00,61.270858,54543.0,EE Route
15185,24,2025-10-01 23:02:18.118932+00:00,2025-10-01 23:03:02.156100+00:00,44.037168,54543.0,EE Route
15185,13,2025-10-01 23:09:30.462108+00:00,2025-10-01 23:11:24.593664+00:00,114.131556,54543.0,EE Route
15185,14,2025-10-01 23:13:09.888365+00:00,2025-10-01 23:14:29.505341+00:00,79.616976,54543.0,EE Route
15185,10,2025-10-01 23:20:45.392274+00:00,2025-10-01 23:23:06.447777+00:00,141.055503,54543.0,EE Route
15185,5,2025-10-01 23:27:47.707357+00:00,2025-10-01 23:28:23.065734+00:00,35.358377,54543.0,EE Route
15185,6,2025-10-01 23:32:29.381545+00:00,2025-10-01 23:33:22.072576+00:00,52.691031,54543.0,EE Route
15185,9,2025-10-01 23:34:41.989815+00:00,2025-10-01 23:35:35.099088+00:00,53.109273,54543.0,EE Route
15185,24,2025-10-01 23:43:48.437426+00:00,2025-10-01 23:44:33.713601+00:00,45.276175,54543.0,EE Route
15185,13,2025-10-01 23:47:29.843673+00:00,2025-10-01 23:48:57.568904+00:00,87.725231,54543.0,EE Route
15185,14,2025-10-01 23:51:09.392971+00:00,2025-10-01 23:51:53.506824+00:00,44.113853,54543.0,EE Route
15185,10,2025-10-01 23:57:07.825637+00:00,2025-10-01 23:58:43.934106+00:00,96.108469,54543.0,EE Route
15185,5,2025-10-02 00:03:15.906088+00:00,2025-10-02 00:03:59.865813+00:00,43.959725,54543.0,EE Route
15185,26,2025-10-02 00:04:45.189073+00:00,2025-10-02 00:04:54.311662+00:00,9.122589,54543.0,EE Route
15185,6,2025-10-02 00:06:33.508718+00:00,2025-10-02 00:07:18.800823+00:00,45.292105,54543.0,EE Route
15185,9,2025-10-02 00:08:21.527399+00:00,2025-10-02 00:09:07.048508+00:00,45.521109,54543.0,EE Route
15187,17,2025-10-01 23:51:18.306809+00:00,2025-10-01 23:52:02.349037+00:00,44.042228,54540.0,A Route
15187,18,2025-10-01 23:53:03.909297+00:00,2025-10-01 23:53:21.295389+00:00,17.386092,54540.0,A Route
15187,19,2025-10-01 23:54:48.293016+00:00,2025-10-01 23:55:23.481011+00:00,35.187995,54540.0,A Route
15187,20,2025-10-01 23:56:06.564053+00:00,2025-10-01 23:56:24.230153+00:00,17.6661,54540.0,A Route
15187,21,2025-10-01 23:58:35.056897+00:00,2025-10-01 23:59:10.172940+00:00,35.116043,54540.0,A Route
15187,16,2025-10-02 00:00:29.257606+00:00,2025-10-02 00:00:38.096285+00:00,8.838679,54540.0,A Route
15187,22,2025-10-02 00:05:30.426399+00:00,2025-10-02 00:05:39.887809+00:00,9.46141,54540.0,A Route
15187,3,2025-10-02 00:08:57.497647+00:00,2025-10-02 00:09:33.766691+00:00,36.269044,54540.0,A Route
18020,17,2025-10-01 10:58:22.976464+00:00,2025-10-01 11:06:14.252285+00:00,471.275821,54545.0,LX Route
18020,18,2025-10-01 11:07:05.805307+00:00,2025-10-01 11:07:23.072852+00:00,17.267545,54545.0,LX Route
18020,16,2025-10-01 11:10:32.147427+00:00,2025-10-01 11:10:40.838499+00:00,8.691072,54545.0,LX Route
18020,3,2025-10-01 11:16:17.318757+00:00,2025-10-01 11:16:43.250014+00:00,25.931257,54545.0,LX Route
18020,2,2025-10-01 11:20:44.848100+00:00,2025-10-01 11:21:28.184834+00:00,43.336734,54545.0,LX Route
18020,17,2025-10-01 11:28:15.249140+00:00,2025-10-01 11:28:50.220067+00:00,34.970927,54545.0,LX Route
18020,18,2025-10-01 11:29:42.087001+00:00,2025-10-01 11:31:00.315027+00:00,78.228026,54545.0,LX Route
18020,16,2025-10-01 11:33:27.740010+00:00,2025-10-01 11:33:36.695103+00:00,8.955093,54545.0,LX Route
18020,3,2025-10-01 11:40:14.562705+00:00,2025-10-01 11:41:49.691988+00:00,95.129283,54545.0,LX Route
18020,17,2025-10-01 11:54:15.743219+00:00,2025-10-01 11:54:59.478194+00:00,43.734975,54545.0,LX Route
18020,18,2025-10-01 11:55:34.548666+00:00,2025-10-01 11:55:51.980090+00:00,17.431424,54545.0,LX Route
18020,16,2025-10-01 11:58:45.550011+00:00,2025-10-01 11:58:54.254001+00:00,8.70399,54545.0,LX Route
18020,3,2025-10-01 12:05:16.379340+00:00,2025-10-01 12:06:08.434992+00:00,52.055652,54545.0,LX Route
18020,17,2025-10-01 12:24:43.285612+00:00,2025-10-01 12:26:19.093491+00:00,95.807879,54545.0,LX Route
18020,18,2025-10-01 12:26:53.856221+00:00,2025-10-01 12:27:11.236235+00:00,17.380014,54545.0,LX Route
18020,16,2025-10-01 12:34:07.060314+00:00,2025-10-01 12:34:15.850859+00:00,8.790545,54545.0,LX Route
18020,3,2025-10-01 12:42:12.961885+00:00,2025-10-01 12:44:14.832044+00:00,121.870159,54545.0,LX Route
18020,2,2025-10-01 12:47:34.943604+00:00,2025-10-01 12:49:01.395089+00:00,86.451485,54545.0,LX Route
18020,17,2025-10-01 12:55:39.845877+00:00,2025-10-01 12:56:40.400411+00:00,60.554534,54545.0,LX Route
18020,3,2025-10-01 13:11:51.696330+00:00,2025-10-01 13:14:18.836323+00:00,147.139993,54545.0,LX Route
18020,2,2025-10-01 13:17:46.856667+00:00,2025-10-01 13:18:22.252925+00:00,35.396258,54545.0,LX Route
18020,17,2025-10-01 13:24:01.847845+00:00,2025-10-01 13:24:54.305327+00:00,52.457482,54545.0,LX Route
18020,3,2025-10-01 13:34:30.295042+00:00,2025-10-01 13:35:05.402171+00:00,35.107129,54545.0,LX Route
18020,2,2025-10-01 13:39:09.913172+00:00,2025-10-01 13:40:28.649081+00:00,78.735909,54545.0,LX Route
18020,17,2025-10-01 13:49:11.918946+00:00,2025-10-01 13:49:56.219388+00:00,44.300442,54545.0,LX Route
18020,3,2025-10-01 14:01:13.617879+00:00,2025-10-01 14:02:24.561648+00:00,70.943769,54545.0,LX Route
18020,2,2025-10-01 14:08:04.320314+00:00,2025-10-01 14:08:21.953548+00:00,17.633234,54545.0,LX Route
18020,17,2025-10-01 14:15:55.886797+00:00,2025-10-01 14:16:57.227407+00:00,61.34061,54545.0,LX Route
18020,3,2025-10-01 14:26:40.537718+00:00,2025-10-01 14:27:33.179963+00:00,52.642245,54545.0,LX Route
18020,17,2025-10-01 14:38:02.219200+00:00,2025-10-01 14:50:33.545218+00:00,751.326018,54545.0,LX Route
18020,18,2025-10-01 14:51:17.976229+00:00,2025-10-01 14:51:44.253896+00:00,26.277667,54545.0,LX Route
18020,16,2025-10-01 14:54:20.789090+00:00,2025-10-01 14:54:29.963060+00:00,9.17397,54545.0,LX Route
18020,3,2025-10-01 14:59:53.548868+00:00,2025-10-01 15:00:54.264315+00:00,60.715447,54545.0,LX Route
18020,2,2025-10-01 15:04:41.869775+00:00,2025-10-01 15:05:42.843680+00:00,60.973905,54545.0,LX Route
18020,17,2025-10-01 15:12:06.524256+00:00,2025-10-01 15:13:50.969093+00:00,104.444837,54545.0,LX Route
18020,18,2025-10-01 15:14:43.448390+00:00,2025-10-01 15:15:27.582008+00:00,44.133618,54545.0,LX Route
18020,16,2025-10-01 15:18:41.271550+00:00,2025-10-01 15:18:50.350996+00:00,9.079446,54545.0,LX Route
18020,3,2025-10-01 15:25:33.359917+00:00,2025-10-01 15:26:35.430929+00:00,62.071012,54545.0,LX Route
18020,2,2025-10-01 15:30:31.547319+00:00,2025-10-01 15:31:06.634684+00:00,35.087365,54545.0,LX Route
18020,17,2025-10-01 15:37:23.620214+00:00,2025-10-01 15:38:33.594886+00:00,69.974672,54545.0,LX Route
18020,18,2025-10-01 15:39:52.436200+00:00,2025-10-01 15:41:20.100737+00:00,87.664537,54545.0,LX Route
18020,16,2025-10-01 15:44:40.324735+00:00,2025-10-01 15:44:49.259135+00:00,8.9344,54545.0,LX Route
18020,3,2025-10-01 15:52:40.009661+00:00,2025-10-01 15:53:58.979622+00:00,78.969961,54545.0,LX Route
18020,2,2025-10-01 15:58:30.112099+00:00,2025-10-01 15:59:40.375532+00:00,70.263433,54545.0,LX Route
18020,17,2025-10-01 16:08:27.041127+00:00,2025-10-01 16:09:28.300022+00:00,61.258895,54545.0,LX Route
18020,3,2025-10-01 16:19:42.829575+00:00,2025-10-01 16:20:52.797549+00:00,69.967974,54545.0,LX Route
18020,2,2025-10-01 16:26:07.897527+00:00,2025-10-01 16:27:00.260427+00:00,52.3629,54545.0,LX Route
18020,17,2025-10-01 16:35:10.961369+00:00,2025-10-01 16:41:27.752781+00:00,376.791412,54545.0,LX Route
18020,18,2025-10-01 16:52:42.945126+00:00,2025-10-01 16:53:00.559960+00:00,17.614834,54545.0,LX Route
18020,16,2025-10-01 16:57:15.750498+00:00,2025-10-01 16:57:24.595430+00:00,8.844932,54545.0,LX Route
18020,3,2025-10-01 17:02:57.985842+00:00,2025-10-01 17:03:42.534093+00:00,44.548251,54545.0,LX Route
18020,2,2025-10-01 17:07:40.721588+00:00,2025-10-01 17:08:24.599566+00:00,43.877978,54545.0,LX Route
18020,17,2025-10-01 17:16:12.126451+00:00,2025-10-01 17:18:41.237381+00:00,149.11093,54545.0,LX Route
18020,18,2025-10-01 17:20:53.829459+00:00,2025-10-01 17:22:04.347679+00:00,70.51822,54545.0,LX Route
18020,16,2025-10-01 17:26:53.749863+00:00,2025-10-01 17:27:02.740191+00:00,8.990328,54545.0,LX Route
18020,3,2025-10-01 17:35:47.431809+00:00,2025-10-01 17:37:06.176520+00:00,78.744711,54545.0,LX Route
18020,2,2025-10-01 17:45:25.450183+00:00,2025-10-01 17:46:19.278929+00:00,53.828746,54545.0,LX Route
18020,17,2025-10-01 17:59:35.806158+00:00,2025-10-01 18:08:57.704275+00:00,561.898117,54545.0,LX Route
18020,18,2025-10-01 18:09:42.410739+00:00,2025-10-01 18:10:26.651257+00:00,44.240518,54545.0,LX Route
18020,16,2025-10-01 18:13:50.895011+00:00,2025-10-01 18:13:59.731551+00:00,8.83654,54545.0,LX Route
18020,3,2025-10-01 18:19:26.133631+00:00,2025-10-01 18:20:28.066726+00:00,61.933095,54545.0,LX Route
18020,2,2025-10-01 18:27:12.542284+00:00,2025-10-01 18:27:56.057182+00:00,43.514898,54545.0,LX Route
18020,17,2025-10-01 18:34:32.146650+00:00,2025-10-01 18:41:09.723958+00:00,397.577308,54545.0,LX Route
18020,18,2025-10-01 18:41:53.520012+00:00,2025-10-01 18:42:38.040473+00:00,44.520461,54545.0,LX Route
18020,16,2025-10-01 18:45:25.233353+00:00,2025-10-01 18:45:34.083203+00:00,8.84985,54545.0,LX Route
18020,3,2025-10-01 18:51:17.849881+00:00,2025-10-01 18:52:45.689139+00:00,87.839258,54545.0,LX Route
18020,2,2025-10-01 18:57:00.801771+00:00,2025-10-01 18:57:44.906206+00:00,44.104435,54545.0,LX Route
18020,17,2025-10-01 19:08:30.016158+00:00,2025-10-01 19:09:14.847840+00:00,44.831682,54545.0,LX Route
18020,18,2025-10-01 19:10:44.102858+00:00,2025-10-01 19:11:46.684273+00:00,62.581415,54545.0,LX Route
18020,16,2025-10-01 19:16:55.583806+00:00,2025-10-01 19:17:04.527586+00:00,8.94378,54545.0,LX Route
18020,3,2025-10-01 19:24:13.411920+00:00,2025-10-01 19:25:41.335615+00:00,87.923695,54545.0,LX Route
18020,2,2025-10-01 19:38:06.518013+00:00,2025-10-01 19:38:50.672937+00:00,44.154924,54545.0,LX Route
18020,17,2025-10-01 20:00:22.363317+00:00,2025-10-01 20:02:30.537672+00:00,128.174355,54545.0,LX Route
18020,18,2025-10-01 20:03:32.891175+00:00,2025-10-01 20:08:18.298947+00:00,285.407772,54545.0,LX Route
18020,16,2025-10-01 20:12:28.263994+00:00,2025-10-01 20:12:37.451329+00:00,9.187335,54545.0,LX Route
18020,3,2025-10-01 20:19:27.640854+00:00,2025-10-01 20:20:22.099421+00:00,54.458567,54545.0,LX Route
18020,2,2025-10-01 20:25:42.872698+00:00,2025-10-01 20:26:00.754338+00:00,17.88164,54545.0,LX Route
18020,17,2025-10-01 20:42:56.765964+00:00,2025-10-01 20:51:25.058507+00:00,508.292543,54545.0,LX Route
18020,18,2025-10-01 20:52:26.335270+00:00,2025-10-01 20:53:01.097090+00:00,34.76182,54545.0,LX Route
18020,16,2025-10-01 20:56:48.428761+00:00,2025-10-01 20:56:57.174790+00:00,8.746029,54545.0,LX Route
18020,3,2025-10-01 21:05:41.169993+00:00,2025-10-01 21:06:52.993374+00:00,71.823381,54545.0,LX Route
18020,2,2025-10-01 21:13:43.910977+00:00,2025-10-01 21:14:10.167123+00:00,26.256146,54545.0,LX Route
18020,17,2025-10-01 21:38:46.497696+00:00,2025-10-01 21:40:40.087897+00:00,113.590201,54545.0,LX Route
18020,3,2025-10-01 21:54:44.333945+00:00,2025-10-01 21:55:46.215541+00:00,61.881596,54545.0,LX Route
18020,2,2025-10-01 22:22:36.293270+00:00,2025-10-01 22:23:02.956782+00:00,26.663512,54545.0,LX Route
18020,17,2025-10-01 22:39:17.998172+00:00,2025-10-01 22:39:53.234112+00:00,35.23594,54545.0,LX Route
18020,18,2025-10-01 22:40:28.099101+00:00,2025-10-01 22:40:45.712545+00:00,17.613444,54545.0,LX Route
18020,16,2025-10-01 22:50:43.600744+00:00,2025-10-01 22:50:52.375418+00:00,8.774674,54545.0,LX Route
18020,3,2025-10-01 22:57:45.260598+00:00,2025-10-01 22:59:13.739248+00:00,88.47865,54545.0,LX Route
18020,2,2025-10-01 23:05:31.837498+00:00,2025-10-01 23:05:49.599097+00:00,17.761599,54545.0,LX Route
18020,17,2025-10-01 23:19:43.363698+00:00,2025-10-01 23:20:54.226927+00:00,70.863229,54545.0,LX Route
18020,18,2025-10-01 23:21:47.808501+00:00,2025-10-01 23:23:41.304603+00:00,113.496102,54545.0,LX Route
18020,16,2025-10-01 23:27:12.597337+00:00,2025-10-01 23:27:21.476907+00:00,8.87957,54545.0,LX Route
18020,3,2025-10-01 23:34:06.891814+00:00,2025-10-01 23:34:50.920682+00:00,44.028868,54545.0,LX Route
18020,2,2025-10-01 23:39:59.069198+00:00,2025-10-01 23:40:33.983996+00:00,34.914798,54545.0,LX Route
18020,17,2025-10-01 23:48:48.702852+00:00,2025-10-01 23:52:02.421764+00:00,193.718912,54545.0,LX Route
18020,18,2025-10-01 23:52:55.215372+00:00,2025-10-01 23:53:29.956376+00:00,34.741004,54545.0,LX Route
18020,16,2025-10-01 23:58:17.471687+00:00,2025-10-01 23:58:26.294817+00:00,8.82313,54545.0,LX Route
18020,3,2025-10-02 00:04:35.877063+00:00,2025-10-02 00:05:48.917497+00:00,73.040434,54545.0,LX Route
18020,2,2025-10-02 00:10:00.122828+00:00,2025-10-02 00:10:35.343697+00:00,35.220869,54545.0,LX Route
18016,1,2025-10-01 10:15:05.559348+00:00,2025-10-01 10:15:48.121108+00:00,42.56176,55368.0,H Route
18016,2,2025-10-01 10:16:47.411143+00:00,2025-10-01 10:17:12.992664+00:00,25.581521,55368.0,H Route
18016,3,2025-10-01 10:19:03.463052+00:00,2025-10-01 10:19:37.592692+00:00,34.12964,55368.0,H Route
18016,11,2025-10-01 10:23:42.961106+00:00,2025-10-01 10:24:00.087477+00:00,17.126371,55368.0,H Route
18016,10,2025-10-01 10:25:41.748828+00:00,2025-10-01 10:26:49.815243+00:00,68.066415,55368.0,H Route
18016,8,2025-10-01 10:29:05.380081+00:00,2025-10-01 10:29:39.311550+00:00,33.931469,55368.0,H Route
18016,7,2025-10-01 10:30:21.722288+00:00,2025-10-01 10:31:55.170558+00:00,93.44827,55368.0,H Route
18016,5,2025-10-01 10:33:55.228419+00:00,2025-10-01 10:34:20.990986+00:00,25.762567,55368.0,H Route
18016,1,2025-10-01 10:39:00.186053+00:00,2025-10-01 10:40:25.112494+00:00,84.926441,55368.0,H Route
18016,2,2025-10-01 10:41:41.452730+00:00,2025-10-01 10:42:15.377444+00:00,33.924714,55368.0,H Route
18016,3,2025-10-01 10:44:56.005773+00:00,2025-10-01 10:45:30.198700+00:00,34.192927,55368.0,H Route
18016,11,2025-10-01 10:49:36.007796+00:00,2025-10-01 10:49:53.168664+00:00,17.160868,55368.0,H Route
18016,10,2025-10-01 10:51:52.185186+00:00,2025-10-01 10:54:58.912051+00:00,186.726865,55368.0,H Route
18016,8,2025-10-01 10:56:58.020437+00:00,2025-10-01 10:57:57.488249+00:00,59.467812,55368.0,H Route
18016,7,2025-10-01 10:58:05.971248+00:00,2025-10-01 10:58:40.115942+00:00,34.144694,55368.0,H Route
18016,5,2025-10-01 11:00:56.698070+00:00,2025-10-01 11:01:05.393657+00:00,8.695587,55368.0,H Route
18016,1,2025-10-01 11:06:31.319645+00:00,2025-10-01 11:08:40.248836+00:00,128.929191,55368.0,H Route
18016,2,2025-10-01 11:09:48.908395+00:00,2025-10-01 11:10:23.493768+00:00,34.585373,55368.0,H Route
18016,3,2025-10-01 11:13:50.469022+00:00,2025-10-01 11:14:25.189214+00:00,34.720192,55368.0,H Route
18016,11,2025-10-01 11:18:09.516312+00:00,2025-10-01 11:18:35.620403+00:00,26.104091,55368.0,H Route
18016,10,2025-10-01 11:20:27.622500+00:00,2025-10-01 11:23:29.451304+00:00,181.828804,55368.0,H Route
18016,8,2025-10-01 11:25:39.473754+00:00,2025-10-01 11:26:14.443455+00:00,34.969701,55368.0,H Route
18016,7,2025-10-01 11:26:57.758960+00:00,2025-10-01 11:27:32.407405+00:00,34.648445,55368.0,H Route
18016,5,2025-10-01 11:29:33.402863+00:00,2025-10-01 11:29:59.600171+00:00,26.197308,55368.0,H Route
18016,1,2025-10-01 11:34:36.985492+00:00,2025-10-01 11:37:38.870824+00:00,181.885332,55368.0,H Route
18016,2,2025-10-01 11:38:56.346566+00:00,2025-10-01 11:39:39.832521+00:00,43.485955,55368.0,H Route
18016,3,2025-10-01 11:41:58.401619+00:00,2025-10-01 11:42:41.533999+00:00,43.13238,55368.0,H Route
18016,11,2025-10-01 11:46:54.850547+00:00,2025-10-01 11:47:20.786455+00:00,25.935908,55368.0,H Route
18016,10,2025-10-01 11:49:12.838742+00:00,2025-10-01 11:52:49.471747+00:00,216.633005,55368.0,H Route
18016,8,2025-10-01 11:55:08.097485+00:00,2025-10-01 11:55:43.430425+00:00,35.33294,55368.0,H Route
18016,7,2025-10-01 11:56:27.034744+00:00,2025-10-01 11:57:01.877040+00:00,34.842296,55368.0,H Route
18016,5,2025-10-01 11:59:11.503860+00:00,2025-10-01 11:59:37.827502+00:00,26.323642,55368.0,H Route
18016,1,2025-10-01 12:04:06.860453+00:00,2025-10-01 12:09:45.015740+00:00,338.155287,55368.0,H Route
18016,2,2025-10-01 12:10:45.673915+00:00,2025-10-01 12:11:11.938031+00:00,26.264116,55368.0,H Route
18016,3,2025-10-01 12:13:47.025443+00:00,2025-10-01 12:14:30.081110+00:00,43.055667,55368.0,H Route
18016,11,2025-10-01 12:18:31.254049+00:00,2025-10-01 12:18:57.392826+00:00,26.138777,55368.0,H Route
18016,10,2025-10-01 12:20:40.391262+00:00,2025-10-01 12:21:49.634735+00:00,69.243473,55368.0,H Route
18016,8,2025-10-01 12:24:34.519232+00:00,2025-10-01 12:25:18.566125+00:00,44.046893,55368.0,H Route
18016,7,2025-10-01 12:26:36.369569+00:00,2025-10-01 12:27:11.292323+00:00,34.922754,55368.0,H Route
18016,5,2025-10-01 12:29:03.833597+00:00,2025-10-01 12:29:29.885174+00:00,26.051577,55368.0,H Route
18016,1,2025-10-01 12:34:58.812025+00:00,2025-10-01 12:36:51.697149+00:00,112.885124,55368.0,H Route
18016,2,2025-10-01 12:37:51.872621+00:00,2025-10-01 12:38:09.614108+00:00,17.741487,55368.0,H Route
18016,3,2025-10-01 12:41:46.704076+00:00,2025-10-01 12:42:21.651173+00:00,34.947097,55368.0,H Route
18016,11,2025-10-01 12:46:07.293180+00:00,2025-10-01 12:46:33.669172+00:00,26.375992,55368.0,H Route
18016,10,2025-10-01 12:48:18.148182+00:00,2025-10-01 12:50:27.706604+00:00,129.558422,55368.0,H Route
18016,8,2025-10-01 12:52:55.337972+00:00,2025-10-01 12:53:47.403398+00:00,52.065426,55368.0,H Route
18016,7,2025-10-01 12:54:38.853572+00:00,2025-10-01 12:55:13.960844+00:00,35.107272,55368.0,H Route
18016,5,2025-10-01 12:56:57.780956+00:00,2025-10-01 12:57:32.311310+00:00,34.530354,55368.0,H Route
18016,1,2025-10-01 13:02:00.687186+00:00,2025-10-01 13:03:27.243983+00:00,86.556797,55368.0,H Route
18016,2,2025-10-01 13:04:28.167215+00:00,2025-10-01 13:05:12.203426+00:00,44.036211,55368.0,H Route
18016,3,2025-10-01 13:07:22.130721+00:00,2025-10-01 13:08:40.492430+00:00,78.361709,55368.0,H Route
18016,11,2025-10-01 13:12:26.224014+00:00,2025-10-01 13:12:43.643876+00:00,17.419862,55368.0,H Route
18016,10,2025-10-01 13:14:36.191442+00:00,2025-10-01 13:16:54.906497+00:00,138.715055,55368.0,H Route
18016,8,2025-10-01 13:19:05.610246+00:00,2025-10-01 13:19:58.178182+00:00,52.567936,55368.0,H Route
18016,7,2025-10-01 13:21:07.653227+00:00,2025-10-01 13:21:42.651052+00:00,34.997825,55368.0,H Route
18016,5,2025-10-01 13:23:53.130239+00:00,2025-10-01 13:24:19.366500+00:00,26.236261,55368.0,H Route
18016,1,2025-10-01 13:29:07.056319+00:00,2025-10-01 13:31:34.811529+00:00,147.75521,55368.0,H Route
18016,2,2025-10-01 13:32:44.486750+00:00,2025-10-01 13:33:28.459600+00:00,43.97285,55368.0,H Route
18016,3,2025-10-01 13:36:15.313286+00:00,2025-10-01 13:36:58.991510+00:00,43.678224,55368.0,H Route
18016,11,2025-10-01 13:41:11.839881+00:00,2025-10-01 13:41:29.314355+00:00,17.474474,55368.0,H Route
18016,10,2025-10-01 13:43:22.013150+00:00,2025-10-01 13:44:41.763040+00:00,79.74989,55368.0,H Route
18016,8,2025-10-01 13:47:00.856395+00:00,2025-10-01 13:47:53.292352+00:00,52.435957,55368.0,H Route
18016,7,2025-10-01 13:48:45.759633+00:00,2025-10-01 13:49:29.847140+00:00,44.087507,55368.0,H Route
18016,5,2025-10-01 13:51:39.781706+00:00,2025-10-01 13:52:05.699317+00:00,25.917611,55368.0,H Route
18016,1,2025-10-01 13:58:11.120239+00:00,2025-10-01 13:58:45.687248+00:00,34.567009,55368.0,H Route
18016,2,2025-10-01 14:00:56.005941+00:00,2025-10-01 14:01:40.316695+00:00,44.310754,55368.0,H Route
18016,3,2025-10-01 14:05:19.449924+00:00,2025-10-01 14:06:02.899160+00:00,43.449236,55368.0,H Route
18016,11,2025-10-01 14:09:40.861243+00:00,2025-10-01 14:10:06.882581+00:00,26.021338,55368.0,H Route
18016,10,2025-10-01 14:12:17.701802+00:00,2025-10-01 14:14:19.778069+00:00,122.076267,55368.0,H Route
18016,8,2025-10-01 14:17:23.219742+00:00,2025-10-01 14:18:24.167761+00:00,60.948019,55368.0,H Route
18016,7,2025-10-01 14:19:34.180309+00:00,2025-10-01 14:20:09.383978+00:00,35.203669,55368.0,H Route
18016,5,2025-10-01 14:22:10.795179+00:00,2025-10-01 14:22:45.442343+00:00,34.647164,55368.0,H Route
18016,1,2025-10-01 14:27:24.335980+00:00,2025-10-01 14:27:50.664970+00:00,26.32899,55368.0,H Route
18016,2,2025-10-01 14:29:08.854979+00:00,2025-10-01 14:29:52.490994+00:00,43.636015,55368.0,H Route
18016,3,2025-10-01 14:33:21.810107+00:00,2025-10-01 14:33:48.192851+00:00,26.382744,55368.0,H Route
18016,11,2025-10-01 14:37:35.307715+00:00,2025-10-01 14:37:53.364558+00:00,18.056843,55368.0,H Route
18016,10,2025-10-01 14:39:55.409054+00:00,2025-10-01 14:56:49.841802+00:00,1014.432748,55368.0,H Route
18016,8,2025-10-01 14:59:18.543185+00:00,2025-10-01 14:59:44.849993+00:00,26.306808,55368.0,H Route
18016,7,2025-10-01 15:00:37.063094+00:00,2025-10-01 15:01:03.106464+00:00,26.04337,55368.0,H Route
18016,5,2025-10-01 15:03:40.189857+00:00,2025-10-01 15:04:06.639983+00:00,26.450126,55368.0,H Route
18016,1,2025-10-01 15:09:11.967483+00:00,2025-10-01 15:10:21.990056+00:00,70.022573,55368.0,H Route
18016,2,2025-10-01 15:11:40.149685+00:00,2025-10-01 15:11:57.896010+00:00,17.746325,55368.0,H Route
18016,3,2025-10-01 15:14:34.851778+00:00,2025-10-01 15:15:27.647515+00:00,52.795737,55368.0,H Route
18016,11,2025-10-01 15:19:25.352244+00:00,2025-10-01 15:19:51.560387+00:00,26.208143,55368.0,H Route
18016,10,2025-10-01 15:21:37.643150+00:00,2025-10-01 15:23:31.339839+00:00,113.696689,55368.0,H Route
18016,8,2025-10-01 15:25:42.079846+00:00,2025-10-01 15:27:01.519029+00:00,79.439183,55368.0,H Route
18016,7,2025-10-01 15:28:02.729708+00:00,2025-10-01 15:28:11.725871+00:00,8.996163,55368.0,H Route
18016,5,2025-10-01 15:30:22.749161+00:00,2025-10-01 15:30:49.260832+00:00,26.511671,55368.0,H Route
18016,1,2025-10-01 15:35:29.103376+00:00,2025-10-01 15:36:31.137372+00:00,62.033996,55368.0,H Route
18016,2,2025-10-01 15:38:15.903054+00:00,2025-10-01 15:38:42.239600+00:00,26.336546,55368.0,H Route
18016,3,2025-10-01 15:42:47.277143+00:00,2025-10-01 15:43:39.414157+00:00,52.137014,55368.0,H Route
18016,11,2025-10-01 15:47:52.635135+00:00,2025-10-01 15:48:18.506566+00:00,25.871431,55368.0,H Route
18016,10,2025-10-01 15:50:20.639762+00:00,2025-10-01 15:52:05.235048+00:00,104.595286,55368.0,H Route
18016,8,2025-10-01 15:54:16.358317+00:00,2025-10-01 15:56:01.828559+00:00,105.470242,55368.0,H Route
18016,7,2025-10-01 15:57:02.566222+00:00,2025-10-01 15:57:55.297524+00:00,52.731302,55368.0,H Route
18016,5,2025-10-01 15:59:57.586090+00:00,2025-10-01 16:00:32.503252+00:00,34.917162,55368.0,H Route
18016,1,2025-10-01 16:05:21.931519+00:00,2025-10-01 16:06:05.915129+00:00,43.98361,55368.0,H Route
18016,2,2025-10-01 16:08:35.808328+00:00,2025-10-01 16:08:44.501388+00:00,8.69306,55368.0,H Route
18016,3,2025-10-01 16:12:50.030167+00:00,2025-10-01 16:13:42.775589+00:00,52.745422,55368.0,H Route
18016,11,2025-10-01 16:17:30.735748+00:00,2025-10-01 16:17:57.238094+00:00,26.502346,55368.0,H Route
18016,10,2025-10-01 16:19:51.832975+00:00,2025-10-01 16:20:52.863856+00:00,61.030881,55368.0,H Route
18016,8,2025-10-01 16:23:30.428458+00:00,2025-10-01 16:25:06.826691+00:00,96.398233,55368.0,H Route
18016,7,2025-10-01 16:25:41.691394+00:00,2025-10-01 16:26:34.167528+00:00,52.476134,55368.0,H Route
18016,5,2025-10-01 16:28:45.239379+00:00,2025-10-01 16:29:55.317436+00:00,70.078057,55368.0,H Route
18016,1,2025-10-01 16:34:52.997868+00:00,2025-10-01 16:44:15.262511+00:00,562.264643,55368.0,H Route
18016,2,2025-10-01 16:46:35.957700+00:00,2025-10-01 16:47:45.945771+00:00,69.988071,55368.0,H Route
18016,3,2025-10-01 16:50:58.067855+00:00,2025-10-01 16:51:24.189909+00:00,26.122054,55368.0,H Route
18016,11,2025-10-01 16:55:21.625269+00:00,2025-10-01 16:55:39.654737+00:00,18.029468,55368.0,H Route
18016,10,2025-10-01 16:58:08.341785+00:00,2025-10-01 17:04:52.864210+00:00,404.522425,55368.0,H Route
18016,8,2025-10-01 17:07:23.271950+00:00,2025-10-01 17:08:24.724999+00:00,61.453049,55368.0,H Route
18016,7,2025-10-01 17:09:17.439658+00:00,2025-10-01 17:10:18.512933+00:00,61.073275,55368.0,H Route
18016,5,2025-10-01 17:12:14.406549+00:00,2025-10-01 17:12:49.940258+00:00,35.533709,55368.0,H Route
18016,1,2025-10-01 17:18:50.038687+00:00,2025-10-01 17:19:42.799428+00:00,52.760741,55368.0,H Route
18016,2,2025-10-01 17:21:37.906145+00:00,2025-10-01 17:22:21.859948+00:00,43.953803,55368.0,H Route
18016,3,2025-10-01 17:29:22.943926+00:00,2025-10-01 17:30:51.204764+00:00,88.260838,55368.0,H Route
18016,11,2025-10-01 17:35:21.170333+00:00,2025-10-01 17:36:13.621137+00:00,52.450804,55368.0,H Route
18016,10,2025-10-01 17:38:25.303402+00:00,2025-10-01 17:40:28.693005+00:00,123.389603,55368.0,H Route
18016,8,2025-10-01 17:43:14.701419+00:00,2025-10-01 17:44:41.444216+00:00,86.742797,55368.0,H Route
18016,7,2025-10-01 17:45:25.527323+00:00,2025-10-01 17:46:36.846797+00:00,71.319474,55368.0,H Route
18016,5,2025-10-01 17:48:48.360075+00:00,2025-10-01 17:49:23.543014+00:00,35.182939,55368.0,H Route
18016,1,2025-10-01 17:55:12.943049+00:00,2025-10-01 17:56:40.651261+00:00,87.708212,55368.0,H Route
18016,2,2025-10-01 17:59:09.113434+00:00,2025-10-01 18:00:02.265901+00:00,53.152467,55368.0,H Route
18016,3,2025-10-01 18:03:45.274376+00:00,2025-10-01 18:04:31.203297+00:00,45.928921,55368.0,H Route
18016,11,2025-10-01 18:08:57.711048+00:00,2025-10-01 18:09:24.695680+00:00,26.984632,55368.0,H Route
18016,10,2025-10-01 18:11:20.383186+00:00,2025-10-01 18:14:52.730744+00:00,212.347558,55368.0,H Route
18016,8,2025-10-01 18:17:31.819443+00:00,2025-10-01 18:19:17.391132+00:00,105.571689,55368.0,H Route
18016,7,2025-10-01 18:20:19.148531+00:00,2025-10-01 18:20:54.749678+00:00,35.601147,55368.0,H Route
18016,5,2025-10-01 18:22:49.572655+00:00,2025-10-01 18:24:51.796861+00:00,122.224206,55368.0,H Route
18016,1,2025-10-01 18:31:27.130198+00:00,2025-10-01 18:33:21.949098+00:00,114.8189,55368.0,H Route
18016,2,2025-10-01 18:37:01.858792+00:00,2025-10-01 18:38:21.797778+00:00,79.938986,55368.0,H Route
18016,3,2025-10-01 18:42:20.282020+00:00,2025-10-01 18:43:13.481089+00:00,53.199069,55368.0,H Route
18016,11,2025-10-01 18:47:54.756827+00:00,2025-10-01 18:48:21.313603+00:00,26.556776,55368.0,H Route
18016,10,2025-10-01 18:50:24.967002+00:00,2025-10-01 18:56:52.141038+00:00,387.174036,55368.0,H Route
18016,8,2025-10-01 18:59:21.479580+00:00,2025-10-01 19:00:14.894121+00:00,53.414541,55368.0,H Route
18016,7,2025-10-01 19:00:59.149915+00:00,2025-10-01 19:01:52.229464+00:00,53.079549,55368.0,H Route
18016,5,2025-10-01 19:04:32.043841+00:00,2025-10-01 19:04:41.105702+00:00,9.061861,55368.0,H Route
18016,1,2025-10-01 19:10:53.090378+00:00,2025-10-01 19:12:13.202482+00:00,80.112104,55368.0,H Route
18016,2,2025-10-01 19:15:10.418254+00:00,2025-10-01 19:17:13.327343+00:00,122.909089,55368.0,H Route
18016,3,2025-10-01 19:27:43.693678+00:00,2025-10-01 19:28:54.082283+00:00,70.388605,55368.0,H Route
18016,11,2025-10-01 19:34:35.243581+00:00,2025-10-01 19:35:28.383794+00:00,53.140213,55368.0,H Route
18016,10,2025-10-01 19:37:31.140928+00:00,2025-10-01 19:39:26.280472+00:00,115.139544,55368.0,H Route
18016,8,2025-10-01 19:42:22.047684+00:00,2025-10-01 19:43:32.323229+00:00,70.275545,55368.0,H Route
18016,7,2025-10-01 19:44:25.120957+00:00,2025-10-01 19:45:19.075277+00:00,53.95432,55368.0,H Route
18016,5,2025-10-01 19:47:38.001509+00:00,2025-10-01 19:48:12.959847+00:00,34.958338,55368.0,H Route
18016,1,2025-10-01 20:00:57.403077+00:00,2025-10-01 20:02:21.401526+00:00,83.998449,55368.0,H Route
18016,2,2025-10-01 20:04:08.502313+00:00,2025-10-01 20:06:49.031227+00:00,160.528914,55368.0,H Route
18016,3,2025-10-01 20:13:04.496277+00:00,2025-10-01 20:13:49.318043+00:00,44.821766,55368.0,H Route
18016,11,2025-10-01 20:18:34.602171+00:00,2025-10-01 20:19:01.170364+00:00,26.568193,55368.0,H Route
18016,10,2025-10-01 20:21:05.876271+00:00,2025-10-01 20:24:05.189084+00:00,179.312813,55368.0,H Route
18016,8,2025-10-01 20:26:44.180562+00:00,2025-10-01 20:27:54.566204+00:00,70.385642,55368.0,H Route
18016,7,2025-10-01 20:28:47.201766+00:00,2025-10-01 20:29:31.274239+00:00,44.072473,55368.0,H Route
18016,5,2025-10-01 20:32:08.997015+00:00,2025-10-01 20:32:35.132706+00:00,26.135691,55368.0,H Route
18016,1,2025-10-01 20:43:05.399393+00:00,2025-10-01 20:48:30.033065+00:00,324.633672,55368.0,H Route
18016,2,2025-10-01 20:50:31.978436+00:00,2025-10-01 20:51:25.151523+00:00,53.173087,55368.0,H Route
18016,3,2025-10-01 20:58:58.933739+00:00,2025-10-01 20:59:51.214959+00:00,52.28122,55368.0,H Route
18016,11,2025-10-01 21:04:39.538115+00:00,2025-10-01 21:05:23.246162+00:00,43.708047,55368.0,H Route
18016,10,2025-10-01 21:07:46.075856+00:00,2025-10-01 21:10:06.826356+00:00,140.7505,55368.0,H Route
18016,8,2025-10-01 21:13:35.165762+00:00,2025-10-01 21:15:11.001416+00:00,95.835654,55368.0,H Route
18016,7,2025-10-01 21:16:12.233777+00:00,2025-10-01 21:17:56.311784+00:00,104.078007,55368.0,H Route
18016,5,2025-10-01 21:20:41.841959+00:00,2025-10-01 21:21:08.455207+00:00,26.613248,55368.0,H Route
18016,1,2025-10-01 21:39:38.575769+00:00,2025-10-01 21:41:32.662620+00:00,114.086851,55368.0,H Route
18016,2,2025-10-01 21:43:16.725285+00:00,2025-10-01 21:44:26.078588+00:00,69.353303,55368.0,H Route
18016,3,2025-10-01 21:53:25.899816+00:00,2025-10-01 21:54:26.917630+00:00,61.017814,55368.0,H Route
18016,11,2025-10-01 22:00:17.558798+00:00,2025-10-01 22:01:10.494466+00:00,52.935668,55368.0,H Route
18016,10,2025-10-01 22:03:30.094696+00:00,2025-10-01 22:06:08.964384+00:00,158.869688,55368.0,H Route
18016,8,2025-10-01 22:09:04.876851+00:00,2025-10-01 22:10:16.190837+00:00,71.313986,55368.0,H Route
18016,7,2025-10-01 22:11:09.544952+00:00,2025-10-01 22:11:54.406516+00:00,44.861564,55368.0,H Route
18016,5,2025-10-01 22:14:23.668290+00:00,2025-10-01 22:14:58.462541+00:00,34.794251,55368.0,H Route
18016,1,2025-10-01 22:23:37.983618+00:00,2025-10-01 22:25:22.918167+00:00,104.934549,55368.0,H Route
18016,2,2025-10-01 22:27:17.603201+00:00,2025-10-01 22:28:28.289145+00:00,70.685944,55368.0,H Route
18016,3,2025-10-01 22:31:59.568858+00:00,2025-10-01 22:32:52.183053+00:00,52.614195,55368.0,H Route
18016,11,2025-10-01 22:37:32.742969+00:00,2025-10-01 22:38:25.301771+00:00,52.558802,55368.0,H Route
18016,10,2025-10-01 22:40:36.923151+00:00,2025-10-01 22:42:57.696357+00:00,140.773206,55368.0,H Route
18016,8,2025-10-01 22:45:35.568902+00:00,2025-10-01 22:48:39.752595+00:00,184.183693,55368.0,H Route
18016,7,2025-10-01 22:49:41.446542+00:00,2025-10-01 22:50:52.447171+00:00,71.000629,55368.0,H Route
18016,5,2025-10-01 22:53:21.506156+00:00,2025-10-01 22:53:47.602403+00:00,26.096247,55368.0,H Route
18016,1,2025-10-01 23:00:23.495239+00:00,2025-10-01 23:02:53.336139+00:00,149.8409,55368.0,H Route
18016,2,2025-10-01 23:05:05.464092+00:00,2025-10-01 23:06:43.174582+00:00,97.71049,55368.0,H Route
18016,3,2025-10-01 23:11:50.954916+00:00,2025-10-01 23:13:27.483640+00:00,96.528724,55368.0,H Route
18016,11,2025-10-01 23:18:51.349652+00:00,2025-10-01 23:20:01.370149+00:00,70.020497,55368.0,H Route
18016,10,2025-10-01 23:22:31.530800+00:00,2025-10-01 23:25:00.496595+00:00,148.965795,55368.0,H Route
18016,8,2025-10-01 23:27:47.800798+00:00,2025-10-01 23:29:06.704360+00:00,78.903562,55368.0,H Route
18016,7,2025-10-01 23:30:08.382783+00:00,2025-10-01 23:30:52.471633+00:00,44.08885,55368.0,H Route
18016,5,2025-10-01 23:33:04.686900+00:00,2025-10-01 23:33:40.356739+00:00,35.669839,55368.0,H Route
18016,1,2025-10-01 23:39:24.181163+00:00,2025-10-01 23:42:37.735446+00:00,193.554283,55368.0,H Route
18016,2,2025-10-01 23:44:51.161877+00:00,2025-10-01 23:46:01.872240+00:00,70.710363,55368.0,H Route
18016,3,2025-10-01 23:49:06.471761+00:00,2025-10-01 23:51:00.659488+00:00,114.187727,55368.0,H Route
18016,11,2025-10-01 23:56:15.478838+00:00,2025-10-01 23:56:41.501878+00:00,26.02304,55368.0,H Route
18016,10,2025-10-01 23:59:18.875084+00:00,2025-10-02 00:01:22.121578+00:00,123.246494,55368.0,H Route
18016,8,2025-10-02 00:04:08.859119+00:00,2025-10-02 00:05:30.545574+00:00,81.686455,55368.0,H Route
18016,7,2025-10-02 00:06:06.918753+00:00,2025-10-02 00:06:42.430677+00:00,35.511924,55368.0,H Route
18016,5,2025-10-02 00:09:42.664609+00:00,2025-10-02 00:10:26.388442+00:00,43.723833,55368.0,H Route
19394,5,2025-10-01 21:21:44.311819+00:00,2025-10-01 21:21:53.380208+00:00,9.068389,54545.0,LX Route
19394,1,2025-10-01 21:22:19.680771+00:00,2025-10-01 21:22:28.459628+00:00,8.778857,54545.0,LX Route
19394,10,2025-10-01 21:22:54.734693+00:00,2025-10-01 21:23:03.474477+00:00,8.739784,54545.0,LX Route
19394,11,2025-10-01 21:24:04.696923+00:00,2025-10-01 21:24:57.121634+00:00,52.424711,54545.0,LX Route
19394,1,2025-10-01 21:43:59.786297+00:00,2025-10-01 21:45:00.899222+00:00,61.112925,54545.0,LX Route
19394,2,2025-10-01 21:47:28.590861+00:00,2025-10-01 21:49:39.285689+00:00,130.694828,54545.0,LX Route
19394,3,2025-10-01 21:54:53.151833+00:00,2025-10-01 21:55:46.295507+00:00,53.143674,54545.0,LX Route
19394,5,2025-10-01 22:02:11.714146+00:00,2025-10-01 22:02:29.037658+00:00,17.323512,54545.0,LX Route
19394,6,2025-10-01 22:04:31.795745+00:00,2025-10-01 22:05:33.895561+00:00,62.099816,54545.0,LX Route
19394,9,2025-10-01 22:06:44.268952+00:00,2025-10-01 22:07:37.098806+00:00,52.829854,54545.0,LX Route
19394,10,2025-10-01 22:09:31.050374+00:00,2025-10-01 22:11:09.674297+00:00,98.623923,54545.0,LX Route
19394,11,2025-10-01 22:12:38.314649+00:00,2025-10-01 22:13:22.325829+00:00,44.01118,54545.0,LX Route
19394,1,2025-10-01 22:21:16.937200+00:00,2025-10-01 22:23:11.730343+00:00,114.793143,54545.0,LX Route
19394,2,2025-10-01 22:24:30.115775+00:00,2025-10-01 22:25:14.151829+00:00,44.036054,54545.0,LX Route
19394,3,2025-10-01 22:27:07.869017+00:00,2025-10-01 22:27:52.932912+00:00,45.063895,54545.0,LX Route
19394,5,2025-10-01 22:32:43.169013+00:00,2025-10-01 22:33:09.887434+00:00,26.718421,54545.0,LX Route
19394,6,2025-10-01 22:35:12.099033+00:00,2025-10-01 22:36:05.345702+00:00,53.246669,54545.0,LX Route
19394,9,2025-10-01 22:36:40.283910+00:00,2025-10-01 22:37:24.110092+00:00,43.826182,54545.0,LX Route
19394,10,2025-10-01 22:39:26.769827+00:00,2025-10-01 22:44:08.088759+00:00,281.318932,54545.0,LX Route
19394,11,2025-10-01 22:45:26.451712+00:00,2025-10-01 22:46:10.966227+00:00,44.514515,54545.0,LX Route
19394,1,2025-10-01 22:53:03.844853+00:00,2025-10-01 22:54:05.105224+00:00,61.260371,54545.0,LX Route
19394,2,2025-10-01 22:55:50.527869+00:00,2025-10-01 22:57:01.262107+00:00,70.734238,54545.0,LX Route
19394,3,2025-10-01 23:00:32.316268+00:00,2025-10-01 23:02:00.463167+00:00,88.146899,54545.0,LX Route
19394,5,2025-10-01 23:07:54.245523+00:00,2025-10-01 23:08:37.809983+00:00,43.56446,54545.0,LX Route
19394,6,2025-10-01 23:11:15.895454+00:00,2025-10-01 23:12:52.441959+00:00,96.546505,54545.0,LX Route
19394,9,2025-10-01 23:13:53.844339+00:00,2025-10-01 23:15:30.771934+00:00,96.927595,54545.0,LX Route
19394,10,2025-10-01 23:17:50.215128+00:00,2025-10-01 23:20:10.204330+00:00,139.989202,54545.0,LX Route
19394,11,2025-10-01 23:22:22.706906+00:00,2025-10-01 23:23:06.499279+00:00,43.792373,54545.0,LX Route
19394,1,2025-10-01 23:28:14.249604+00:00,2025-10-01 23:29:50.965917+00:00,96.716313,54545.0,LX Route
19394,2,2025-10-01 23:30:52.474465+00:00,2025-10-01 23:31:45.865204+00:00,53.390739,54545.0,LX Route
19394,3,2025-10-01 23:34:15.612649+00:00,2025-10-01 23:35:17.373376+00:00,61.760727,54545.0,LX Route
19394,5,2025-10-01 23:41:00.238632+00:00,2025-10-01 23:41:45.053325+00:00,44.814693,54545.0,LX Route
19394,6,2025-10-01 23:44:05.953869+00:00,2025-10-01 23:44:51.294684+00:00,45.340815,54545.0,LX Route
19394,9,2025-10-01 23:45:34.908712+00:00,2025-10-01 23:46:45.663558+00:00,70.754846,54545.0,LX Route
19394,10,2025-10-01 23:48:57.579514+00:00,2025-10-01 23:50:16.697961+00:00,79.118447,54545.0,LX Route
19394,11,2025-10-01 23:51:53.519149+00:00,2025-10-01 23:52:37.299588+00:00,43.780439,54545.0,LX Route
19394,1,2025-10-01 23:56:50.123500+00:00,2025-10-02 00:00:29.400839+00:00,219.277339,54545.0,LX Route
19394,2,2025-10-02 00:01:56.687924+00:00,2025-10-02 00:02:05.586443+00:00,8.898519,54545.0,LX Route
19394,3,2025-10-02 00:05:03.071696+00:00,2025-10-02 00:05:58.062048+00:00,54.990352,54545.0,LX Route
19394,5,2025-10-02 00:11:28.562443+00:00,2025-10-02 00:11:55.178630+00:00,26.616187,54545.0,LX Route
19399,10,2025-10-01 10:13:06.697934+00:00,2025-10-01 10:15:14.203166+00:00,127.505232,55368.0,H Route
19399,8,2025-10-01 10:17:29.915485+00:00,2025-10-01 10:18:04.126802+00:00,34.211317,55368.0,H Route
19399,7,2025-10-01 10:18:38.046741+00:00,2025-10-01 10:19:20.639373+00:00,42.592632,55368.0,H Route
19399,5,2025-10-01 10:21:19.092729+00:00,2025-10-01 10:24:00.164891+00:00,161.072162,55368.0,H Route
19399,1,2025-10-01 10:28:31.264284+00:00,2025-10-01 10:29:39.399803+00:00,68.135519,55368.0,H Route
19399,3,2025-10-01 10:33:03.023116+00:00,2025-10-01 10:33:28.551653+00:00,25.528537,55368.0,H Route
19399,11,2025-10-01 10:37:35.532221+00:00,2025-10-01 10:38:01.031431+00:00,25.49921,55368.0,H Route
19399,10,2025-10-01 10:39:51.025356+00:00,2025-10-01 10:42:49.446835+00:00,178.421479,55368.0,H Route
19399,8,2025-10-01 10:45:04.626940+00:00,2025-10-01 10:45:38.653695+00:00,34.026755,55368.0,H Route
19399,7,2025-10-01 10:46:12.602337+00:00,2025-10-01 10:46:55.024703+00:00,42.422366,55368.0,H Route
19399,5,2025-10-01 10:48:45.027759+00:00,2025-10-01 10:50:18.790044+00:00,93.762285,55368.0,H Route
19399,1,2025-10-01 10:55:07.371554+00:00,2025-10-01 10:57:23.535218+00:00,136.163664,55368.0,H Route
19399,2,2025-10-01 10:58:31.428894+00:00,2025-10-01 10:58:57.073827+00:00,25.644933,55368.0,H Route
19399,3,2025-10-01 11:01:13.884385+00:00,2025-10-01 11:01:56.735061+00:00,42.850676,55368.0,H Route
19399,11,2025-10-01 11:05:48.228472+00:00,2025-10-01 11:06:22.764813+00:00,34.536341,55368.0,H Route
19399,10,2025-10-01 11:08:05.925670+00:00,2025-10-01 11:10:32.278403+00:00,146.352733,55368.0,H Route
19399,8,2025-10-01 11:12:50.173051+00:00,2025-10-01 11:13:33.288378+00:00,43.115327,55368.0,H Route
19399,7,2025-10-01 11:14:16.539619+00:00,2025-10-01 11:14:51.144446+00:00,34.604827,55368.0,H Route
19399,5,2025-10-01 11:16:52.193759+00:00,2025-10-01 11:21:02.268342+00:00,250.074583,55368.0,H Route
19399,1,2025-10-01 11:25:56.925907+00:00,2025-10-01 11:26:05.763846+00:00,8.837939,55368.0,H Route
19399,2,2025-10-01 11:26:57.822068+00:00,2025-10-01 11:27:49.514263+00:00,51.692195,55368.0,H Route
19399,3,2025-10-01 11:29:59.601641+00:00,2025-10-01 11:30:51.640470+00:00,52.038829,55368.0,H Route
19399,11,2025-10-01 11:34:28.242288+00:00,2025-10-01 11:35:11.601098+00:00,43.35881,55368.0,H Route
19399,10,2025-10-01 11:36:46.350641+00:00,2025-10-01 11:39:22.495728+00:00,156.145087,55368.0,H Route
19399,8,2025-10-01 11:41:23.630397+00:00,2025-10-01 11:44:26.998000+00:00,183.367603,55368.0,H Route
19399,7,2025-10-01 11:45:10.336912+00:00,2025-10-01 11:45:45.142314+00:00,34.805402,55368.0,H Route
19399,5,2025-10-01 11:47:29.282498+00:00,2025-10-01 11:47:38.244245+00:00,8.961747,55368.0,H Route
19399,1,2025-10-01 11:52:23.505614+00:00,2025-10-01 11:53:15.236057+00:00,51.730443,55368.0,H Route
19399,2,2025-10-01 11:54:33.111271+00:00,2025-10-01 11:55:08.227379+00:00,35.116108,55368.0,H Route
19399,3,2025-10-01 11:57:01.877574+00:00,2025-10-01 11:57:36.511308+00:00,34.633734,55368.0,H Route
19399,11,2025-10-01 12:01:30.194043+00:00,2025-10-01 12:02:04.659770+00:00,34.465727,55368.0,H Route
19399,10,2025-10-01 12:03:48.221307+00:00,2025-10-01 12:07:00.543855+00:00,192.322548,55368.0,H Route
19399,8,2025-10-01 12:09:36.329531+00:00,2025-10-01 12:10:28.328213+00:00,51.998682,55368.0,H Route
19399,7,2025-10-01 12:11:20.546397+00:00,2025-10-01 12:12:03.814529+00:00,43.268132,55368.0,H Route
19399,5,2025-10-01 12:13:47.109031+00:00,2025-10-01 12:13:55.845214+00:00,8.736183,55368.0,H Route
19399,1,2025-10-01 12:20:14.401235+00:00,2025-10-01 12:21:15.450225+00:00,61.04899,55368.0,H Route
19399,2,2025-10-01 12:22:41.658026+00:00,2025-10-01 12:23:24.962388+00:00,43.304362,55368.0,H Route
19399,3,2025-10-01 12:25:18.568489+00:00,2025-10-01 12:26:10.376084+00:00,51.807595,55368.0,H Route
19399,11,2025-10-01 12:29:55.724773+00:00,2025-10-01 12:30:39.041087+00:00,43.316314,55368.0,H Route
19399,10,2025-10-01 12:32:23.370991+00:00,2025-10-01 12:35:24.921354+00:00,181.550363,55368.0,H Route
19399,8,2025-10-01 12:37:51.940430+00:00,2025-10-01 12:39:18.798687+00:00,86.858257,55368.0,H Route
19399,7,2025-10-01 12:40:45.379313+00:00,2025-10-01 12:41:03.236174+00:00,17.856861,55368.0,H Route
19399,1,2025-10-01 12:45:06.207814+00:00,2025-10-01 12:45:49.967003+00:00,43.759189,55368.0,H Route
19399,2,2025-10-01 12:46:59.949839+00:00,2025-10-01 12:47:17.511363+00:00,17.561524,55368.0,H Route
19399,3,2025-10-01 12:49:52.919411+00:00,2025-10-01 12:50:45.093649+00:00,52.174238,55368.0,H Route
19399,11,2025-10-01 12:54:38.926950+00:00,2025-10-01 12:55:05.398281+00:00,26.471331,55368.0,H Route
19399,10,2025-10-01 12:56:31.476730+00:00,2025-10-01 12:58:15.793835+00:00,104.317105,55368.0,H Route
19399,8,2025-10-01 13:00:17.137193+00:00,2025-10-01 13:06:47.176848+00:00,390.039655,55368.0,H Route
19399,7,2025-10-01 13:07:22.188494+00:00,2025-10-01 13:07:56.774153+00:00,34.585659,55368.0,H Route
19399,5,2025-10-01 13:09:41.461870+00:00,2025-10-01 13:09:58.896801+00:00,17.434931,55368.0,H Route
19399,1,2025-10-01 13:14:01.280120+00:00,2025-10-01 13:16:03.420281+00:00,122.140161,55368.0,H Route
19399,2,2025-10-01 13:17:20.701174+00:00,2025-10-01 13:18:48.352820+00:00,87.651646,55368.0,H Route
19399,3,2025-10-01 13:20:06.968543+00:00,2025-10-01 13:22:25.965431+00:00,138.996888,55368.0,H Route
19399,11,2025-10-01 13:26:12.460848+00:00,2025-10-01 13:27:13.097695+00:00,60.636847,55368.0,H Route
19399,10,2025-10-01 13:28:23.826457+00:00,2025-10-01 13:31:26.082301+00:00,182.255844,55368.0,H Route
19399,8,2025-10-01 13:33:10.837563+00:00,2025-10-01 13:34:47.818561+00:00,96.980998,55368.0,H Route
19399,7,2025-10-01 13:35:14.181713+00:00,2025-10-01 13:36:15.422121+00:00,61.240408,55368.0,H Route
19399,5,2025-10-01 13:38:08.218207+00:00,2025-10-01 13:38:26.247195+00:00,18.028988,55368.0,H Route
19399,1,2025-10-01 13:43:22.105383+00:00,2025-10-01 13:44:33.037777+00:00,70.932394,55368.0,H Route
19399,2,2025-10-01 13:45:50.863522+00:00,2025-10-01 13:46:43.425362+00:00,52.56184,55368.0,H Route
19399,3,2025-10-01 13:48:19.286968+00:00,2025-10-01 13:49:20.926828+00:00,61.63986,55368.0,H Route
19399,11,2025-10-01 13:53:06.557091+00:00,2025-10-01 13:53:49.827262+00:00,43.270171,55368.0,H Route
19399,10,2025-10-01 13:55:42.864242+00:00,2025-10-01 13:57:01.375569+00:00,78.511327,55368.0,H Route
19399,8,2025-10-01 14:00:20.965097+00:00,2025-10-01 14:01:13.812728+00:00,52.847631,55368.0,H Route
19399,7,2025-10-01 14:01:57.746244+00:00,2025-10-01 14:02:41.991958+00:00,44.245714,55368.0,H Route
19399,5,2025-10-01 14:04:44.151095+00:00,2025-10-01 14:04:52.949724+00:00,8.798629,55368.0,H Route
19399,1,2025-10-01 14:11:16.296832+00:00,2025-10-01 14:12:09.002301+00:00,52.705469,55368.0,H Route
19399,2,2025-10-01 14:15:29.293157+00:00,2025-10-01 14:16:04.656574+00:00,35.363417,55368.0,H Route
19399,3,2025-10-01 14:18:32.898251+00:00,2025-10-01 14:19:34.297282+00:00,61.399031,55368.0,H Route
19399,11,2025-10-01 14:23:28.616041+00:00,2025-10-01 14:24:03.547678+00:00,34.931637,55368.0,H Route
19399,10,2025-10-01 14:25:39.493662+00:00,2025-10-01 14:29:17.836525+00:00,218.342863,55368.0,H Route
19399,8,2025-10-01 14:32:12.124853+00:00,2025-10-01 14:32:55.775542+00:00,43.650689,55368.0,H Route
19399,7,2025-10-01 14:34:14.432036+00:00,2025-10-01 14:34:49.420258+00:00,34.988222,55368.0,H Route
19399,5,2025-10-01 14:37:00.339114+00:00,2025-10-01 14:37:44.307421+00:00,43.968307,55368.0,H Route
19399,1,2025-10-01 14:43:15.842579+00:00,2025-10-01 14:46:28.769694+00:00,192.927115,55368.0,H Route
19399,2,2025-10-01 14:47:47.108660+00:00,2025-10-01 14:48:30.843271+00:00,43.734611,55368.0,H Route
19399,3,2025-10-01 14:51:00.093397+00:00,2025-10-01 14:52:18.700208+00:00,78.606811,55368.0,H Route
19399,11,2025-10-01 14:55:22.327074+00:00,2025-10-01 14:55:57.437463+00:00,35.110389,55368.0,H Route
19399,10,2025-10-01 14:57:51.053854+00:00,2025-10-01 14:59:44.955414+00:00,113.90156,55368.0,H Route
19399,8,2025-10-01 15:02:12.639374+00:00,2025-10-01 15:03:13.821990+00:00,61.182616,55368.0,H Route
19399,7,2025-10-01 15:04:06.641975+00:00,2025-10-01 15:04:50.808901+00:00,44.166926,55368.0,H Route
19399,5,2025-10-01 15:07:01.535705+00:00,2025-10-01 15:07:19.230360+00:00,17.694655,55368.0,H Route
19399,1,2025-10-01 15:12:23.883303+00:00,2025-10-01 15:13:51.121981+00:00,87.238678,55368.0,H Route
19399,2,2025-10-01 15:14:52.255777+00:00,2025-10-01 15:15:18.655244+00:00,26.399467,55368.0,H Route
19399,3,2025-10-01 15:17:39.455415+00:00,2025-10-01 15:18:32.471777+00:00,53.016362,55368.0,H Route
19399,11,2025-10-01 15:22:47.554382+00:00,2025-10-01 15:22:56.455750+00:00,8.901368,55368.0,H Route
19399,10,2025-10-01 15:24:49.473880+00:00,2025-10-01 15:28:11.784282+00:00,202.310402,55368.0,H Route
19399,8,2025-10-01 15:31:15.288938+00:00,2025-10-01 15:32:07.866176+00:00,52.577238,55368.0,H Route
19399,7,2025-10-01 15:33:26.684067+00:00,2025-10-01 15:34:01.890810+00:00,35.206743,55368.0,H Route
19399,5,2025-10-01 15:36:22.138511+00:00,2025-10-01 15:36:40.147507+00:00,18.008996,55368.0,H Route
19399,1,2025-10-01 15:42:03.262938+00:00,2025-10-01 15:43:30.762441+00:00,87.499503,55368.0,H Route
19399,2,2025-10-01 15:46:42.706646+00:00,2025-10-01 15:47:09.379038+00:00,26.672392,55368.0,H Route
19399,3,2025-10-01 15:50:29.291258+00:00,2025-10-01 15:51:30.464655+00:00,61.173397,55368.0,H Route
19399,11,2025-10-01 15:55:26.439861+00:00,2025-10-01 15:57:02.701326+00:00,96.261465,55368.0,H Route
19399,10,2025-10-01 15:58:12.610212+00:00,2025-10-01 16:00:59.147068+00:00,166.536856,55368.0,H Route
19399,8,2025-10-01 16:03:01.160059+00:00,2025-10-01 16:04:11.403621+00:00,70.243562,55368.0,H Route
19399,7,2025-10-01 16:05:04.010956+00:00,2025-10-01 16:05:48.433221+00:00,44.422265,55368.0,H Route
19399,5,2025-10-01 16:07:51.469413+00:00,2025-10-01 16:08:09.324382+00:00,17.854969,55368.0,H Route
19399,1,2025-10-01 16:14:44.142449+00:00,2025-10-01 16:16:03.379439+00:00,79.23699,55368.0,H Route
19399,2,2025-10-01 16:18:06.118809+00:00,2025-10-01 16:19:16.457113+00:00,70.338304,55368.0,H Route
19399,3,2025-10-01 16:22:12.278846+00:00,2025-10-01 16:22:55.670956+00:00,43.39211,55368.0,H Route
19399,11,2025-10-01 16:27:08.765480+00:00,2025-10-01 16:27:44.124944+00:00,35.359464,55368.0,H Route
19399,10,2025-10-01 16:30:21.651385+00:00,2025-10-01 16:32:32.780345+00:00,131.12896,55368.0,H Route
19399,8,2025-10-01 16:35:02.062115+00:00,2025-10-01 16:35:46.336131+00:00,44.274016,55368.0,H Route
19399,7,2025-10-01 16:36:39.363826+00:00,2025-10-01 16:37:14.689369+00:00,35.325543,55368.0,H Route
19399,5,2025-10-01 16:39:25.862394+00:00,2025-10-01 16:39:51.872362+00:00,26.009968,55368.0,H Route
19399,1,2025-10-01 16:44:50.619758+00:00,2025-10-01 16:47:19.855740+00:00,149.235982,55368.0,H Route
19399,2,2025-10-01 16:49:30.341732+00:00,2025-10-01 16:50:14.112259+00:00,43.770527,55368.0,H Route
19399,3,2025-10-01 16:53:35.645791+00:00,2025-10-01 16:54:54.881092+00:00,79.235301,55368.0,H Route
19399,11,2025-10-01 16:58:17.166223+00:00,2025-10-01 16:58:35.080192+00:00,17.913969,55368.0,H Route
19399,10,2025-10-01 17:00:29.181332+00:00,2025-10-01 17:04:00.571398+00:00,211.390066,55368.0,H Route
19399,8,2025-10-01 17:06:21.456187+00:00,2025-10-01 17:13:16.311933+00:00,414.855746,55368.0,H Route
19399,7,2025-10-01 17:13:51.630386+00:00,2025-10-01 17:14:44.501697+00:00,52.871311,55368.0,H Route
19399,5,2025-10-01 17:16:38.678950+00:00,2025-10-01 17:16:47.489590+00:00,8.81064,55368.0,H Route
19399,1,2025-10-01 17:22:30.629079+00:00,2025-10-01 17:23:06.070490+00:00,35.441411,55368.0,H Route
19399,2,2025-10-01 17:25:08.361886+00:00,2025-10-01 17:26:01.163270+00:00,52.801384,55368.0,H Route
19399,3,2025-10-01 17:32:18.526271+00:00,2025-10-01 17:33:45.727035+00:00,87.200764,55368.0,H Route
19399,11,2025-10-01 17:37:41.405296+00:00,2025-10-01 17:38:07.714455+00:00,26.309159,55368.0,H Route
19399,10,2025-10-01 17:40:02.510030+00:00,2025-10-01 17:41:38.730082+00:00,96.220052,55368.0,H Route
19399,8,2025-10-01 17:44:23.963958+00:00,2025-10-01 17:45:25.644123+00:00,61.680165,55368.0,H Route
19399,7,2025-10-01 17:46:36.853480+00:00,2025-10-01 17:47:55.856922+00:00,79.003442,55368.0,H Route
19399,5,2025-10-01 17:49:50.082801+00:00,2025-10-01 17:49:58.959849+00:00,8.877048,55368.0,H Route
19399,1,2025-10-01 17:55:30.658104+00:00,2025-10-01 17:56:58.374761+00:00,87.716657,55368.0,H Route
19399,2,2025-10-01 18:00:02.267869+00:00,2025-10-01 18:00:20.096185+00:00,17.828316,55368.0,H Route
19399,3,2025-10-01 18:03:54.152067+00:00,2025-10-01 18:04:49.132010+00:00,54.979943,55368.0,H Route
19399,11,2025-10-01 18:08:57.777907+00:00,2025-10-01 18:09:33.851596+00:00,36.073689,55368.0,H Route
19399,10,2025-10-01 18:11:29.298782+00:00,2025-10-01 18:13:06.841999+00:00,97.543217,55368.0,H Route
19399,8,2025-10-01 18:15:28.416805+00:00,2025-10-01 18:16:30.242161+00:00,61.825356,55368.0,H Route
19399,7,2025-10-01 18:17:13.962667+00:00,2025-10-01 18:17:40.778879+00:00,26.816212,55368.0,H Route
19399,5,2025-10-01 18:19:34.992057+00:00,2025-10-01 18:19:44.125010+00:00,9.132953,55368.0,H Route
19399,1,2025-10-01 18:26:37.414566+00:00,2025-10-01 18:27:47.317372+00:00,69.902806,55368.0,H Route
19399,2,2025-10-01 18:29:41.691146+00:00,2025-10-01 18:30:25.603765+00:00,43.912619,55368.0,H Route
19399,3,2025-10-01 18:33:04.069174+00:00,2025-10-01 18:33:30.760970+00:00,26.691796,55368.0,H Route
19399,11,2025-10-01 18:37:28.193134+00:00,2025-10-01 18:37:54.972376+00:00,26.779242,55368.0,H Route
19399,10,2025-10-01 18:39:50.024695+00:00,2025-10-01 18:42:55.777697+00:00,185.753002,55368.0,H Route
19399,8,2025-10-01 18:45:16.334160+00:00,2025-10-01 18:46:44.197157+00:00,87.862997,55368.0,H Route
19399,7,2025-10-01 18:47:36.959222+00:00,2025-10-01 18:48:30.185623+00:00,53.226401,55368.0,H Route
19399,5,2025-10-01 18:50:15.996733+00:00,2025-10-01 18:51:00.395401+00:00,44.398668,55368.0,H Route
19399,1,2025-10-01 18:55:41.466109+00:00,2025-10-01 18:58:20.292677+00:00,158.826568,55368.0,H Route
19399,2,2025-10-01 18:59:21.543632+00:00,2025-10-01 19:00:14.974872+00:00,53.43124,55368.0,H Route
19399,3,2025-10-01 19:02:09.916637+00:00,2025-10-01 19:03:21.245770+00:00,71.329133,55368.0,H Route
19399,11,2025-10-01 19:07:29.129365+00:00,2025-10-01 19:08:21.275268+00:00,52.145903,55368.0,H Route
19399,10,2025-10-01 19:09:50.064216+00:00,2025-10-01 19:14:08.112823+00:00,258.048607,55368.0,H Route
19399,8,2025-10-01 19:16:46.787071+00:00,2025-10-01 19:18:23.485843+00:00,96.698772,55368.0,H Route
19399,7,2025-10-01 19:18:41.449659+00:00,2025-10-01 19:20:09.016471+00:00,87.566812,55368.0,H Route
19399,5,2025-10-01 19:22:28.349853+00:00,2025-10-01 19:22:54.805450+00:00,26.455597,55368.0,H Route
19399,1,2025-10-01 19:29:54.624876+00:00,2025-10-01 19:33:33.883877+00:00,219.259001,55368.0,H Route
19399,2,2025-10-01 19:38:32.905037+00:00,2025-10-01 19:40:01.463992+00:00,88.558955,55368.0,H Route
19399,3,2025-10-01 19:50:50.524597+00:00,2025-10-01 19:51:51.617539+00:00,61.092942,55368.0,H Route
19399,11,2025-10-01 19:56:23.865444+00:00,2025-10-01 19:57:16.306288+00:00,52.440844,55368.0,H Route
19399,10,2025-10-01 19:58:53.066530+00:00,2025-10-01 20:00:31.097224+00:00,98.030694,55368.0,H Route
19399,8,2025-10-01 20:02:39.732211+00:00,2025-10-01 20:03:59.505428+00:00,79.773217,55368.0,H Route
19399,7,2025-10-01 20:04:44.437355+00:00,2025-10-01 20:05:37.629356+00:00,53.192001,55368.0,H Route
19399,5,2025-10-01 20:07:24.927962+00:00,2025-10-01 20:08:27.140378+00:00,62.212416,55368.0,H Route
19399,1,2025-10-01 20:13:22.469860+00:00,2025-10-01 20:14:33.720322+00:00,71.250462,55368.0,H Route
19399,2,2025-10-01 20:15:53.073650+00:00,2025-10-01 20:16:38.277368+00:00,45.203718,55368.0,H Route
19399,3,2025-10-01 20:21:23.415000+00:00,2025-10-01 20:22:16.973181+00:00,53.558181,55368.0,H Route
19399,11,2025-10-01 20:25:51.718705+00:00,2025-10-01 20:26:26.741853+00:00,35.023148,55368.0,H Route
19399,10,2025-10-01 20:27:54.568379+00:00,2025-10-01 20:34:11.198004+00:00,376.629625,55368.0,H Route
19399,8,2025-10-01 20:36:48.877541+00:00,2025-10-01 20:37:41.296195+00:00,52.418654,55368.0,H Route
19399,7,2025-10-01 20:38:42.160944+00:00,2025-10-01 20:39:25.912080+00:00,43.751136,55368.0,H Route
19399,5,2025-10-01 20:41:19.402666+00:00,2025-10-01 20:41:36.826553+00:00,17.423887,55368.0,H Route
19399,1,2025-10-01 20:49:13.611854+00:00,2025-10-01 20:50:58.467759+00:00,104.855905,55368.0,H Route
19399,2,2025-10-01 20:52:43.885724+00:00,2025-10-01 20:53:36.408610+00:00,52.522886,55368.0,H Route
19399,3,2025-10-01 21:02:11.090447+00:00,2025-10-01 21:03:29.551080+00:00,78.460633,55368.0,H Route
19399,11,2025-10-01 21:07:46.164229+00:00,2025-10-01 21:08:30.334760+00:00,44.170531,55368.0,H Route
19399,10,2025-10-01 21:10:50.446042+00:00,2025-10-01 21:13:00.428251+00:00,129.982209,55368.0,H Route
19399,8,2025-10-01 21:16:03.186041+00:00,2025-10-01 21:17:38.956436+00:00,95.770395,55368.0,H Route
19399,7,2025-10-01 21:18:22.399380+00:00,2025-10-01 21:20:06.723943+00:00,104.324563,55368.0,H Route
19399,5,2025-10-01 21:22:02.156496+00:00,2025-10-01 21:22:37.227311+00:00,35.070815,55368.0,H Route
19399,1,2025-10-01 21:40:48.717057+00:00,2025-10-01 21:42:07.174562+00:00,78.457505,55368.0,H Route
19399,2,2025-10-01 21:44:08.584674+00:00,2025-10-01 21:46:01.524103+00:00,112.939429,55368.0,H Route
19399,3,2025-10-01 21:53:34.733955+00:00,2025-10-01 21:54:44.506130+00:00,69.772175,55368.0,H Route
19399,11,2025-10-01 22:00:35.443368+00:00,2025-10-01 22:01:28.071842+00:00,52.628474,55368.0,H Route
19399,10,2025-10-01 22:03:39.070581+00:00,2025-10-01 22:20:24.303416+00:00,1005.232835,55368.0,H Route
19399,8,2025-10-01 22:23:02.967842+00:00,2025-10-01 22:24:04.111575+00:00,61.143733,55368.0,H Route
19399,7,2025-10-01 22:24:47.713136+00:00,2025-10-01 22:25:31.673305+00:00,43.960169,55368.0,H Route
19399,5,2025-10-01 22:27:26.382300+00:00,2025-10-01 22:27:52.989749+00:00,26.607449,55368.0,H Route
19399,1,2025-10-01 22:33:53.566557+00:00,2025-10-01 22:35:21.063472+00:00,87.496915,55368.0,H Route
19399,2,2025-10-01 22:36:40.362859+00:00,2025-10-01 22:37:41.542346+00:00,61.179487,55368.0,H Route
19399,3,2025-10-01 22:40:54.442018+00:00,2025-10-01 22:41:38.308527+00:00,43.866509,55368.0,H Route
19399,11,2025-10-01 22:45:35.655053+00:00,2025-10-01 22:46:28.495351+00:00,52.840298,55368.0,H Route
19399,10,2025-10-01 22:48:22.057886+00:00,2025-10-01 22:50:17.352587+00:00,115.294701,55368.0,H Route
19399,8,2025-10-01 22:53:12.671598+00:00,2025-10-01 22:54:22.674060+00:00,70.002462,55368.0,H Route
19399,7,2025-10-01 22:55:15.332479+00:00,2025-10-01 22:56:08.110112+00:00,52.777633,55368.0,H Route
19399,5,2025-10-01 22:58:20.580454+00:00,2025-10-01 22:58:47.267723+00:00,26.687269,55368.0,H Route
19399,1,2025-10-01 23:04:38.989295+00:00,2025-10-01 23:05:40.886833+00:00,61.897538,55368.0,H Route
19399,2,2025-10-01 23:08:20.159282+00:00,2025-10-01 23:09:21.718489+00:00,61.559207,55368.0,H Route
19399,3,2025-10-01 23:15:30.778240+00:00,2025-10-01 23:16:40.914068+00:00,70.135828,55368.0,H Route
19399,11,2025-10-01 23:21:21.141889+00:00,2025-10-01 23:22:05.190529+00:00,44.04864,55368.0,H Route
19399,10,2025-10-01 23:24:42.543074+00:00,2025-10-01 23:26:37.334630+00:00,114.791556,55368.0,H Route
19399,8,2025-10-01 23:29:15.538338+00:00,2025-10-01 23:30:17.393716+00:00,61.855378,55368.0,H Route
19399,7,2025-10-01 23:31:01.272518+00:00,2025-10-01 23:32:12.125419+00:00,70.852901,55368.0,H Route
19399,5,2025-10-01 23:34:15.686110+00:00,2025-10-01 23:34:42.154762+00:00,26.468652,55368.0,H Route
19399,1,2025-10-01 23:40:16.382009+00:00,2025-10-01 23:53:30.045166+00:00,793.663157,55368.0,H Route
19399,2,2025-10-01 23:55:40.687901+00:00,2025-10-01 23:56:15.635306+00:00,34.947405,55368.0,H Route
19399,3,2025-10-01 23:59:45.030899+00:00,2025-10-02 00:01:04.519033+00:00,79.488134,55368.0,H Route
19399,11,2025-10-02 00:05:21.417987+00:00,2025-10-02 00:05:58.138475+00:00,36.720488,55368.0,H Route
19050,17,2025-10-01 18:07:20.734690+00:00,2025-10-01 18:08:22.619141+00:00,61.884451,54551.0,REXL Route
19050,18,2025-10-01 18:09:15.674334+00:00,2025-10-01 18:10:00.180708+00:00,44.506374,54551.0,REXL Route
19050,19,2025-10-01 18:11:29.373427+00:00,2025-10-01 18:12:05.101046+00:00,35.727619,54551.0,REXL Route
19050,20,2025-10-01 18:13:42.040097+00:00,2025-10-01 18:13:51.049940+00:00,9.009843,54551.0,REXL Route
19050,21,2025-10-01 18:15:19.370183+00:00,2025-10-01 18:15:54.939265+00:00,35.569082,54551.0,REXL Route
19050,16,2025-10-01 18:17:58.684153+00:00,2025-10-01 18:18:07.489437+00:00,8.805284,54551.0,REXL Route
19050,22,2025-10-01 18:21:30.400176+00:00,2025-10-01 18:21:39.352238+00:00,8.952062,54551.0,REXL Route
19050,3,2025-10-01 18:24:51.806080+00:00,2025-10-01 18:25:35.528502+00:00,43.722422,54551.0,REXL Route
19050,1,2025-10-01 18:28:48.940035+00:00,2025-10-01 18:39:41.105506+00:00,652.165471,54551.0,REXL Route
19050,2,2025-10-01 18:41:27.432193+00:00,2025-10-01 18:42:20.472607+00:00,53.040414,54551.0,REXL Route
19050,23,2025-10-01 18:48:56.596942+00:00,2025-10-01 18:49:05.452677+00:00,8.855735,54551.0,REXL Route
19050,17,2025-10-01 18:53:29.746943+00:00,2025-10-01 18:56:25.878430+00:00,176.131487,54551.0,REXL Route
19050,18,2025-10-01 18:57:09.628965+00:00,2025-10-01 18:58:11.449177+00:00,61.820212,54551.0,REXL Route
19050,19,2025-10-01 18:59:48.060072+00:00,2025-10-01 19:00:41.654521+00:00,53.594449,54551.0,REXL Route
19050,20,2025-10-01 19:01:52.230855+00:00,2025-10-01 19:02:36.937159+00:00,44.706304,54551.0,REXL Route
19050,21,2025-10-01 19:03:38.944984+00:00,2025-10-01 19:04:50.001973+00:00,71.056989,54551.0,REXL Route
19050,16,2025-10-01 19:06:00.419749+00:00,2025-10-01 19:06:09.338875+00:00,8.919126,54551.0,REXL Route
19050,22,2025-10-01 19:10:16.199751+00:00,2025-10-01 19:10:25.069822+00:00,8.870071,54551.0,REXL Route
19050,3,2025-10-01 19:14:08.113171+00:00,2025-10-01 19:15:28.284671+00:00,80.1715,54551.0,REXL Route
19050,1,2025-10-01 19:18:32.591631+00:00,2025-10-01 19:19:51.482890+00:00,78.891259,54551.0,REXL Route
19050,2,2025-10-01 19:26:07.597291+00:00,2025-10-01 19:27:00.300270+00:00,52.702979,54551.0,REXL Route
19050,23,2025-10-01 19:38:06.609779+00:00,2025-10-01 19:38:15.472724+00:00,8.862945,54551.0,REXL Route
19050,17,2025-10-01 19:46:02.185739+00:00,2025-10-01 19:47:38.141352+00:00,95.955613,54551.0,REXL Route
19050,18,2025-10-01 19:48:39.107806+00:00,2025-10-01 19:49:23.342853+00:00,44.235047,54551.0,REXL Route
19050,19,2025-10-01 19:51:07.940288+00:00,2025-10-01 19:52:09.157035+00:00,61.216747,54551.0,REXL Route
19050,20,2025-10-01 19:53:45.297947+00:00,2025-10-01 19:54:29.549548+00:00,44.251601,54551.0,REXL Route
19050,21,2025-10-01 19:56:06.054281+00:00,2025-10-01 19:56:32.770204+00:00,26.715923,54551.0,REXL Route
19050,16,2025-10-01 19:58:35.321162+00:00,2025-10-01 19:58:44.315102+00:00,8.99394,54551.0,REXL Route
19050,22,2025-10-01 20:03:06.557081+00:00,2025-10-01 20:03:15.535200+00:00,8.978119,54551.0,REXL Route
19050,3,2025-10-01 20:07:24.986829+00:00,2025-10-01 20:08:27.197941+00:00,62.211112,54551.0,REXL Route
19050,1,2025-10-01 20:10:49.756292+00:00,2025-10-01 20:20:12.698278+00:00,562.941986,54551.0,REXL Route
19050,2,2025-10-01 20:21:50.676902+00:00,2025-10-01 20:22:35.552328+00:00,44.875426,54551.0,REXL Route
19050,23,2025-10-01 20:32:52.496247+00:00,2025-10-01 20:33:01.397909+00:00,8.901662,54551.0,REXL Route
19050,17,2025-10-01 20:40:44.614381+00:00,2025-10-01 20:41:45.932487+00:00,61.318106,54551.0,REXL Route
19050,18,2025-10-01 20:42:47.936987+00:00,2025-10-01 20:43:31.560013+00:00,43.623026,54551.0,REXL Route
19050,19,2025-10-01 20:45:08.518274+00:00,2025-10-01 20:46:36.265262+00:00,87.746988,54551.0,REXL Route
19050,20,2025-10-01 20:49:13.700193+00:00,2025-10-01 20:49:39.843104+00:00,26.142911,54551.0,REXL Route
19050,21,2025-10-01 20:51:15.982274+00:00,2025-10-01 20:52:00.289263+00:00,44.306989,54551.0,REXL Route
19050,16,2025-10-01 20:54:11.468586+00:00,2025-10-01 20:54:20.318180+00:00,8.849594,54551.0,REXL Route
19050,22,2025-10-01 20:58:41.424338+00:00,2025-10-01 20:58:50.215276+00:00,8.790938,54551.0,REXL Route
19050,3,2025-10-01 21:13:00.430367+00:00,2025-10-01 21:14:36.144032+00:00,95.713665,54551.0,REXL Route
19050,1,2025-10-01 21:18:39.889440+00:00,2025-10-01 21:20:06.777641+00:00,86.888201,54551.0,REXL Route
19050,2,2025-10-01 21:23:47.247228+00:00,2025-10-01 21:23:56.079312+00:00,8.832084,54551.0,REXL Route
19050,23,2025-10-01 21:36:53.522251+00:00,2025-10-01 21:37:02.369179+00:00,8.846928,54551.0,REXL Route
19050,17,2025-10-01 21:43:59.882612+00:00,2025-10-01 21:45:09.667963+00:00,69.785351,54551.0,REXL Route
19050,18,2025-10-01 21:45:52.818094+00:00,2025-10-01 21:46:27.696866+00:00,34.878772,54551.0,REXL Route
19050,19,2025-10-01 21:47:46.089267+00:00,2025-10-01 21:49:04.400704+00:00,78.311437,54551.0,REXL Route
19050,20,2025-10-01 21:50:14.274770+00:00,2025-10-01 21:50:57.445449+00:00,43.170679,54551.0,REXL Route
19050,21,2025-10-01 21:52:50.365931+00:00,2025-10-01 21:53:16.980025+00:00,26.614094,54551.0,REXL Route
19050,16,2025-10-01 21:56:12.797571+00:00,2025-10-01 21:56:21.767060+00:00,8.969489,54551.0,REXL Route
19050,22,2025-10-01 22:00:35.503423+00:00,2025-10-01 22:00:44.291830+00:00,8.788407,54551.0,REXL Route
19050,3,2025-10-01 22:04:14.199096+00:00,2025-10-01 22:05:25.047501+00:00,70.848405,54551.0,REXL Route
19050,1,2025-10-01 22:08:38.440671+00:00,2025-10-01 22:27:26.535549+00:00,1128.094878,54551.0,REXL Route
19050,2,2025-10-01 22:28:36.901189+00:00,2025-10-01 22:29:29.162254+00:00,52.261065,54551.0,REXL Route
19050,23,2025-10-01 22:35:03.235266+00:00,2025-10-01 22:35:12.229575+00:00,8.994309,54551.0,REXL Route
19050,17,2025-10-01 22:40:45.731245+00:00,2025-10-01 22:41:55.912888+00:00,70.181643,54551.0,REXL Route
19050,18,2025-10-01 22:43:06.410330+00:00,2025-10-01 22:43:50.862596+00:00,44.452266,54551.0,REXL Route
19050,19,2025-10-01 22:45:08.755103+00:00,2025-10-01 22:46:02.116536+00:00,53.361433,54551.0,REXL Route
19050,20,2025-10-01 22:48:04.175796+00:00,2025-10-01 22:48:39.818623+00:00,35.642827,54551.0,REXL Route
19050,21,2025-10-01 22:49:50.369767+00:00,2025-10-01 22:50:26.202174+00:00,35.832407,54551.0,REXL Route
19050,16,2025-10-01 22:54:05.114100+00:00,2025-10-01 22:54:13.890537+00:00,8.776437,54551.0,REXL Route
19050,22,2025-10-01 22:58:02.871158+00:00,2025-10-01 22:58:11.784237+00:00,8.913079,54551.0,REXL Route
19050,3,2025-10-01 23:04:03.711628+00:00,2025-10-01 23:05:31.988514+00:00,88.276886,54551.0,REXL Route
19050,1,2025-10-01 23:08:20.227222+00:00,2025-10-01 23:09:48.107635+00:00,87.880413,54551.0,REXL Route
19050,2,2025-10-01 23:11:41.920752+00:00,2025-10-01 23:12:34.991215+00:00,53.070463,54551.0,REXL Route
19050,23,2025-10-01 23:19:25.826770+00:00,2025-10-01 23:19:34.773553+00:00,8.946783,54551.0,REXL Route
19050,17,2025-10-01 23:25:35.602281+00:00,2025-10-01 23:26:10.866353+00:00,35.264072,54551.0,REXL Route
19050,18,2025-10-01 23:27:12.660901+00:00,2025-10-01 23:28:05.508640+00:00,52.847739,54551.0,REXL Route
19050,19,2025-10-01 23:29:42.007825+00:00,2025-10-01 23:31:28.109323+00:00,106.101498,54551.0,REXL Route
19050,20,2025-10-01 23:32:47.070505+00:00,2025-10-01 23:33:31.331281+00:00,44.260776,54551.0,REXL Route
19050,21,2025-10-01 23:34:50.999632+00:00,2025-10-01 23:35:35.169805+00:00,44.170173,54551.0,REXL Route
19050,16,2025-10-01 23:37:38.750727+00:00,2025-10-01 23:37:47.755037+00:00,9.00431,54551.0,REXL Route
19050,22,2025-10-01 23:41:18.156927+00:00,2025-10-01 23:41:27.159896+00:00,9.002969,54551.0,REXL Route
19050,3,2025-10-01 23:45:08.825941+00:00,2025-10-01 23:46:01.915140+00:00,53.089199,54551.0,REXL Route
19050,1,2025-10-01 23:48:39.931464+00:00,2025-10-01 23:50:07.858284+00:00,87.92682,54551.0,REXL Route
19050,2,2025-10-01 23:51:27.196954+00:00,2025-10-01 23:52:28.510836+00:00,61.313882,54551.0,REXL Route
19050,23,2025-10-01 23:56:50.197501+00:00,2025-10-01 23:56:59.085765+00:00,8.888264,54551.0,REXL Route
19050,17,2025-10-02 00:01:04.521038+00:00,2025-10-02 00:02:14.454670+00:00,69.933632,54551.0,REXL Route
19050,18,2025-10-02 00:02:58.335834+00:00,2025-10-02 00:03:42.222766+00:00,43.886932,54551.0,REXL Route
19050,19,2025-10-02 00:05:03.170803+00:00,2025-10-02 00:06:15.851025+00:00,72.680222,54551.0,REXL Route
19050,20,2025-10-02 00:07:10.050256+00:00,2025-10-02 00:07:36.329664+00:00,26.279408,54551.0,REXL Route
19050,21,2025-10-02 00:08:57.584810+00:00,2025-10-02 00:10:09.055314+00:00,71.470504,54551.0,REXL Route
19050,16,2025-10-02 00:11:55.184365+00:00,2025-10-02 00:12:03.936672+00:00,8.752307,54551.0,REXL Route
19051,3,2025-10-01 10:11:50.576202+00:00,2025-10-01 10:12:07.595775+00:00,17.019573,54551.0,REXL Route
19051,12,2025-10-01 10:16:05.102810+00:00,2025-10-01 10:17:04.442660+00:00,59.33985,54551.0,REXL Route
19051,13,2025-10-01 10:17:38.409447+00:00,2025-10-01 10:25:24.572143+00:00,466.162696,54551.0,REXL Route
19051,14,2025-10-01 10:26:49.817043+00:00,2025-10-01 10:26:58.411026+00:00,8.593983,54551.0,REXL Route
19051,1,2025-10-01 10:33:38.167813+00:00,2025-10-01 10:34:37.914503+00:00,59.74669,54551.0,REXL Route
19051,2,2025-10-01 10:35:20.204108+00:00,2025-10-01 10:35:54.162431+00:00,33.958323,54551.0,REXL Route
19051,3,2025-10-01 10:37:52.499272+00:00,2025-10-01 10:38:01.104080+00:00,8.604808,54551.0,REXL Route
19051,12,2025-10-01 10:42:15.378774+00:00,2025-10-01 10:42:32.478560+00:00,17.099786,54551.0,REXL Route
19051,13,2025-10-01 10:42:57.846860+00:00,2025-10-01 10:50:52.754917+00:00,474.908057,54551.0,REXL Route
19051,14,2025-10-01 10:52:17.714115+00:00,2025-10-01 10:52:51.680810+00:00,33.966695,54551.0,REXL Route
19051,1,2025-10-01 10:59:39.676912+00:00,2025-10-01 11:01:22.543414+00:00,102.866502,54551.0,REXL Route
19051,2,2025-10-01 11:02:39.399887+00:00,2025-10-01 11:03:30.878309+00:00,51.478422,54551.0,REXL Route
19051,3,2025-10-01 11:05:39.555118+00:00,2025-10-01 11:05:48.344851+00:00,8.789733,54551.0,REXL Route
19051,12,2025-10-01 11:09:48.983377+00:00,2025-10-01 11:11:23.727225+00:00,94.743848,54551.0,REXL Route
19051,13,2025-10-01 11:12:15.265051+00:00,2025-10-01 11:13:50.573240+00:00,95.308189,54551.0,REXL Route
19051,1,2025-10-01 11:21:28.188898+00:00,2025-10-01 11:27:32.495003+00:00,364.306105,54551.0,REXL Route
19051,2,2025-10-01 11:28:15.373804+00:00,2025-10-01 11:28:58.853530+00:00,43.479726,54551.0,REXL Route
19051,3,2025-10-01 11:32:35.647260+00:00,2025-10-01 11:33:27.846485+00:00,52.199225,54551.0,REXL Route
19051,12,2025-10-01 11:38:13.291636+00:00,2025-10-01 11:39:48.469902+00:00,95.178266,54551.0,REXL Route
19051,13,2025-10-01 11:40:23.228029+00:00,2025-10-01 11:44:44.237629+00:00,261.0096,54551.0,REXL Route
19051,14,2025-10-01 11:46:02.661940+00:00,2025-10-01 11:46:28.823079+00:00,26.161139,54551.0,REXL Route
19051,1,2025-10-01 11:53:23.812718+00:00,2025-10-01 11:54:50.685944+00:00,86.873226,54551.0,REXL Route
19051,2,2025-10-01 11:55:34.616682+00:00,2025-10-01 11:56:09.647722+00:00,35.03104,54551.0,REXL Route
19051,3,2025-10-01 11:59:20.323891+00:00,2025-10-01 12:00:29.441594+00:00,69.117703,54551.0,REXL Route
19051,12,2025-10-01 12:04:41.449477+00:00,2025-10-01 12:06:26.085013+00:00,104.635536,54551.0,REXL Route
19051,13,2025-10-01 12:07:09.152056+00:00,2025-10-01 12:07:26.629679+00:00,17.477623,54551.0,REXL Route
19051,14,2025-10-01 12:09:45.017688+00:00,2025-10-01 12:10:02.387030+00:00,17.369342,54551.0,REXL Route
19051,1,2025-10-01 12:15:47.345605+00:00,2025-10-01 12:24:17.318719+00:00,509.973114,54551.0,REXL Route
19051,2,2025-10-01 12:25:27.271591+00:00,2025-10-01 12:26:01.670428+00:00,34.398837,54551.0,REXL Route
19051,3,2025-10-01 12:27:54.388580+00:00,2025-10-01 12:28:55.245549+00:00,60.856969,54551.0,REXL Route
19051,13,2025-10-01 12:37:51.996528+00:00,2025-10-01 12:38:00.848916+00:00,8.852388,54551.0,REXL Route
19051,14,2025-10-01 12:39:01.359751+00:00,2025-10-01 12:39:36.071959+00:00,34.712208,54551.0,REXL Route
19051,1,2025-10-01 12:47:17.513533+00:00,2025-10-01 12:53:12.791565+00:00,355.278032,54551.0,REXL Route
19051,2,2025-10-01 12:54:21.705436+00:00,2025-10-01 12:54:47.808253+00:00,26.102817,54551.0,REXL Route
19051,3,2025-10-01 12:58:07.006398+00:00,2025-10-01 13:00:17.284435+00:00,130.278037,54551.0,REXL Route
19051,12,2025-10-01 13:04:19.424992+00:00,2025-10-01 13:06:12.886280+00:00,113.461288,54551.0,REXL Route
19051,13,2025-10-01 13:06:56.012698+00:00,2025-10-01 13:09:06.809091+00:00,130.796393,54551.0,REXL Route
19051,14,2025-10-01 13:10:33.793329+00:00,2025-10-01 13:11:08.683238+00:00,34.889909,54551.0,REXL Route
19051,1,2025-10-01 13:17:46.928165+00:00,2025-10-01 13:18:30.868078+00:00,43.939913,54551.0,REXL Route
19051,2,2025-10-01 13:19:14.495001+00:00,2025-10-01 13:20:58.974280+00:00,104.479279,54551.0,REXL Route
19051,3,2025-10-01 13:23:44.323902+00:00,2025-10-01 13:25:28.995615+00:00,104.671713,54551.0,REXL Route
19051,12,2025-10-01 13:30:25.020138+00:00,2025-10-01 13:32:27.128302+00:00,122.108164,54551.0,REXL Route
19051,13,2025-10-01 13:33:01.923456+00:00,2025-10-01 13:35:14.320492+00:00,132.397036,54551.0,REXL Route
19051,14,2025-10-01 13:36:41.770694+00:00,2025-10-01 13:37:25.150009+00:00,43.379315,54551.0,REXL Route
19051,1,2025-10-01 13:44:41.765843+00:00,2025-10-01 13:45:59.700413+00:00,77.93457,54551.0,REXL Route
19051,2,2025-10-01 13:47:35.500843+00:00,2025-10-01 13:47:44.415914+00:00,8.915071,54551.0,REXL Route
19051,3,2025-10-01 13:50:30.949855+00:00,2025-10-01 13:51:57.067232+00:00,86.117377,54551.0,REXL Route
19051,12,2025-10-01 13:56:09.009949+00:00,2025-10-01 13:58:45.750541+00:00,156.740592,54551.0,REXL Route
19051,13,2025-10-01 13:59:11.557356+00:00,2025-10-01 14:00:38.414616+00:00,86.85726,54551.0,REXL Route
19051,14,2025-10-01 14:02:06.966980+00:00,2025-10-01 14:02:59.646047+00:00,52.679067,54551.0,REXL Route
19051,1,2025-10-01 14:09:58.057852+00:00,2025-10-01 14:11:51.725698+00:00,113.667846,54551.0,REXL Route
19051,2,2025-10-01 14:14:28.397284+00:00,2025-10-01 14:15:20.671271+00:00,52.273987,54551.0,REXL Route
19051,3,2025-10-01 14:17:05.788877+00:00,2025-10-01 14:18:24.220112+00:00,78.431235,54551.0,REXL Route
19051,12,2025-10-01 14:23:02.755342+00:00,2025-10-01 14:23:45.960907+00:00,43.205565,54551.0,REXL Route
19051,13,2025-10-01 14:24:20.906201+00:00,2025-10-01 14:27:33.233525+00:00,192.327324,54551.0,REXL Route
19051,14,2025-10-01 14:29:17.839142+00:00,2025-10-01 14:29:52.552094+00:00,34.712952,54551.0,REXL Route
19051,1,2025-10-01 14:37:44.310111+00:00,2025-10-01 14:39:55.551385+00:00,131.241274,54551.0,REXL Route
19051,2,2025-10-01 14:41:04.985069+00:00,2025-10-01 14:42:06.470448+00:00,61.485379,54551.0,REXL Route
19051,3,2025-10-01 14:43:59.632087+00:00,2025-10-01 14:45:00.609380+00:00,60.977293,54551.0,REXL Route
19051,12,2025-10-01 14:50:07.192527+00:00,2025-10-01 14:51:35.681599+00:00,88.489072,54551.0,REXL Route
19051,13,2025-10-01 14:52:18.702482+00:00,2025-10-01 14:57:07.287969+00:00,288.585487,54551.0,REXL Route
19051,14,2025-10-01 14:58:34.728489+00:00,2025-10-01 14:59:09.852701+00:00,35.124212,54551.0,REXL Route
19051,1,2025-10-01 15:06:18.252186+00:00,2025-10-01 15:10:22.059834+00:00,243.807648,54551.0,REXL Route
19051,2,2025-10-01 15:11:14.061785+00:00,2025-10-01 15:12:15.287480+00:00,61.225695,54551.0,REXL Route
19051,3,2025-10-01 15:14:26.051799+00:00,2025-10-01 15:15:18.710806+00:00,52.659007,54551.0,REXL Route
19051,12,2025-10-01 15:20:09.119147+00:00,2025-10-01 15:21:11.584519+00:00,62.465372,54551.0,REXL Route
19051,13,2025-10-01 15:21:55.019002+00:00,2025-10-01 15:30:40.408117+00:00,525.389115,54551.0,REXL Route
19051,14,2025-10-01 15:32:07.867079+00:00,2025-10-01 15:32:34.455737+00:00,26.588658,54551.0,REXL Route
19051,1,2025-10-01 15:40:18.414696+00:00,2025-10-01 15:42:38.478771+00:00,140.064075,54551.0,REXL Route
19051,2,2025-10-01 15:45:15.229697+00:00,2025-10-01 15:45:59.172300+00:00,43.942603,54551.0,REXL Route
19051,3,2025-10-01 15:49:10.674926+00:00,2025-10-01 15:50:29.413283+00:00,78.738357,54551.0,REXL Route
19051,12,2025-10-01 15:55:53.032854+00:00,2025-10-01 15:58:47.715793+00:00,174.682939,54551.0,REXL Route
19051,13,2025-10-01 15:59:31.685602+00:00,2025-10-01 16:00:23.873110+00:00,52.187508,54551.0,REXL Route
19051,14,2025-10-01 16:03:01.222251+00:00,2025-10-01 16:03:44.841665+00:00,43.619414,54551.0,REXL Route
19051,1,2025-10-01 16:12:50.110490+00:00,2025-10-01 16:15:19.414079+00:00,149.303589,54551.0,REXL Route
19051,2,2025-10-01 16:17:13.288188+00:00,2025-10-01 16:17:57.300514+00:00,44.012326,54551.0,REXL Route
19051,3,2025-10-01 16:20:52.866435+00:00,2025-10-01 16:22:29.787982+00:00,96.921547,54551.0,REXL Route
19051,12,2025-10-01 16:27:52.857227+00:00,2025-10-01 16:28:45.351526+00:00,52.494299,54551.0,REXL Route
19051,13,2025-10-01 16:29:29.156692+00:00,2025-10-01 16:41:53.884676+00:00,744.727984,54551.0,REXL Route
19051,14,2025-10-01 16:43:39.732044+00:00,2025-10-01 16:44:41.869158+00:00,62.137114,54551.0,REXL Route
19051,1,2025-10-01 16:52:07.999857+00:00,2025-10-01 16:55:39.711985+00:00,211.712128,54551.0,REXL Route
19051,2,2025-10-01 16:56:40.744759+00:00,2025-10-01 16:57:15.874874+00:00,35.130115,54551.0,REXL Route
19051,3,2025-10-01 16:59:18.862675+00:00,2025-10-01 17:00:29.346073+00:00,70.483398,54551.0,REXL Route
19051,12,2025-10-01 17:05:45.541301+00:00,2025-10-01 17:07:05.681860+00:00,80.140559,54551.0,REXL Route
19051,13,2025-10-01 17:07:58.062967+00:00,2025-10-01 17:10:36.279590+00:00,158.216623,54551.0,REXL Route
19051,14,2025-10-01 17:12:23.330575+00:00,2025-10-01 17:12:58.779736+00:00,35.449161,54551.0,REXL Route
19051,1,2025-10-01 17:21:20.430161+00:00,2025-10-01 17:25:08.518304+00:00,228.088143,54551.0,REXL Route
19051,2,2025-10-01 17:27:11.345449+00:00,2025-10-01 17:28:03.844968+00:00,52.499519,54551.0,REXL Route
19051,3,2025-10-01 17:32:44.621430+00:00,2025-10-01 17:34:29.282463+00:00,104.661033,54551.0,REXL Route
19051,12,2025-10-01 17:39:27.729609+00:00,2025-10-01 17:41:47.651677+00:00,139.922068,54551.0,REXL Route
19051,13,2025-10-01 17:42:57.253516+00:00,2025-10-01 17:45:52.549072+00:00,175.295556,54551.0,REXL Route
19051,14,2025-10-01 17:47:29.544680+00:00,2025-10-01 17:48:04.827050+00:00,35.28237,54551.0,REXL Route
19051,1,2025-10-01 17:56:40.656948+00:00,2025-10-01 17:58:34.486619+00:00,113.829671,54551.0,REXL Route
19051,2,2025-10-01 18:02:33.198298+00:00,2025-10-01 18:02:42.531663+00:00,9.333365,54551.0,REXL Route
19051,3,2025-10-01 18:05:51.668630+00:00,2025-10-01 18:06:36.295811+00:00,44.627181,54551.0,REXL Route
19051,12,2025-10-01 18:11:10.533927+00:00,2025-10-01 18:13:24.416130+00:00,133.882203,54551.0,REXL Route
19051,13,2025-10-01 18:15:10.318756+00:00,2025-10-01 18:16:47.743396+00:00,97.42464,54551.0,REXL Route
19051,1,2025-10-01 18:28:22.639876+00:00,2025-10-01 18:30:43.292111+00:00,140.652235,54551.0,REXL Route
19051,2,2025-10-01 18:34:32.218001+00:00,2025-10-01 18:35:25.054438+00:00,52.836437,54551.0,REXL Route
19051,3,2025-10-01 18:38:21.805747+00:00,2025-10-01 18:39:05.588468+00:00,43.782721,54551.0,REXL Route
19051,12,2025-10-01 18:43:48.304293+00:00,2025-10-01 18:46:35.532229+00:00,167.227936,54551.0,REXL Route
19051,13,2025-10-01 18:47:28.033542+00:00,2025-10-01 18:48:30.245271+00:00,62.211729,54551.0,REXL Route
19051,14,2025-10-01 18:50:33.717906+00:00,2025-10-01 18:51:00.457957+00:00,26.740051,54551.0,REXL Route
19051,1,2025-10-01 18:59:30.373715+00:00,2025-10-01 19:10:25.128737+00:00,654.755022,54551.0,REXL Route
19051,2,2025-10-01 19:13:15.138962+00:00,2025-10-01 19:13:24.053505+00:00,8.914543,54551.0,REXL Route
19051,3,2025-10-01 19:20:17.690260+00:00,2025-10-01 19:24:13.542539+00:00,235.852279,54551.0,REXL Route
19051,12,2025-10-01 19:30:12.319430+00:00,2025-10-01 19:31:48.758657+00:00,96.439227,54551.0,REXL Route
19051,13,2025-10-01 19:33:07.686826+00:00,2025-10-01 19:35:01.972539+00:00,114.285713,54551.0,REXL Route
19051,14,2025-10-01 19:36:56.202155+00:00,2025-10-01 19:37:49.041396+00:00,52.839241,54551.0,REXL Route
19051,1,2025-10-01 19:54:38.453703+00:00,2025-10-01 19:56:06.195816+00:00,87.742113,54551.0,REXL Route
19051,2,2025-10-01 19:58:08.873182+00:00,2025-10-01 19:58:44.374365+00:00,35.501183,54551.0,REXL Route
19051,3,2025-10-01 20:04:53.225698+00:00,2025-10-01 20:06:14.153569+00:00,80.927871,54551.0,REXL Route
19051,12,2025-10-01 20:11:07.600015+00:00,2025-10-01 20:12:01.919280+00:00,54.319265,54551.0,REXL Route
19051,13,2025-10-01 20:12:55.460202+00:00,2025-10-01 20:19:01.235443+00:00,365.775241,54551.0,REXL Route
19051,14,2025-10-01 20:20:39.691292+00:00,2025-10-01 20:21:23.578449+00:00,43.887157,54551.0,REXL Route
19051,1,2025-10-01 20:28:29.730716+00:00,2025-10-01 20:32:00.247114+00:00,210.516398,54551.0,REXL Route
19051,2,2025-10-01 20:33:09.954929+00:00,2025-10-01 20:34:02.321075+00:00,52.366146,54551.0,REXL Route
19051,3,2025-10-01 20:37:32.452526+00:00,2025-10-01 20:39:34.521239+00:00,122.068713,54551.0,REXL Route
19051,12,2025-10-01 20:44:41.981634+00:00,2025-10-01 20:45:43.662453+00:00,61.680819,54551.0,REXL Route
19051,13,2025-10-01 20:46:53.748049+00:00,2025-10-01 20:51:42.663482+00:00,288.915433,54551.0,REXL Route
19051,14,2025-10-01 20:53:18.788288+00:00,2025-10-01 20:58:50.281730+00:00,331.493442,54551.0,REXL Route
19051,1,2025-10-01 21:11:51.067657+00:00,2025-10-01 21:13:00.562035+00:00,69.494378,54551.0,REXL Route
19051,2,2025-10-01 21:14:44.834984+00:00,2025-10-01 21:16:03.325539+00:00,78.490555,54551.0,REXL Route
19051,3,2025-10-01 21:32:14.393926+00:00,2025-10-01 21:33:24.098718+00:00,69.704792,54551.0,REXL Route
19051,12,2025-10-01 21:38:20.236108+00:00,2025-10-01 21:39:29.937121+00:00,69.701013,54551.0,REXL Route
19051,13,2025-10-01 21:40:14.030012+00:00,2025-10-01 21:45:00.974987+00:00,286.944975,54551.0,REXL Route
19051,14,2025-10-01 21:46:45.177029+00:00,2025-10-01 21:47:19.843323+00:00,34.666294,54551.0,REXL Route
19051,1,2025-10-01 21:59:42.333461+00:00,2025-10-01 22:09:58.237786+00:00,615.904325,54551.0,REXL Route
19051,2,2025-10-01 22:11:18.704950+00:00,2025-10-01 22:11:36.687718+00:00,17.982768,54551.0,REXL Route
19051,3,2025-10-01 22:15:33.888826+00:00,2025-10-01 22:16:08.959412+00:00,35.070586,54551.0,REXL Route
19051,12,2025-10-01 22:21:17.025966+00:00,2025-10-01 22:25:31.752390+00:00,254.726424,54551.0,REXL Route
19051,13,2025-10-01 22:27:52.996122+00:00,2025-10-01 22:29:46.661433+00:00,113.665311,54551.0,REXL Route
19051,14,2025-10-01 22:30:58.032722+00:00,2025-10-01 22:31:59.675451+00:00,61.642729,54551.0,REXL Route
19051,1,2025-10-01 22:39:09.316951+00:00,2025-10-01 22:41:56.001633+00:00,166.684682,54551.0,REXL Route
19051,2,2025-10-01 22:44:51.551359+00:00,2025-10-01 22:45:26.757036+00:00,35.205677,54551.0,REXL Route
19051,3,2025-10-01 22:50:52.449819+00:00,2025-10-01 22:51:44.968742+00:00,52.518923,54551.0,REXL Route
19051,12,2025-10-01 22:56:25.878423+00:00,2025-10-01 22:57:36.523363+00:00,70.64494,54551.0,REXL Route
19051,13,2025-10-01 22:58:20.642826+00:00,2025-10-01 23:01:42.848078+00:00,202.205252,54551.0,REXL Route
19051,14,2025-10-01 23:02:53.339209+00:00,2025-10-01 23:03:37.481989+00:00,44.14278,54551.0,REXL Route
19051,1,2025-10-01 23:11:41.997704+00:00,2025-10-01 23:13:27.557083+00:00,105.559379,54551.0,REXL Route
19051,2,2025-10-01 23:14:38.232024+00:00,2025-10-01 23:15:30.899638+00:00,52.667614,54551.0,REXL Route
19051,3,2025-10-01 23:19:43.652686+00:00,2025-10-01 23:20:27.905941+00:00,44.253255,54551.0,REXL Route
19051,12,2025-10-01 23:26:10.868707+00:00,2025-10-01 23:28:58.057477+00:00,167.18877,54551.0,REXL Route
19051,13,2025-10-01 23:29:59.605305+00:00,2025-10-01 23:31:10.057112+00:00,70.451807,54551.0,REXL Route
19051,14,2025-10-01 23:32:47.151914+00:00,2025-10-01 23:33:31.389273+00:00,44.237359,54551.0,REXL Route
19051,1,2025-10-01 23:40:51.432384+00:00,2025-10-01 23:42:02.743925+00:00,71.311541,54551.0,REXL Route
19051,3,2025-10-01 23:47:12.392446+00:00,2025-10-01 23:48:22.259143+00:00,69.866697,54551.0,REXL Route
19051,12,2025-10-01 23:52:28.513395+00:00,2025-10-01 23:53:56.368505+00:00,87.85511,54551.0,REXL Route
19051,13,2025-10-01 23:54:22.333380+00:00,2025-10-01 23:56:41.553052+00:00,139.219672,54551.0,REXL Route
19051,14,2025-10-01 23:58:08.740043+00:00,2025-10-01 23:59:10.259214+00:00,61.519171,54551.0,REXL Route
19051,1,2025-10-02 00:06:51.061801+00:00,2025-10-02 00:13:13.925995+00:00,382.864194,54551.0,REXL Route
18620,8,2025-10-01 15:25:51.236378+00:00,2025-10-01 15:32:17.061871+00:00,385.825493,,
18620,1,2025-10-01 15:53:06.528105+00:00,2025-10-01 15:53:24.061803+00:00,17.533698,,
18620,8,2025-10-01 15:58:56.587989+00:00,2025-10-01 16:04:37.813099+00:00,341.22511,,
18620,1,2025-10-01 16:27:44.196582+00:00,2025-10-01 16:28:36.479111+00:00,52.282529,,
18620,8,2025-10-01 16:35:02.148516+00:00,2025-10-01 16:39:34.619097+00:00,272.470581,,
18620,1,2025-10-01 16:58:26.239249+00:00,2025-10-01 17:00:55.782096+00:00,149.542847,,
18620,8,2025-10-01 17:07:58.144350+00:00,2025-10-01 17:13:51.768956+00:00,353.624606,,
18620,1,2025-10-01 17:40:28.776990+00:00,2025-10-01 17:41:03.831238+00:00,35.054248,,
18620,8,2025-10-01 17:48:13.555005+00:00,2025-10-01 17:50:25.465913+00:00,131.910908,,
18620,1,2025-10-01 18:12:13.933399+00:00,2025-10-01 18:12:31.724403+00:00,17.791004,,
18620,8,2025-10-01 18:21:12.353093+00:00,2025-10-01 18:25:53.508851+00:00,281.155758,,
18620,1,2025-10-01 18:48:30.328731+00:00,2025-10-01 18:48:48.088466+00:00,17.759735,,
18620,8,2025-10-01 18:57:18.540460+00:00,2025-10-01 19:07:02.799754+00:00,584.259294,,
18620,1,2025-10-01 19:34:17.666783+00:00,2025-10-01 19:34:53.205151+00:00,35.538368,,
18620,4,2025-10-01 19:38:59.817902+00:00,2025-10-01 19:39:08.911094+00:00,9.093192,,
18620,6,2025-10-01 19:41:47.013462+00:00,2025-10-01 19:41:56.003286+00:00,8.989824,,
18620,8,2025-10-01 19:45:44.801839+00:00,2025-10-01 19:47:29.321308+00:00,104.519469,,
18620,9,2025-10-01 19:51:42.807632+00:00,2025-10-01 19:52:00.488539+00:00,17.680907,,
18620,10,2025-10-01 19:57:51.262232+00:00,2025-10-01 19:59:10.665813+00:00,79.403581,,
18620,11,2025-10-01 20:00:39.939081+00:00,2025-10-01 20:00:57.567258+00:00,17.628177,,
18620,1,2025-10-01 20:09:20.279665+00:00,2025-10-01 20:10:04.362645+00:00,44.08298,,
18620,2,2025-10-01 20:13:04.586251+00:00,2025-10-01 20:13:22.598905+00:00,18.012654,,
18620,4,2025-10-01 20:14:51.134276+00:00,2025-10-01 20:14:59.923678+00:00,8.789402,,
18620,8,2025-10-01 20:23:11.366980+00:00,2025-10-01 20:28:03.308194+00:00,291.941214,,
18620,9,2025-10-01 20:31:51.415020+00:00,2025-10-01 20:32:09.161103+00:00,17.746083,,
18620,10,2025-10-01 20:37:32.536712+00:00,2025-10-01 20:39:08.365862+00:00,95.82915,,
18620,11,2025-10-01 20:41:36.962612+00:00,2025-10-01 20:42:21.581722+00:00,44.61911,,
18620,1,2025-10-01 20:51:16.080257+00:00,2025-10-01 20:53:09.964980+00:00,113.884723,,
18620,2,2025-10-01 20:57:57.739210+00:00,2025-10-01 20:58:15.233373+00:00,17.494163,,
18620,8,2025-10-01 21:08:12.450158+00:00,2025-10-01 21:10:15.828822+00:00,123.378664,,
18620,9,2025-10-01 21:14:44.901869+00:00,2025-10-01 21:15:19.868505+00:00,34.966636,,
18620,10,2025-10-01 21:24:04.787018+00:00,2025-10-01 21:24:13.585681+00:00,8.798663,,
18620,11,2025-10-01 21:31:30.199238+00:00,2025-10-01 21:34:07.699379+00:00,157.500141,,
18620,2,2025-10-01 21:49:30.355104+00:00,2025-10-01 21:49:39.338794+00:00,8.98369,,
18620,4,2025-10-01 21:52:33.019398+00:00,2025-10-01 21:52:50.504382+00:00,17.484984,,
18620,8,2025-10-01 22:00:44.297649+00:00,2025-10-01 22:01:45.534604+00:00,61.236955,,
18620,9,2025-10-01 22:04:49.666335+00:00,2025-10-01 22:05:25.124926+00:00,35.458591,,
18620,1,2025-10-01 22:09:31.148258+00:00,2025-10-01 22:09:40.714861+00:00,9.566603,,
18620,11,2025-10-01 22:14:23.744001+00:00,2025-10-01 22:17:28.124814+00:00,184.380813,,
18620,1,2025-10-01 22:22:54.143346+00:00,2025-10-01 22:23:29.366876+00:00,35.22353,,
18620,8,2025-10-01 22:36:40.426179+00:00,2025-10-01 22:39:35.715134+00:00,175.288955,,
18620,10,2025-10-01 22:48:12.964950+00:00,2025-10-01 22:48:39.888342+00:00,26.923392,,
18620,11,2025-10-01 22:49:32.586665+00:00,2025-10-01 22:52:11.391884+00:00,158.805219,,
18620,1,2025-10-01 23:02:00.470044+00:00,2025-10-01 23:02:18.270907+00:00,17.800863,,
18620,9,2025-10-01 23:05:05.545900+00:00,2025-10-01 23:05:14.498732+00:00,8.952832,,
18620,8,2025-10-01 23:07:36.757014+00:00,2025-10-01 23:21:38.957035+00:00,842.200021,,
18620,10,2025-10-01 23:29:24.455374+00:00,2025-10-01 23:30:26.269373+00:00,61.813999,,
18620,11,2025-10-01 23:30:43.587469+00:00,2025-10-01 23:31:18.978037+00:00,35.390568,,
18620,1,2025-10-01 23:36:46.415127+00:00,2025-10-01 23:37:38.893827+00:00,52.4787,,
18620,2,2025-10-01 23:38:49.040732+00:00,2025-10-01 23:39:06.826347+00:00,17.785615,,
18620,4,2025-10-01 23:40:42.501118+00:00,2025-10-01 23:41:27.250429+00:00,44.749311,,
18620,8,2025-10-01 23:47:03.775562+00:00,2025-10-01 23:50:07.916891+00:00,184.141329,,
18620,9,2025-10-01 23:54:48.392823+00:00,2025-10-01 23:55:06.058305+00:00,17.665482,,
18620,10,2025-10-01 23:58:35.155831+00:00,2025-10-01 23:59:01.600531+00:00,26.4447,,
18620,11,2025-10-01 23:59:27.646222+00:00,2025-10-01 23:59:54.026824+00:00,26.380602,,
20285,8,2025-10-01 12:31:05.198480+00:00,2025-10-01 12:34:15.926664+00:00,190.728184,55366.0,C Route
20285,7,2025-10-01 12:35:16.155770+00:00,2025-10-01 12:35:24.988075+00:00,8.832305,55366.0,C Route
20285,5,2025-10-01 12:37:52.066716+00:00,2025-10-01 12:38:00.914125+00:00,8.847409,55366.0,C Route
20285,6,2025-10-01 12:40:54.268267+00:00,2025-10-01 12:41:03.291522+00:00,9.023255,55366.0,C Route
20285,8,2025-10-01 12:42:47.588693+00:00,2025-10-01 12:43:05.193174+00:00,17.604481,55366.0,C Route
20285,7,2025-10-01 12:49:27.236343+00:00,2025-10-01 12:49:35.975627+00:00,8.739284,55366.0,C Route
20285,8,2025-10-01 12:55:48.533330+00:00,2025-10-01 12:56:05.818137+00:00,17.284807,55366.0,C Route
20285,5,2025-10-01 15:17:22.103605+00:00,2025-10-01 15:17:48.465236+00:00,26.361631,55366.0,C Route
20285,6,2025-10-01 15:20:18.103820+00:00,2025-10-01 15:20:27.397290+00:00,9.29347,55366.0,C Route
20285,8,2025-10-01 15:21:28.774812+00:00,2025-10-01 15:21:46.546015+00:00,17.771203,55366.0,C Route
20285,7,2025-10-01 15:25:42.289004+00:00,2025-10-01 15:25:51.339362+00:00,9.050358,55366.0,C Route
20285,5,2025-10-01 15:28:46.659792+00:00,2025-10-01 15:29:04.086053+00:00,17.426261,55366.0,C Route
20285,6,2025-10-01 15:31:50.246505+00:00,2025-10-01 15:31:59.102514+00:00,8.856009,55366.0,C Route
20285,8,2025-10-01 15:33:26.785625+00:00,2025-10-01 15:33:44.569113+00:00,17.783488,55366.0,C Route
20285,7,2025-10-01 15:36:04.442927+00:00,2025-10-01 15:36:13.405229+00:00,8.962302,55366.0,C Route
20285,5,2025-10-01 15:38:50.982098+00:00,2025-10-01 15:39:08.442484+00:00,17.460386,55366.0,C Route
20285,6,2025-10-01 15:42:20.792648+00:00,2025-10-01 15:42:29.569653+00:00,8.777005,55366.0,C Route
20285,8,2025-10-01 15:43:48.407306+00:00,2025-10-01 15:44:05.687174+00:00,17.279868,55366.0,C Route
20285,7,2025-10-01 15:46:42.788543+00:00,2025-10-01 15:46:51.706234+00:00,8.917691,55366.0,C Route
20285,5,2025-10-01 15:49:45.678433+00:00,2025-10-01 15:50:03.312498+00:00,17.634065,55366.0,C Route
20285,6,2025-10-01 15:53:15.221321+00:00,2025-10-01 15:53:24.122975+00:00,8.901654,55366.0,C Route
20285,8,2025-10-01 15:55:09.134690+00:00,2025-10-01 15:55:35.316541+00:00,26.181851,55366.0,C Route
20285,7,2025-10-01 16:00:32.514946+00:00,2025-10-01 16:00:41.252289+00:00,8.737343,55366.0,C Route
20285,5,2025-10-01 16:03:53.884714+00:00,2025-10-01 16:04:11.574038+00:00,17.689324,55366.0,C Route
20285,6,2025-10-01 16:07:24.915072+00:00,2025-10-01 16:07:33.859203+00:00,8.944131,55366.0,C Route
20285,8,2025-10-01 16:08:44.513546+00:00,2025-10-01 16:09:10.734079+00:00,26.220533,55366.0,C Route
20285,7,2025-10-01 16:21:45.776995+00:00,2025-10-01 16:21:54.770576+00:00,8.993581,55366.0,C Route
20285,5,2025-10-01 16:24:40.110972+00:00,2025-10-01 16:24:57.893907+00:00,17.782935,55366.0,C Route
20285,6,2025-10-01 16:27:17.487966+00:00,2025-10-01 16:27:26.229273+00:00,8.741307,55366.0,C Route
20285,8,2025-10-01 16:28:36.482574+00:00,2025-10-01 16:28:54.168861+00:00,17.686287,55366.0,C Route
20285,7,2025-10-01 16:34:00.651835+00:00,2025-10-01 16:34:09.414723+00:00,8.762888,55366.0,C Route
20285,5,2025-10-01 16:37:05.903380+00:00,2025-10-01 16:37:41.148036+00:00,35.244656,55366.0,C Route
20285,6,2025-10-01 16:42:02.711210+00:00,2025-10-01 16:42:11.731524+00:00,9.020314,55366.0,C Route
20285,8,2025-10-01 16:43:30.867555+00:00,2025-10-01 16:46:09.694167+00:00,158.826612,55366.0,C Route
20285,7,2025-10-01 16:46:53.500552+00:00,2025-10-01 16:47:02.250087+00:00,8.749535,55366.0,C Route
20285,5,2025-10-01 16:49:39.203042+00:00,2025-10-01 16:49:56.648704+00:00,17.445662,55366.0,C Route
20285,6,2025-10-01 16:54:01.785289+00:00,2025-10-01 16:54:10.737090+00:00,8.951801,55366.0,C Route
20285,8,2025-10-01 16:55:39.716946+00:00,2025-10-01 16:56:05.988098+00:00,26.271152,55366.0,C Route
20285,7,2025-10-01 16:59:45.414953+00:00,2025-10-01 16:59:54.235057+00:00,8.820104,55366.0,C Route
20285,5,2025-10-01 17:02:31.649656+00:00,2025-10-01 17:03:07.064757+00:00,35.415101,55366.0,C Route
20285,6,2025-10-01 17:06:30.137407+00:00,2025-10-01 17:06:39.051370+00:00,8.913963,55366.0,C Route
20285,8,2025-10-01 17:07:58.245428+00:00,2025-10-01 17:08:24.808941+00:00,26.563513,55366.0,C Route
20285,7,2025-10-01 17:10:36.414543+00:00,2025-10-01 17:10:45.591700+00:00,9.177157,55366.0,C Route
20285,5,2025-10-01 17:14:17.962010+00:00,2025-10-01 17:15:01.778239+00:00,43.816229,55366.0,C Route
20285,6,2025-10-01 17:17:22.918873+00:00,2025-10-01 17:17:31.741490+00:00,8.822617,55366.0,C Route
20285,8,2025-10-01 17:18:41.257247+00:00,2025-10-01 17:18:59.107891+00:00,17.850644,55366.0,C Route
20285,7,2025-10-01 17:23:58.323384+00:00,2025-10-01 17:24:07.202871+00:00,8.879487,55366.0,C Route
20285,5,2025-10-01 17:26:45.041712+00:00,2025-10-01 17:27:28.714964+00:00,43.673252,55366.0,C Route
20285,6,2025-10-01 17:29:58.384317+00:00,2025-10-01 17:30:07.158346+00:00,8.774029,55366.0,C Route
20285,8,2025-10-01 17:31:26.239058+00:00,2025-10-01 17:33:10.952331+00:00,104.713273,55366.0,C Route
20285,7,2025-10-01 17:34:11.732034+00:00,2025-10-01 17:34:20.574097+00:00,8.842063,55366.0,C Route
20285,5,2025-10-01 17:37:32.613924+00:00,2025-10-01 17:38:43.078113+00:00,70.464189,55366.0,C Route
20285,6,2025-10-01 17:42:57.332569+00:00,2025-10-01 17:43:06.080849+00:00,8.74828,55366.0,C Route
20285,8,2025-10-01 17:45:25.661103+00:00,2025-10-01 17:46:19.359936+00:00,53.698833,55366.0,C Route
20285,7,2025-10-01 17:50:34.073874+00:00,2025-10-01 17:50:42.991935+00:00,8.918061,55366.0,C Route
20285,5,2025-10-01 17:53:28.375806+00:00,2025-10-01 17:54:03.505650+00:00,35.129844,55366.0,C Route
20285,6,2025-10-01 17:59:09.187478+00:00,2025-10-01 17:59:18.309628+00:00,9.12215,55366.0,C Route
20285,8,2025-10-01 18:00:47.152093+00:00,2025-10-01 18:04:03.225855+00:00,196.073762,55366.0,C Route
20285,7,2025-10-01 18:04:49.140396+00:00,2025-10-01 18:04:57.943020+00:00,8.802624,55366.0,C Route
20285,5,2025-10-01 18:07:47.147794+00:00,2025-10-01 18:08:22.680480+00:00,35.532686,55366.0,C Route
20285,6,2025-10-01 18:10:17.755568+00:00,2025-10-01 18:10:26.729497+00:00,8.973929,55366.0,C Route
20285,8,2025-10-01 18:11:38.211091+00:00,2025-10-01 18:12:58.074205+00:00,79.863114,55366.0,C Route
20285,7,2025-10-01 18:13:33.425069+00:00,2025-10-01 18:13:42.184211+00:00,8.759142,55366.0,C Route
20285,5,2025-10-01 18:16:38.942274+00:00,2025-10-01 18:17:14.118043+00:00,35.175769,55366.0,C Route
20285,6,2025-10-01 18:19:52.828280+00:00,2025-10-01 18:20:01.726642+00:00,8.898362,55366.0,C Route
20285,8,2025-10-01 18:21:12.439394+00:00,2025-10-01 18:21:48.179533+00:00,35.740139,55366.0,C Route
20285,7,2025-10-01 18:28:13.786140+00:00,2025-10-01 18:28:22.794737+00:00,9.008597,55366.0,C Route
20285,5,2025-10-01 18:30:43.300344+00:00,2025-10-01 18:31:27.265814+00:00,43.96547,55366.0,C Route
20285,6,2025-10-01 18:33:30.771464+00:00,2025-10-01 18:33:39.652182+00:00,8.880718,55366.0,C Route
20285,8,2025-10-01 18:34:49.949456+00:00,2025-10-01 18:39:05.646812+00:00,255.697356,55366.0,C Route
20285,7,2025-10-01 18:39:58.977294+00:00,2025-10-01 18:40:08.495245+00:00,9.517951,55366.0,C Route
20285,5,2025-10-01 18:42:46.782114+00:00,2025-10-01 18:45:16.470293+00:00,149.688179,55366.0,C Route
20285,6,2025-10-01 18:48:03.564511+00:00,2025-10-01 18:48:12.510975+00:00,8.946464,55366.0,C Route
20285,8,2025-10-01 18:49:40.796007+00:00,2025-10-01 18:50:51.432449+00:00,70.636442,55366.0,C Route
20285,7,2025-10-01 18:51:35.661054+00:00,2025-10-01 18:51:44.508998+00:00,8.847944,55366.0,C Route
20285,5,2025-10-01 18:55:14.908353+00:00,2025-10-01 18:56:08.379954+00:00,53.471601,55366.0,C Route
20285,6,2025-10-01 18:58:29.185641+00:00,2025-10-01 18:58:37.940016+00:00,8.754375,55366.0,C Route
20285,8,2025-10-01 18:59:39.125996+00:00,2025-10-01 18:59:57.116338+00:00,17.990342,55366.0,C Route
20285,7,2025-10-01 19:02:01.311220+00:00,2025-10-01 19:02:10.187568+00:00,8.876348,55366.0,C Route
20285,5,2025-10-01 19:05:25.162146+00:00,2025-10-01 19:06:27.054654+00:00,61.892508,55366.0,C Route
20285,6,2025-10-01 19:13:15.219214+00:00,2025-10-01 19:13:24.189483+00:00,8.970269,55366.0,C Route
20285,8,2025-10-01 19:14:34.434804+00:00,2025-10-01 19:14:52.379393+00:00,17.944589,55366.0,C Route
20285,7,2025-10-01 19:16:38.075096+00:00,2025-10-01 19:16:46.916482+00:00,8.841386,55366.0,C Route
20285,5,2025-10-01 19:19:42.650274+00:00,2025-10-01 19:20:26.579350+00:00,43.929076,55366.0,C Route
20285,6,2025-10-01 19:22:45.911835+00:00,2025-10-01 19:22:54.875166+00:00,8.963331,55366.0,C Route
20285,8,2025-10-01 19:25:14.951745+00:00,2025-10-01 19:25:32.578069+00:00,17.626324,55366.0,C Route
20285,7,2025-10-01 19:28:45.171842+00:00,2025-10-01 19:28:54.143858+00:00,8.972016,55366.0,C Route
20285,5,2025-10-01 19:32:23.558944+00:00,2025-10-01 19:33:07.829575+00:00,44.270631,55366.0,C Route
20285,6,2025-10-01 19:35:46.002633+00:00,2025-10-01 19:35:54.766509+00:00,8.763876,55366.0,C Route
20285,8,2025-10-01 19:37:13.599158+00:00,2025-10-01 19:37:40.047004+00:00,26.447846,55366.0,C Route
20285,7,2025-10-01 19:40:10.707481+00:00,2025-10-01 19:40:19.731158+00:00,9.023677,55366.0,C Route
20285,5,2025-10-01 19:42:48.967052+00:00,2025-10-01 19:43:41.556702+00:00,52.58965,55366.0,C Route
20285,6,2025-10-01 19:45:53.608011+00:00,2025-10-01 19:46:02.327253+00:00,8.719242,55366.0,C Route
20285,8,2025-10-01 19:47:20.633698+00:00,2025-10-01 19:47:38.262166+00:00,17.628468,55366.0,C Route
20285,7,2025-10-01 19:52:52.732915+00:00,2025-10-01 19:53:01.923840+00:00,9.190925,55366.0,C Route
20285,5,2025-10-01 19:55:22.126623+00:00,2025-10-01 19:55:57.456773+00:00,35.33015,55366.0,C Route
20285,6,2025-10-01 19:57:51.330401+00:00,2025-10-01 19:58:00.179646+00:00,8.849245,55366.0,C Route
20285,8,2025-10-01 20:00:13.461868+00:00,2025-10-01 20:01:53.608320+00:00,100.146452,55366.0,C Route
20285,7,2025-10-01 20:02:48.706936+00:00,2025-10-01 20:02:57.666251+00:00,8.959315,55366.0,C Route
20285,5,2025-10-01 20:05:46.872419+00:00,2025-10-01 20:06:14.226081+00:00,27.353662,55366.0,C Route
20285,6,2025-10-01 20:08:18.320901+00:00,2025-10-01 20:08:27.341595+00:00,9.020694,55366.0,C Route
20285,8,2025-10-01 20:10:31.823276+00:00,2025-10-01 20:11:16.901173+00:00,45.077897,55366.0,C Route
20285,7,2025-10-01 20:18:15.410753+00:00,2025-10-01 20:18:25.778132+00:00,10.367379,55366.0,C Route
20285,5,2025-10-01 20:21:41.672294+00:00,2025-10-01 20:23:02.677027+00:00,81.004733,55366.0,C Route
20285,6,2025-10-01 20:28:56.027380+00:00,2025-10-01 20:29:04.890551+00:00,8.863171,55366.0,C Route
20285,8,2025-10-01 20:30:41.253989+00:00,2025-10-01 20:30:50.078031+00:00,8.824042,55366.0,C Route
20285,7,2025-10-01 20:32:26.414911+00:00,2025-10-01 20:32:35.207862+00:00,8.792951,55366.0,C Route
20285,5,2025-10-01 20:35:38.754211+00:00,2025-10-01 20:36:13.900434+00:00,35.146223,55366.0,C Route
20285,6,2025-10-01 20:38:24.882189+00:00,2025-10-01 20:38:33.557450+00:00,8.675261,55366.0,C Route
20285,8,2025-10-01 20:39:34.536461+00:00,2025-10-01 20:39:52.108866+00:00,17.572405,55366.0,C Route
20285,7,2025-10-01 20:41:28.085573+00:00,2025-10-01 20:41:37.112110+00:00,9.026537,55366.0,C Route
20285,5,2025-10-01 20:43:58.128108+00:00,2025-10-01 20:44:42.153535+00:00,44.025427,55366.0,C Route
20285,6,2025-10-01 20:50:58.474651+00:00,2025-10-01 20:51:07.336019+00:00,8.861368,55366.0,C Route
20285,8,2025-10-01 20:52:09.037205+00:00,2025-10-01 20:52:26.558756+00:00,17.521551,55366.0,C Route
20285,7,2025-10-01 20:54:11.549257+00:00,2025-10-01 20:54:20.375668+00:00,8.826411,55366.0,C Route
20285,5,2025-10-01 20:57:05.826861+00:00,2025-10-01 20:57:23.443750+00:00,17.616889,55366.0,C Route
20285,6,2025-10-01 21:04:13.457611+00:00,2025-10-01 21:04:22.209777+00:00,8.752166,55366.0,C Route
20285,8,2025-10-01 21:05:50.158401+00:00,2025-10-01 21:06:17.558593+00:00,27.400192,55366.0,C Route
20285,7,2025-10-01 21:08:03.511871+00:00,2025-10-01 21:08:12.598259+00:00,9.086388,55366.0,C Route
20285,5,2025-10-01 21:11:59.665120+00:00,2025-10-01 21:12:17.260158+00:00,17.595038,55366.0,C Route
20285,6,2025-10-01 21:16:20.804138+00:00,2025-10-01 21:16:29.456419+00:00,8.652281,55366.0,C Route
20285,8,2025-10-01 21:18:39.959428+00:00,2025-10-01 21:19:06.190836+00:00,26.231408,55366.0,C Route
20285,7,2025-10-01 21:23:03.542677+00:00,2025-10-01 21:23:12.528183+00:00,8.985506,55366.0,C Route
20285,5,2025-10-01 21:26:42.188813+00:00,2025-10-01 21:27:25.553706+00:00,43.364893,55366.0,C Route
20285,6,2025-10-01 21:29:45.412691+00:00,2025-10-01 21:29:54.251519+00:00,8.838828,55366.0,C Route
20285,8,2025-10-01 21:31:21.358459+00:00,2025-10-01 21:31:47.987532+00:00,26.629073,55366.0,C Route
20285,7,2025-10-01 21:33:24.114650+00:00,2025-10-01 21:33:32.916266+00:00,8.801616,55366.0,C Route
20285,5,2025-10-01 21:36:36.195237+00:00,2025-10-01 21:37:28.262523+00:00,52.067286,55366.0,C Route
20285,6,2025-10-01 21:39:29.938335+00:00,2025-10-01 21:39:38.726715+00:00,8.78838,55366.0,C Route
20285,8,2025-10-01 21:41:06.274970+00:00,2025-10-01 21:42:07.259139+00:00,60.984169,55366.0,C Route
20285,7,2025-10-01 21:44:08.693428+00:00,2025-10-01 21:44:17.383146+00:00,8.689718,55366.0,C Route
20285,5,2025-10-01 21:47:54.706998+00:00,2025-10-01 21:48:29.534643+00:00,34.827645,55366.0,C Route
20285,6,2025-10-01 21:50:57.451015+00:00,2025-10-01 21:51:06.274462+00:00,8.823447,55366.0,C Route
20285,8,2025-10-01 21:52:41.692470+00:00,2025-10-01 21:53:17.049574+00:00,35.357104,55366.0,C Route
20285,7,2025-10-01 21:55:01.914325+00:00,2025-10-01 21:55:10.636566+00:00,8.722241,55366.0,C Route
20285,5,2025-10-01 21:57:57.268891+00:00,2025-10-01 21:58:15.205104+00:00,17.936213,55366.0,C Route
20285,6,2025-10-01 22:02:37.632727+00:00,2025-10-01 22:02:46.515349+00:00,8.882622,55366.0,C Route
20285,8,2025-10-01 22:03:47.903626+00:00,2025-10-01 22:03:56.868748+00:00,8.965122,55366.0,C Route
20285,7,2025-10-01 22:06:44.358111+00:00,2025-10-01 22:06:53.229892+00:00,8.871781,55366.0,C Route
20285,5,2025-10-01 22:10:16.214447+00:00,2025-10-01 22:10:34.295710+00:00,18.081263,55366.0,C Route
20285,6,2025-10-01 22:16:44.229459+00:00,2025-10-01 22:16:53.167403+00:00,8.937944,55366.0,C Route
20285,8,2025-10-01 22:17:54.537110+00:00,2025-10-01 22:18:21.043616+00:00,26.506506,55366.0,C Route
20285,7,2025-10-01 22:23:11.754798+00:00,2025-10-01 22:23:20.527546+00:00,8.772748,55366.0,C Route
20285,5,2025-10-01 22:26:06.983290+00:00,2025-10-01 22:26:24.613227+00:00,17.629937,55366.0,C Route
20285,6,2025-10-01 22:31:41.895439+00:00,2025-10-01 22:31:50.832756+00:00,8.937317,55366.0,C Route
20285,8,2025-10-01 22:33:18.692386+00:00,2025-10-01 22:34:45.784482+00:00,87.092096,55366.0,C Route
20285,7,2025-10-01 22:35:21.073473+00:00,2025-10-01 22:35:30.031284+00:00,8.957811,55366.0,C Route
20285,5,2025-10-01 22:38:42.672446+00:00,2025-10-01 22:39:09.459119+00:00,26.786673,55366.0,C Route
20285,6,2025-10-01 22:41:11.900956+00:00,2025-10-01 22:41:20.826126+00:00,8.92517,55366.0,C Route
20285,8,2025-10-01 22:42:31.060801+00:00,2025-10-01 22:42:49.032749+00:00,17.971948,55366.0,C Route
20285,7,2025-10-01 22:44:34.242801+00:00,2025-10-01 22:44:43.044294+00:00,8.801493,55366.0,C Route
20285,5,2025-10-01 22:47:20.729991+00:00,2025-10-01 22:47:46.887562+00:00,26.157571,55366.0,C Route
20285,6,2025-10-01 22:50:08.311147+00:00,2025-10-01 22:50:17.445881+00:00,9.134734,55366.0,C Route
20285,8,2025-10-01 22:51:27.282827+00:00,2025-10-01 22:51:45.066532+00:00,17.783705,55366.0,C Route
20285,7,2025-10-01 22:53:56.366099+00:00,2025-10-01 22:54:05.247960+00:00,8.881861,55366.0,C Route
20285,5,2025-10-01 22:57:01.277397+00:00,2025-10-01 22:57:18.985151+00:00,17.707754,55366.0,C Route
20285,6,2025-10-01 23:02:09.311822+00:00,2025-10-01 23:02:18.349974+00:00,9.038152,55366.0,C Route
20285,8,2025-10-01 23:04:12.541335+00:00,2025-10-01 23:05:05.681628+00:00,53.140293,55366.0,C Route
20285,7,2025-10-01 23:07:00.557858+00:00,2025-10-01 23:07:09.733777+00:00,9.175919,55366.0,C Route
20285,5,2025-10-01 23:10:31.915381+00:00,2025-10-01 23:10:40.796235+00:00,8.880854,55366.0,C Route
20285,6,2025-10-01 23:15:57.075085+00:00,2025-10-01 23:16:05.905865+00:00,8.83078,55366.0,C Route
20285,8,2025-10-01 23:17:33.070171+00:00,2025-10-01 23:18:07.575750+00:00,34.505579,55366.0,C Route
20285,7,2025-10-01 23:19:34.788083+00:00,2025-10-01 23:19:43.778990+00:00,8.990907,55366.0,C Route
20285,5,2025-10-01 23:23:15.118875+00:00,2025-10-01 23:27:48.007013+00:00,272.888138,55366.0,C Route
20285,6,2025-10-01 23:30:08.526058+00:00,2025-10-01 23:30:17.472029+00:00,8.945971,55366.0,C Route
20285,8,2025-10-01 23:31:28.117135+00:00,2025-10-01 23:31:37.010712+00:00,8.893577,55366.0,C Route
20285,7,2025-10-01 23:33:40.370477+00:00,2025-10-01 23:33:49.311525+00:00,8.941048,55366.0,C Route
20285,5,2025-10-01 23:36:37.627350+00:00,2025-10-01 23:37:56.410874+00:00,78.783524,55366.0,C Route
20285,6,2025-10-01 23:40:42.598435+00:00,2025-10-01 23:40:51.560285+00:00,8.96185,55366.0,C Route
20285,8,2025-10-01 23:41:53.910332+00:00,2025-10-01 23:42:11.660900+00:00,17.750568,55366.0,C Route
20285,7,2025-10-01 23:43:39.823063+00:00,2025-10-01 23:43:48.588995+00:00,8.765932,55366.0,C Route
20285,5,2025-10-01 23:46:28.057629+00:00,2025-10-01 23:47:21.066273+00:00,53.008644,55366.0,C Route
20285,6,2025-10-01 23:49:32.440206+00:00,2025-10-01 23:49:41.246472+00:00,8.806266,55366.0,C Route
20285,8,2025-10-01 23:51:00.670201+00:00,2025-10-01 23:52:02.568643+00:00,61.898442,55366.0,C Route
20285,7,2025-10-01 23:52:37.309816+00:00,2025-10-01 23:52:46.400541+00:00,9.090725,55366.0,C Route
20285,5,2025-10-01 23:55:40.754340+00:00,2025-10-01 23:56:24.301003+00:00,43.546663,55366.0,C Route
20285,6,2025-10-01 23:58:35.217797+00:00,2025-10-01 23:58:44.113521+00:00,8.895724,55366.0,C Route
20285,8,2025-10-02 00:00:38.211099+00:00,2025-10-02 00:00:55.778595+00:00,17.567496,55366.0,C Route
20285,7,2025-10-02 00:02:23.334406+00:00,2025-10-02 00:02:32.020648+00:00,8.686242,55366.0,C Route
20285,5,2025-10-02 00:05:21.593148+00:00,2025-10-02 00:06:07.061428+00:00,45.46828,55366.0,C Route
20285,6,2025-10-02 00:11:55.251553+00:00,2025-10-02 00:12:04.010905+00:00,8.759352,55366.0,C Route
20282,12,2025-10-01 20:03:24.311114+00:00,2025-10-01 20:04:44.549499+00:00,80.238385,54551.0,REXL Route
20282,13,2025-10-01 20:05:56.003959+00:00,2025-10-01 20:08:44.930654+00:00,168.926695,54551.0,REXL Route
20282,17,2025-10-01 20:41:01.870358+00:00,2025-10-01 20:42:12.555538+00:00,70.68518,54551.0,REXL Route
20282,18,2025-10-01 20:43:31.572696+00:00,2025-10-01 20:44:24.577808+00:00,53.005112,54551.0,REXL Route
20282,16,2025-10-01 20:47:46.116311+00:00,2025-10-01 20:47:55.014200+00:00,8.897889,54551.0,REXL Route
20282,12,2025-10-01 20:58:06.353700+00:00,2025-10-01 20:59:16.289885+00:00,69.936185,54551.0,REXL Route
20282,13,2025-10-01 21:00:08.749446+00:00,2025-10-01 21:03:47.162597+00:00,218.413151,54551.0,REXL Route
20282,17,2025-10-01 21:41:49.942908+00:00,2025-10-01 21:42:42.206028+00:00,52.26312,54551.0,REXL Route
20282,18,2025-10-01 21:43:51.197086+00:00,2025-10-01 21:44:26.151482+00:00,34.954396,54551.0,REXL Route
20282,16,2025-10-01 21:48:55.747611+00:00,2025-10-01 21:49:04.475508+00:00,8.727897,54551.0,REXL Route
20282,12,2025-10-01 21:59:59.875556+00:00,2025-10-01 22:01:10.589542+00:00,70.713986,54551.0,REXL Route
20282,13,2025-10-01 22:01:54.209509+00:00,2025-10-01 22:28:28.369994+00:00,1594.160485,54551.0,REXL Route
20282,17,2025-10-01 22:48:22.146547+00:00,2025-10-01 22:49:15.029222+00:00,52.882675,54551.0,REXL Route
20282,18,2025-10-01 22:50:17.448662+00:00,2025-10-01 22:50:52.624466+00:00,35.175804,54551.0,REXL Route
20282,16,2025-10-01 22:53:38.886233+00:00,2025-10-01 22:53:47.690931+00:00,8.804698,54551.0,REXL Route
20282,12,2025-10-01 23:04:39.083254+00:00,2025-10-01 23:06:07.267173+00:00,88.183919,54551.0,REXL Route
20282,13,2025-10-01 23:07:27.682960+00:00,2025-10-01 23:08:37.956544+00:00,70.273584,54551.0,REXL Route
20282,17,2025-10-01 23:29:24.533843+00:00,2025-10-01 23:30:17.533460+00:00,52.999617,54551.0,REXL Route
20282,18,2025-10-01 23:31:10.070553+00:00,2025-10-01 23:32:03.360080+00:00,53.289527,54551.0,REXL Route
20282,16,2025-10-01 23:34:42.161874+00:00,2025-10-01 23:34:51.173401+00:00,9.011527,54551.0,REXL Route
20282,12,2025-10-01 23:45:08.894547+00:00,2025-10-01 23:46:36.983478+00:00,88.088931,54551.0,REXL Route
20282,13,2025-10-01 23:47:38.688728+00:00,2025-10-01 23:49:23.834982+00:00,105.146254,54551.0,REXL Route
20282,17,2025-10-02 00:03:42.229063+00:00,2025-10-02 00:04:36.035138+00:00,53.806075,54551.0,REXL Route
20282,18,2025-10-02 00:05:39.911685+00:00,2025-10-02 00:06:07.162970+00:00,27.251285,54551.0,REXL Route
20282,16,2025-10-02 00:08:48.589138+00:00,2025-10-02 00:08:57.721514+00:00,9.132376,54551.0,REXL Route
20284,10,2025-10-01 16:59:01.329011+00:00,2025-10-01 16:59:10.147899+00:00,8.818888,54543.0,EE Route
20284,24,2025-10-01 17:00:38.217439+00:00,2025-10-01 17:02:40.656421+00:00,122.438982,54543.0,EE Route
20284,13,2025-10-01 17:05:54.382236+00:00,2025-10-01 17:07:49.531249+00:00,115.149013,54543.0,EE Route
20284,14,2025-10-01 17:09:43.559790+00:00,2025-10-01 17:10:36.659468+00:00,53.099678,54543.0,EE Route
20284,10,2025-10-01 17:16:03.353261+00:00,2025-10-01 17:17:49.272219+00:00,105.918958,54543.0,EE Route
20284,26,2025-10-01 17:21:37.988968+00:00,2025-10-01 17:21:46.839759+00:00,8.850791,54543.0,EE Route
20284,5,2025-10-01 17:22:39.501425+00:00,2025-10-01 17:23:23.521270+00:00,44.019845,54543.0,EE Route
20284,26,2025-10-01 17:24:16.060477+00:00,2025-10-01 17:24:24.790370+00:00,8.729893,54543.0,EE Route
20284,6,2025-10-01 17:25:43.383065+00:00,2025-10-01 17:26:36.331047+00:00,52.947982,54543.0,EE Route
20284,9,2025-10-01 17:28:12.449103+00:00,2025-10-01 17:29:23.103467+00:00,70.654364,54543.0,EE Route
20284,24,2025-10-01 17:37:06.193205+00:00,2025-10-01 17:39:36.397284+00:00,150.204079,54543.0,EE Route
20284,13,2025-10-01 17:43:40.565694+00:00,2025-10-01 17:46:01.397840+00:00,140.832146,54543.0,EE Route
20284,14,2025-10-01 17:48:13.636845+00:00,2025-10-01 17:49:05.939800+00:00,52.302955,54543.0,EE Route
20284,10,2025-10-01 17:54:46.835689+00:00,2025-10-01 17:58:25.807842+00:00,218.972153,54543.0,EE Route
20284,5,2025-10-01 18:03:09.597496+00:00,2025-10-01 18:04:03.301242+00:00,53.703746,54543.0,EE Route
20284,6,2025-10-01 18:06:09.503404+00:00,2025-10-01 18:06:53.968814+00:00,44.46541,54543.0,EE Route
20284,9,2025-10-01 18:07:55.998903+00:00,2025-10-01 18:08:40.223664+00:00,44.224761,54543.0,EE Route
20284,24,2025-10-01 18:14:43.663384+00:00,2025-10-01 18:15:37.534810+00:00,53.871426,54543.0,EE Route
20284,13,2025-10-01 18:20:19.240975+00:00,2025-10-01 18:29:15.672625+00:00,536.43165,54543.0,EE Route
20284,14,2025-10-01 18:31:44.876487+00:00,2025-10-01 18:32:11.689338+00:00,26.812851,54543.0,EE Route
20284,10,2025-10-01 18:38:12.768598+00:00,2025-10-01 18:39:59.112558+00:00,106.34396,54543.0,EE Route
20284,26,2025-10-01 18:43:04.556952+00:00,2025-10-01 18:43:13.543140+00:00,8.986188,54543.0,EE Route
20284,5,2025-10-01 18:44:23.622104+00:00,2025-10-01 18:44:58.524688+00:00,34.902584,54543.0,EE Route
20284,6,2025-10-01 18:47:28.175870+00:00,2025-10-01 18:48:12.566866+00:00,44.390996,54543.0,EE Route
20284,9,2025-10-01 18:48:56.676989+00:00,2025-10-01 18:49:40.926299+00:00,44.24931,54543.0,EE Route
20284,24,2025-10-01 18:57:35.993227+00:00,2025-10-01 18:59:39.237355+00:00,123.244128,54543.0,EE Route
20284,13,2025-10-01 19:02:10.255690+00:00,2025-10-01 19:04:14.613664+00:00,124.357974,54543.0,EE Route
20284,14,2025-10-01 19:06:27.055245+00:00,2025-10-01 19:07:20.311279+00:00,53.256034,54543.0,EE Route
20284,10,2025-10-01 19:11:55.615993+00:00,2025-10-01 19:14:43.455915+00:00,167.839922,54543.0,EE Route
20284,26,2025-10-01 19:17:48.653671+00:00,2025-10-01 19:17:57.308006+00:00,8.654335,54543.0,EE Route
20284,5,2025-10-01 19:18:41.613133+00:00,2025-10-01 19:19:51.569820+00:00,69.956687,54543.0,EE Route
20284,26,2025-10-01 19:20:52.818844+00:00,2025-10-01 19:21:01.603068+00:00,8.784224,54543.0,EE Route
20284,6,2025-10-01 19:22:28.438938+00:00,2025-10-01 19:23:47.085059+00:00,78.646121,54543.0,EE Route
20284,9,2025-10-01 19:25:41.341471+00:00,2025-10-01 19:27:09.047082+00:00,87.705611,54543.0,EE Route
20284,24,2025-10-01 19:46:19.726964+00:00,2025-10-01 19:46:28.513262+00:00,8.786298,54543.0,EE Route
20284,10,2025-10-01 19:50:06.762839+00:00,2025-10-01 19:54:03.172332+00:00,236.409493,54543.0,EE Route
20284,5,2025-10-01 19:58:00.182037+00:00,2025-10-01 19:58:53.224191+00:00,53.042154,54543.0,EE Route
20284,6,2025-10-01 20:01:44.004635+00:00,2025-10-01 20:03:06.740256+00:00,82.735621,54543.0,EE Route
20284,9,2025-10-01 20:04:26.496275+00:00,2025-10-01 20:05:20.153053+00:00,53.656778,54543.0,EE Route
20284,24,2025-10-01 20:13:40.553478+00:00,2025-10-01 20:14:15.695912+00:00,35.142434,54543.0,EE Route
20284,13,2025-10-01 20:16:01.951518+00:00,2025-10-01 20:18:15.528403+00:00,133.576885,54543.0,EE Route
20284,14,2025-10-01 20:19:54.454038+00:00,2025-10-01 20:20:48.507544+00:00,54.053506,54543.0,EE Route
20284,10,2025-10-01 20:24:40.354062+00:00,2025-10-01 20:37:23.852677+00:00,763.498615,54543.0,EE Route
20284,26,2025-10-01 20:40:35.742000+00:00,2025-10-01 20:40:44.761229+00:00,9.019229,54543.0,EE Route
20284,5,2025-10-01 20:41:54.741104+00:00,2025-10-01 20:42:12.639615+00:00,17.898511,54543.0,EE Route
20284,6,2025-10-01 20:44:42.155456+00:00,2025-10-01 20:45:17.652377+00:00,35.496921,54543.0,EE Route
20284,9,2025-10-01 20:46:36.275251+00:00,2025-10-01 20:47:37.411104+00:00,61.135853,54543.0,EE Route
20284,24,2025-10-01 20:54:29.164546+00:00,2025-10-01 20:56:13.728156+00:00,104.56361,54543.0,EE Route
20284,13,2025-10-01 20:58:06.442911+00:00,2025-10-01 21:00:00.182713+00:00,113.739802,54543.0,EE Route
20284,14,2025-10-01 21:01:45.028336+00:00,2025-10-01 21:01:53.893483+00:00,8.865147,54543.0,EE Route
20284,10,2025-10-01 21:07:28.126786+00:00,2025-10-01 21:09:49.132731+00:00,141.005945,54543.0,EE Route
20284,5,2025-10-01 21:14:18.784310+00:00,2025-10-01 21:14:53.732032+00:00,34.947722,54543.0,EE Route
20284,6,2025-10-01 21:18:05.098046+00:00,2025-10-01 21:18:31.303700+00:00,26.205654,54543.0,EE Route
20284,9,2025-10-01 21:20:06.842441+00:00,2025-10-01 21:20:50.692303+00:00,43.849862,54543.0,EE Route
20284,24,2025-10-01 21:29:19.141575+00:00,2025-10-01 21:30:20.239240+00:00,61.097665,54543.0,EE Route
20284,13,2025-10-01 21:33:58.798002+00:00,2025-10-01 21:36:10.091225+00:00,131.293223,54543.0,EE Route
20284,14,2025-10-01 21:38:29.173567+00:00,2025-10-01 21:39:03.855024+00:00,34.681457,54543.0,EE Route
20284,10,2025-10-01 21:44:34.770263+00:00,2025-10-01 21:47:37.369547+00:00,182.599284,54543.0,EE Route
20284,5,2025-10-01 21:51:58.107245+00:00,2025-10-01 21:52:24.299939+00:00,26.192694,54543.0,EE Route
20284,6,2025-10-01 21:55:10.638431+00:00,2025-10-01 21:56:39.217750+00:00,88.579319,54543.0,EE Route
20284,9,2025-10-01 21:58:06.310353+00:00,2025-10-01 21:59:07.675131+00:00,61.364778,54543.0,EE Route
20284,24,2025-10-01 22:07:54.751556+00:00,2025-10-01 22:21:08.217278+00:00,793.465722,54543.0,EE Route
20284,13,2025-10-01 22:23:46.634932+00:00,2025-10-01 22:41:38.382861+00:00,1071.747929,54543.0,EE Route
20284,14,2025-10-01 22:43:24.035119+00:00,2025-10-01 22:43:50.919543+00:00,26.884424,54543.0,EE Route
20284,10,2025-10-01 22:48:31.064975+00:00,2025-10-01 22:53:30.208043+00:00,299.143068,54543.0,EE Route
20284,26,2025-10-01 22:56:43.604752+00:00,2025-10-01 22:56:52.339702+00:00,8.73495,54543.0,EE Route
20284,5,2025-10-01 22:57:54.087101+00:00,2025-10-01 22:58:29.655269+00:00,35.568168,54543.0,EE Route
20284,6,2025-10-01 23:00:49.996519+00:00,2025-10-01 23:01:34.006897+00:00,44.010378,54543.0,EE Route
20284,9,2025-10-01 23:03:37.557725+00:00,2025-10-01 23:04:47.882514+00:00,70.324789,54543.0,EE Route
20284,24,2025-10-01 23:13:36.148521+00:00,2025-10-01 23:14:29.578936+00:00,53.430415,54543.0,EE Route
20284,13,2025-10-01 23:19:43.782086+00:00,2025-10-01 23:21:11.701065+00:00,87.918979,54543.0,EE Route
20284,14,2025-10-01 23:23:23.699654+00:00,2025-10-01 23:23:59.166265+00:00,35.466611,54543.0,EE Route
20284,10,2025-10-01 23:28:49.434058+00:00,2025-10-01 23:33:31.453516+00:00,282.019458,54543.0,EE Route
20284,8,2025-10-01 23:36:28.977561+00:00,2025-10-01 23:37:47.814625+00:00,78.837064,54543.0,EE Route
20284,7,2025-10-01 23:38:31.449188+00:00,2025-10-01 23:39:33.058776+00:00,61.609588,54543.0,EE Route
20284,5,2025-10-01 23:42:29.095150+00:00,2025-10-01 23:43:31.066116+00:00,61.970966,54543.0,EE Route
20284,1,2025-10-01 23:48:57.721209+00:00,2025-10-01 23:52:55.359506+00:00,237.638297,54543.0,EE Route
20284,2,2025-10-01 23:54:39.645378+00:00,2025-10-01 23:54:48.548475+00:00,8.903097,54543.0,EE Route
20284,3,2025-10-01 23:56:59.088484+00:00,2025-10-01 23:57:42.771795+00:00,43.683311,54543.0,EE Route
20284,11,2025-10-02 00:01:48.074595+00:00,2025-10-02 00:02:14.544463+00:00,26.469868,54543.0,EE Route
20284,10,2025-10-02 00:04:17.909837+00:00,2025-10-02 00:06:33.670813+00:00,135.760976,54543.0,EE Route
20284,8,2025-10-02 00:09:33.928898+00:00,2025-10-02 00:10:26.457471+00:00,52.528573,54543.0,EE Route
20284,7,2025-10-02 00:11:19.990789+00:00,2025-10-02 00:12:47.875754+00:00,87.884965,54543.0,EE Route
20283,17,2025-10-01 12:00:38.224887+00:00,2025-10-01 12:01:12.583830+00:00,34.358943,54540.0,A Route
20283,18,2025-10-01 12:04:15.616855+00:00,2025-10-01 12:04:41.599577+00:00,25.982722,54540.0,A Route
20283,19,2025-10-01 12:06:08.443612+00:00,2025-10-01 12:06:51.939681+00:00,43.496069,54540.0,A Route
20283,20,2025-10-01 12:07:26.631292+00:00,2025-10-01 12:08:01.500232+00:00,34.86894,54540.0,A Route
20283,21,2025-10-01 12:10:19.571334+00:00,2025-10-01 12:10:45.787071+00:00,26.215737,54540.0,A Route
20283,16,2025-10-01 12:12:12.287558+00:00,2025-10-01 12:12:21.180783+00:00,8.893225,54540.0,A Route
20283,22,2025-10-01 12:18:31.324816+00:00,2025-10-01 12:18:40.017561+00:00,8.692745,54540.0,A Route
20283,3,2025-10-01 12:22:24.176023+00:00,2025-10-01 12:23:16.330865+00:00,52.154842,54540.0,A Route
20283,1,2025-10-01 12:24:52.257961+00:00,2025-10-01 12:34:58.974319+00:00,606.716358,54540.0,A Route
20283,2,2025-10-01 12:36:08.136180+00:00,2025-10-01 12:36:34.229786+00:00,26.093606,54540.0,A Route
20283,23,2025-10-01 12:41:11.873911+00:00,2025-10-01 12:41:20.626196+00:00,8.752285,54540.0,A Route
20283,17,2025-10-01 12:45:23.894325+00:00,2025-10-01 12:45:50.035939+00:00,26.141614,54540.0,A Route
20283,18,2025-10-01 12:46:42.388180+00:00,2025-10-01 12:47:17.622146+00:00,35.233966,54540.0,A Route
20283,19,2025-10-01 12:48:35.415673+00:00,2025-10-01 12:49:01.458801+00:00,26.043128,54540.0,A Route
20283,20,2025-10-01 12:49:53.007771+00:00,2025-10-01 12:50:36.343223+00:00,43.335452,54540.0,A Route
20283,21,2025-10-01 12:52:11.421366+00:00,2025-10-01 12:52:29.122385+00:00,17.701019,54540.0,A Route
20283,16,2025-10-01 12:55:13.965367+00:00,2025-10-01 12:55:22.655249+00:00,8.689882,54540.0,A Route
20283,22,2025-10-01 13:00:25.775747+00:00,2025-10-01 13:00:34.390802+00:00,8.615055,54540.0,A Route
20283,3,2025-10-01 13:04:02.159804+00:00,2025-10-01 13:04:45.732120+00:00,43.572316,54540.0,A Route
20283,1,2025-10-01 13:06:47.242804+00:00,2025-10-01 13:07:22.327216+00:00,35.084412,54540.0,A Route
20283,2,2025-10-01 13:08:22.943437+00:00,2025-10-01 13:08:58.035767+00:00,35.09233,54540.0,A Route
20283,23,2025-10-01 13:12:52.206355+00:00,2025-10-01 13:13:01.031872+00:00,8.825517,54540.0,A Route
20283,17,2025-10-01 13:17:47.007850+00:00,2025-10-01 13:18:48.446115+00:00,61.438265,54540.0,A Route
20283,18,2025-10-01 13:19:40.520063+00:00,2025-10-01 13:20:07.128101+00:00,26.608038,54540.0,A Route
20283,19,2025-10-01 13:21:24.980347+00:00,2025-10-01 13:22:52.050504+00:00,87.070157,54540.0,A Route
20283,20,2025-10-01 13:24:10.583437+00:00,2025-10-01 13:25:29.061017+00:00,78.47758,54540.0,A Route
20283,21,2025-10-01 13:27:21.892706+00:00,2025-10-01 13:28:06.454237+00:00,44.561531,54540.0,A Route
20283,16,2025-10-01 13:29:50.255604+00:00,2025-10-01 13:29:59.190139+00:00,8.934535,54540.0,A Route
20283,22,2025-10-01 13:34:12.473520+00:00,2025-10-01 13:34:21.635949+00:00,9.162429,54540.0,A Route
20283,3,2025-10-01 13:38:17.417273+00:00,2025-10-01 13:40:54.572174+00:00,157.154901,54540.0,A Route
20283,1,2025-10-01 13:42:47.411885+00:00,2025-10-01 13:43:31.219759+00:00,43.807874,54540.0,A Route
20283,2,2025-10-01 13:44:24.304361+00:00,2025-10-01 13:44:50.444704+00:00,26.140343,54540.0,A Route
20283,23,2025-10-01 13:50:05.031608+00:00,2025-10-01 13:50:13.762118+00:00,8.73051,54540.0,A Route
20283,17,2025-10-01 13:54:59.239398+00:00,2025-10-01 13:55:08.201579+00:00,8.962181,54540.0,A Route
20283,18,2025-10-01 13:56:35.351502+00:00,2025-10-01 13:57:18.903016+00:00,43.551514,54540.0,A Route
20283,19,2025-10-01 13:59:11.648760+00:00,2025-10-01 13:59:55.053862+00:00,43.405102,54540.0,A Route
20283,20,2025-10-01 14:01:04.784037+00:00,2025-10-01 14:01:57.870164+00:00,53.086127,54540.0,A Route
20283,21,2025-10-01 14:03:25.685650+00:00,2025-10-01 14:04:17.794985+00:00,52.109335,54540.0,A Route
20283,16,2025-10-01 14:06:37.649121+00:00,2025-10-01 14:06:46.366544+00:00,8.717423,54540.0,A Route
20283,22,2025-10-01 14:11:25.239420+00:00,2025-10-01 14:11:34.076203+00:00,8.836783,54540.0,A Route
20283,3,2025-10-01 14:16:13.313448+00:00,2025-10-01 14:16:48.497539+00:00,35.184091,54540.0,A Route
20283,1,2025-10-01 14:19:16.743793+00:00,2025-10-01 14:19:51.792229+00:00,35.048436,54540.0,A Route
20283,2,2025-10-01 14:22:01.995048+00:00,2025-10-01 14:22:36.711153+00:00,34.716105,54540.0,A Route
20283,23,2025-10-01 14:27:24.408582+00:00,2025-10-01 14:27:33.282796+00:00,8.874214,54540.0,A Route
20283,17,2025-10-01 14:32:21.062348+00:00,2025-10-01 14:32:38.327641+00:00,17.265293,54540.0,A Route
20283,18,2025-10-01 14:35:06.924568+00:00,2025-10-01 14:35:33.064994+00:00,26.140426,54540.0,A Route
20283,19,2025-10-01 14:36:51.476263+00:00,2025-10-01 14:37:35.443000+00:00,43.966737,54540.0,A Route
20283,20,2025-10-01 14:39:20.549835+00:00,2025-10-01 14:40:12.874652+00:00,52.324817,54540.0,A Route
20283,21,2025-10-01 14:41:13.736187+00:00,2025-10-01 14:41:57.516034+00:00,43.779847,54540.0,A Route
20283,16,2025-10-01 14:43:50.827039+00:00,2025-10-01 14:43:59.901016+00:00,9.073977,54540.0,A Route
20283,22,2025-10-01 14:47:38.452878+00:00,2025-10-01 14:47:47.236432+00:00,8.783554,54540.0,A Route
20283,3,2025-10-01 14:51:26.928315+00:00,2025-10-01 14:52:36.188572+00:00,69.260257,54540.0,A Route
20283,1,2025-10-01 14:54:12.164127+00:00,2025-10-01 14:56:58.485071+00:00,166.320944,54540.0,A Route
20283,2,2025-10-01 14:57:51.208392+00:00,2025-10-01 14:58:26.130763+00:00,34.922371,54540.0,A Route
20283,23,2025-10-01 15:04:33.129608+00:00,2025-10-01 15:04:42.005793+00:00,8.876185,54540.0,A Route
20283,17,2025-10-01 15:09:29.530938+00:00,2025-10-01 15:10:13.391774+00:00,43.860836,54540.0,A Route
20283,18,2025-10-01 15:14:26.136557+00:00,2025-10-01 15:15:09.901460+00:00,43.764903,54540.0,A Route
20283,19,2025-10-01 15:16:28.862719+00:00,2025-10-01 15:17:04.435893+00:00,35.573174,54540.0,A Route
20283,20,2025-10-01 15:18:23.456341+00:00,2025-10-01 15:18:59.383447+00:00,35.927106,54540.0,A Route
20283,21,2025-10-01 15:20:09.195522+00:00,2025-10-01 15:20:36.143151+00:00,26.947629,54540.0,A Route
20283,16,2025-10-01 15:22:47.640727+00:00,2025-10-01 15:22:56.532665+00:00,8.891938,54540.0,A Route
20283,17,2025-10-01 15:27:27.398190+00:00,2025-10-01 15:29:04.146440+00:00,96.74825,54540.0,A Route
20283,18,2025-10-01 15:30:04.972470+00:00,2025-10-01 15:30:40.476784+00:00,35.504314,54540.0,A Route
20283,19,2025-10-01 15:32:07.999417+00:00,2025-10-01 15:32:51.833886+00:00,43.834469,54540.0,A Route
20283,20,2025-10-01 15:34:10.747817+00:00,2025-10-01 15:34:36.770790+00:00,26.022973,54540.0,A Route
20283,21,2025-10-01 15:35:47.002918+00:00,2025-10-01 15:36:31.231977+00:00,44.229059,54540.0,A Route
20283,16,2025-10-01 15:38:42.249384+00:00,2025-10-01 15:38:51.128786+00:00,8.879402,54540.0,A Route
20283,22,2025-10-01 15:42:29.571613+00:00,2025-10-01 15:42:38.596687+00:00,9.025074,54540.0,A Route
20283,3,2025-10-01 15:45:50.447285+00:00,2025-10-01 15:47:09.441464+00:00,78.994179,54540.0,A Route
20283,1,2025-10-01 15:49:02.108591+00:00,2025-10-01 15:50:38.023595+00:00,95.915004,54540.0,A Route
20283,2,2025-10-01 15:53:06.622286+00:00,2025-10-01 15:54:16.509136+00:00,69.88685,54540.0,A Route
20283,23,2025-10-01 16:00:41.253453+00:00,2025-10-01 16:00:50.333036+00:00,9.079583,54540.0,A Route
20283,17,2025-10-01 16:05:13.006344+00:00,2025-10-01 16:06:23.298944+00:00,70.2926,54540.0,A Route
20283,18,2025-10-01 16:07:24.994564+00:00,2025-10-01 16:08:18.271857+00:00,53.277293,54540.0,A Route
20283,19,2025-10-01 16:09:28.320202+00:00,2025-10-01 16:10:12.555979+00:00,44.235777,54540.0,A Route
20283,20,2025-10-01 16:12:14.579879+00:00,2025-10-01 16:12:50.241437+00:00,35.661558,54540.0,A Route
20283,21,2025-10-01 16:14:00.444783+00:00,2025-10-01 16:14:44.293703+00:00,43.84892,54540.0,A Route
20283,16,2025-10-01 16:16:29.613722+00:00,2025-10-01 16:16:38.516994+00:00,8.903272,54540.0,A Route
20283,22,2025-10-01 16:21:10.377373+00:00,2025-10-01 16:21:19.146120+00:00,8.768747,54540.0,A Route
20283,3,2025-10-01 16:24:40.190343+00:00,2025-10-01 16:25:41.907580+00:00,61.717237,54540.0,A Route
20283,1,2025-10-01 16:27:52.983257+00:00,2025-10-01 16:29:11.800466+00:00,78.817209,54540.0,A Route
20283,2,2025-10-01 16:31:14.152910+00:00,2025-10-01 16:32:41.677806+00:00,87.524896,54540.0,A Route
20283,23,2025-10-01 16:38:07.360865+00:00,2025-10-01 16:38:16.400147+00:00,9.039282,54540.0,A Route
20283,17,2025-10-01 16:43:21.914689+00:00,2025-10-01 17:02:22.834310+00:00,1140.919621,54540.0,A Route
20283,18,2025-10-01 17:03:24.691354+00:00,2025-10-01 17:04:17.939111+00:00,53.247757,54540.0,A Route
20283,19,2025-10-01 17:05:45.618295+00:00,2025-10-01 17:07:05.785167+00:00,80.166872,54540.0,A Route
20283,20,2025-10-01 17:08:33.595569+00:00,2025-10-01 17:09:08.697053+00:00,35.101484,54540.0,A Route
20283,21,2025-10-01 17:10:27.447979+00:00,2025-10-01 17:10:36.712340+00:00,9.264361,54540.0,A Route
20283,16,2025-10-01 17:12:41.117148+00:00,2025-10-01 17:12:50.018247+00:00,8.901099,54540.0,A Route
20283,22,2025-10-01 17:18:06.699555+00:00,2025-10-01 17:18:15.501292+00:00,8.801737,54540.0,A Route
20283,3,2025-10-01 17:23:14.707975+00:00,2025-10-01 17:24:07.270253+00:00,52.562278,54540.0,A Route
20283,1,2025-10-01 17:26:18.726467+00:00,2025-10-01 17:28:03.914064+00:00,105.187597,54540.0,A Route
20283,2,2025-10-01 17:30:51.215694+00:00,2025-10-01 17:31:43.795031+00:00,52.579337,54540.0,A Route
20283,23,2025-10-01 17:37:32.693622+00:00,2025-10-01 17:37:41.538272+00:00,8.84465,54540.0,A Route
20283,17,2025-10-01 17:43:14.793707+00:00,2025-10-01 17:46:10.242968+00:00,175.449261,54540.0,A Route
20283,18,2025-10-01 17:47:03.550990+00:00,2025-10-01 17:48:04.911082+00:00,61.360092,54540.0,A Route
20283,19,2025-10-01 17:49:41.359269+00:00,2025-10-01 17:50:34.286456+00:00,52.927187,54540.0,A Route
20283,20,2025-10-01 17:51:52.076647+00:00,2025-10-01 17:52:43.957603+00:00,51.880956,54540.0,A Route
20283,21,2025-10-01 17:54:03.507281+00:00,2025-10-01 17:54:46.969400+00:00,43.462119,54540.0,A Route
20283,16,2025-10-01 17:57:24.626958+00:00,2025-10-01 17:57:33.523243+00:00,8.896285,54540.0,A Route
20283,22,2025-10-01 18:01:30.814007+00:00,2025-10-01 18:01:39.801911+00:00,8.987904,54540.0,A Route
20283,3,2025-10-01 18:05:33.513061+00:00,2025-10-01 18:06:54.039664+00:00,80.526603,54540.0,A Route
20283,1,2025-10-01 18:09:15.751511+00:00,2025-10-01 18:17:14.179528+00:00,478.428017,54540.0,A Route
20283,2,2025-10-01 18:18:42.459764+00:00,2025-10-01 18:19:35.166774+00:00,52.70701,54540.0,A Route
20283,23,2025-10-01 18:24:24.957425+00:00,2025-10-01 18:24:33.824922+00:00,8.867497,54540.0,A Route
20283,17,2025-10-01 18:29:24.278348+00:00,2025-10-01 18:30:16.773214+00:00,52.494866,54540.0,A Route
20283,18,2025-10-01 18:31:53.768508+00:00,2025-10-01 18:32:55.150636+00:00,61.382128,54540.0,A Route
20283,19,2025-10-01 18:34:32.333463+00:00,2025-10-01 18:35:51.381366+00:00,79.047903,54540.0,A Route
20283,20,2025-10-01 18:36:53.013903+00:00,2025-10-01 18:37:37.397004+00:00,44.383101,54540.0,A Route
20283,21,2025-10-01 18:38:56.767282+00:00,2025-10-01 18:39:32.145158+00:00,35.377876,54540.0,A Route
20283,16,2025-10-01 18:42:02.537587+00:00,2025-10-01 18:42:11.467390+00:00,8.929803,54540.0,A Route
20283,22,2025-10-01 18:45:42.991291+00:00,2025-10-01 18:45:51.842515+00:00,8.851224,54540.0,A Route
20283,3,2025-10-01 18:49:31.841402+00:00,2025-10-01 18:52:36.877791+00:00,185.036389,54540.0,A Route
20283,1,2025-10-01 18:54:48.798874+00:00,2025-10-01 18:55:50.393743+00:00,61.594869,54540.0,A Route
20283,2,2025-10-01 18:57:18.614089+00:00,2025-10-01 18:57:53.861706+00:00,35.247617,54540.0,A Route
20283,23,2025-10-01 19:02:54.528300+00:00,2025-10-01 19:03:03.552518+00:00,9.024218,54540.0,A Route
20283,17,2025-10-01 19:08:38.962978+00:00,2025-10-01 19:14:08.251055+00:00,329.288077,54540.0,A Route
20283,18,2025-10-01 19:15:01.345317+00:00,2025-10-01 19:15:37.215319+00:00,35.870002,54540.0,A Route
20283,19,2025-10-01 19:17:22.081616+00:00,2025-10-01 19:18:50.278879+00:00,88.197263,54540.0,A Route
20283,20,2025-10-01 19:20:26.579925+00:00,2025-10-01 19:21:01.670094+00:00,35.090169,54540.0,A Route
20283,21,2025-10-01 19:22:19.566058+00:00,2025-10-01 19:22:54.936743+00:00,35.370685,54540.0,A Route
20283,16,2025-10-01 19:24:57.103055+00:00,2025-10-01 19:25:06.197254+00:00,9.094199,54540.0,A Route
20283,22,2025-10-01 19:31:22.376949+00:00,2025-10-01 19:31:31.264010+00:00,8.887061,54540.0,A Route
20283,3,2025-10-01 19:38:59.898378+00:00,2025-10-01 19:40:10.873680+00:00,70.975302,54540.0,A Route
20283,1,2025-10-01 19:45:00.967762+00:00,2025-10-01 19:46:28.610136+00:00,87.642374,54540.0,A Route
20283,2,2025-10-01 19:48:56.728248+00:00,2025-10-01 19:49:40.911619+00:00,44.183371,54540.0,A Route
20283,23,2025-10-01 19:58:44.390783+00:00,2025-10-01 19:58:53.295902+00:00,8.905119,54540.0,A Route
20283,17,2025-10-01 20:07:42.377664+00:00,2025-10-01 20:08:27.414118+00:00,45.036454,54540.0,A Route
20283,18,2025-10-01 20:09:11.446743+00:00,2025-10-01 20:09:37.863095+00:00,26.416352,54540.0,A Route
20283,19,2025-10-01 20:10:49.909195+00:00,2025-10-01 20:11:25.616794+00:00,35.707599,54540.0,A Route
20283,20,2025-10-01 20:12:46.514593+00:00,2025-10-01 20:13:13.635738+00:00,27.121145,54540.0,A Route
20283,21,2025-10-01 20:14:24.858371+00:00,2025-10-01 20:14:51.276074+00:00,26.417703,54540.0,A Route
20283,16,2025-10-01 20:16:47.289344+00:00,2025-10-01 20:16:56.183192+00:00,8.893848,54540.0,A Route
20283,22,2025-10-01 20:21:14.712723+00:00,2025-10-01 20:21:23.642004+00:00,8.929281,54540.0,A Route
20283,3,2025-10-01 20:24:40.416477+00:00,2025-10-01 20:27:10.748012+00:00,150.331535,54540.0,A Route
20283,1,2025-10-01 20:29:13.629007+00:00,2025-10-01 20:30:06.307409+00:00,52.678402,54540.0,A Route
20283,2,2025-10-01 20:31:07.555058+00:00,2025-10-01 20:31:42.470181+00:00,34.915123,54540.0,A Route
20283,23,2025-10-01 20:39:52.111217+00:00,2025-10-01 20:40:01.102812+00:00,8.991595,54540.0,A Route
20283,17,2025-10-01 20:46:18.572912+00:00,2025-10-01 20:49:57.259228+00:00,218.686316,54540.0,A Route
20283,18,2025-10-01 20:50:49.685145+00:00,2025-10-01 20:50:58.627332+00:00,8.942187,54540.0,A Route
20283,19,2025-10-01 20:53:01.124532+00:00,2025-10-01 20:54:20.446627+00:00,79.322095,54540.0,A Route
20283,20,2025-10-01 20:58:15.245958+00:00,2025-10-01 20:58:41.576362+00:00,26.330404,54540.0,A Route
20283,21,2025-10-01 21:00:08.862031+00:00,2025-10-01 21:00:44.254893+00:00,35.392862,54540.0,A Route
20283,16,2025-10-01 21:03:20.780501+00:00,2025-10-01 21:03:29.707000+00:00,8.926499,54540.0,A Route
20283,22,2025-10-01 21:08:21.406484+00:00,2025-10-01 21:08:30.481727+00:00,9.075243,54540.0,A Route
20283,3,2025-10-01 21:21:44.479559+00:00,2025-10-01 21:23:12.605858+00:00,88.126299,54540.0,A Route
20283,1,2025-10-01 21:27:51.974080+00:00,2025-10-01 21:28:52.900129+00:00,60.926049,54540.0,A Route
20283,2,2025-10-01 21:32:23.235216+00:00,2025-10-01 21:32:40.807103+00:00,17.571887,54540.0,A Route
20283,23,2025-10-01 21:53:08.156965+00:00,2025-10-01 21:53:17.125457+00:00,8.968492,54540.0,A Route
20283,17,2025-10-01 21:57:48.556343+00:00,2025-10-01 22:04:14.410298+00:00,385.853955,54540.0,A Route
20283,18,2025-10-01 22:08:12.181183+00:00,2025-10-01 22:08:47.277768+00:00,35.096585,54540.0,A Route
20283,19,2025-10-01 22:10:16.308930+00:00,2025-10-01 22:11:00.788891+00:00,44.479961,54540.0,A Route
20283,20,2025-10-01 22:13:04.868074+00:00,2025-10-01 22:13:31.135373+00:00,26.267299,54540.0,A Route
20283,21,2025-10-01 22:14:58.493061+00:00,2025-10-01 22:15:51.445898+00:00,52.952837,54540.0,A Route
20283,16,2025-10-01 22:18:29.859539+00:00,2025-10-01 22:18:38.719213+00:00,8.859674,54540.0,A Route
20283,22,2025-10-01 22:22:45.209582+00:00,2025-10-01 22:22:54.259048+00:00,9.049466,54540.0,A Route
20283,3,2025-10-01 22:28:19.388077+00:00,2025-10-01 22:29:29.256736+00:00,69.868659,54540.0,A Route
20283,1,2025-10-01 22:32:43.338219+00:00,2025-10-01 22:33:53.719121+00:00,70.380902,54540.0,A Route
20283,2,2025-10-01 22:35:47.629445+00:00,2025-10-01 22:36:31.539352+00:00,43.909907,54540.0,A Route
20283,23,2025-10-01 22:43:24.108127+00:00,2025-10-01 22:43:32.981053+00:00,8.872926,54540.0,A Route
20283,17,2025-10-01 22:48:48.806305+00:00,2025-10-01 22:49:41.586940+00:00,52.780635,54540.0,A Route
20283,18,2025-10-01 22:51:01.276418+00:00,2025-10-01 22:51:36.072199+00:00,34.795781,54540.0,A Route
20283,19,2025-10-01 22:53:12.816702+00:00,2025-10-01 22:54:31.392343+00:00,78.575641,54540.0,A Route
20283,20,2025-10-01 22:55:41.740565+00:00,2025-10-01 22:56:17.213049+00:00,35.472484,54540.0,A Route
20283,21,2025-10-01 22:57:54.162446+00:00,2025-10-01 22:58:11.873911+00:00,17.711465,54540.0,A Route
20283,16,2025-10-01 23:02:00.543760+00:00,2025-10-01 23:02:09.423237+00:00,8.879477,54540.0,A Route
20283,22,2025-10-01 23:06:07.269761+00:00,2025-10-01 23:06:16.254291+00:00,8.98453,54540.0,A Route
20283,3,2025-10-01 23:11:59.845875+00:00,2025-10-01 23:13:36.293310+00:00,96.447435,54540.0,A Route
20283,1,2025-10-01 23:18:25.151945+00:00,2025-10-01 23:20:10.286837+00:00,105.134892,54540.0,A Route
20283,2,2025-10-01 23:23:23.780923+00:00,2025-10-01 23:23:41.389510+00:00,17.608587,54540.0,A Route
20283,23,2025-10-01 23:30:17.539975+00:00,2025-10-01 23:30:26.346677+00:00,8.806702,54540.0,A Route
20283,17,2025-10-01 23:36:37.711730+00:00,2025-10-01 23:37:30.199949+00:00,52.488219,54540.0,A Route
20283,18,2025-10-01 23:38:40.228338+00:00,2025-10-01 23:38:57.866607+00:00,17.638269,54540.0,A Route
20283,19,2025-10-01 23:41:00.320056+00:00,2025-10-01 23:42:55.566581+00:00,115.246525,54540.0,A Route
20283,20,2025-10-01 23:43:48.596069+00:00,2025-10-01 23:44:24.128629+00:00,35.53256,54540.0,A Route
20283,21,2025-10-01 23:45:52.831346+00:00,2025-10-01 23:46:45.723792+00:00,52.892446,54540.0,A Route
20283,16,2025-10-01 23:49:49.856093+00:00,2025-10-01 23:49:58.797950+00:00,8.941857,54540.0,A Route
20283,22,2025-10-01 23:53:38.870065+00:00,2025-10-01 23:53:47.644494+00:00,8.774429,54540.0,A Route
20283,3,2025-10-01 23:57:51.356124+00:00,2025-10-01 23:58:52.792515+00:00,61.436391,54540.0,A Route
20283,1,2025-10-02 00:00:38.286309+00:00,2025-10-02 00:01:56.859444+00:00,78.573135,54540.0,A Route
20283,2,2025-10-02 00:03:33.375439+00:00,2025-10-02 00:04:36.104554+00:00,62.729115,54540.0,A Route
20283,23,2025-10-02 00:09:42.768582+00:00,2025-10-02 00:09:51.631994+00:00,8.863412,54540.0,A Route
